MIME-Version: 1.0
Content-Type: multipart/mixed; boundary="===============2493484525366630322=="
Subject: Proposal: Test Proposal Email - TEST-26098
From: sales@micrm.com
To: greg.villegas@gmail.com
Date: Wed, 04 Mar 2026 05:46:07 +0000
Message-ID: <177260316765.25464.14855455352185518127@1.0.0.0.0.0.0.0.0.0.0.0.0.0.0.0.0.0.0.0.0.0.0.0.0.0.0.0.0.0.0.0.ip6.arpa>

--===============2493484525366630322==
Content-Type: text/plain; charset="utf-8"
Content-Transfer-Encoding: 7bit

Dear Greg Villegas,

Please find attached our proposal for Test Proposal Email.

Best regards,


--===============2493484525366630322==
Content-Type: application/pdf
Content-Transfer-Encoding: base64
Content-Disposition: attachment; filename="TEST-26098.pdf"
MIME-Version: 1.0

JVBERi0xLjQKJZOMi54gUmVwb3J0TGFiIEdlbmVyYXRlZCBQREYgZG9jdW1lbnQgKG9wZW5zb3Vy
Y2UpCjEgMCBvYmoKPDwKL0YxIDIgMCBSIC9GMiA3IDAgUgo+PgplbmRvYmoKMiAwIG9iago8PAov
QmFzZUZvbnQgL0hlbHZldGljYSAvRW5jb2RpbmcgL1dpbkFuc2lFbmNvZGluZyAvTmFtZSAvRjEg
L1N1YnR5cGUgL1R5cGUxIC9UeXBlIC9Gb250Cj4+CmVuZG9iagozIDAgb2JqCjw8Ci9CaXRzUGVy
Q29tcG9uZW50IDggL0NvbG9yU3BhY2UgL0RldmljZVJHQiAvRmlsdGVyIFsgL0FTQ0lJODVEZWNv
ZGUgL0ZsYXRlRGVjb2RlIF0gL0hlaWdodCAzMDIgL0xlbmd0aCAxMzk2MzUgL1NNYXNrIDQgMCBS
IAogIC9TdWJ0eXBlIC9JbWFnZSAvVHlwZSAvWE9iamVjdCAvV2lkdGggMjMxNgo+PgpzdHJlYW0K
R2IiLVYjP1hwZmokKkRAb3RLbnBwXFQrXktePUFSWWE1RlpdZ2w/S0cxcCEhZz1nLGc8Ym5iRVtG
PVBMXUQoYSZYV1pQLiNbbytJXXIvcm8rOjQta2lWVCxKMG5GaktfbW8xJEYqU3EhNFFrZGUiRUpD
T0Y4ak1jNW5GL2ImLVA5MSJAM1MlNW5GL2ImLVA5MSJAM1MlNW5GL2ImLVA5MSJAM1MlNW5GL2Im
LVA5MSJAM1MlNW5GL2ImLVA5MSJAM1MlNW5GL2ImLVA5MSJAM1MlNW5GL2ImLVA5MSJAM1MlNW5G
L2ImLVA5MSJAM1MlNW5GL2ImLVA5MSJAM1MlNW5GL2ImLVA5MSJAM1MlNW5GL2ImLVA5MSJAM1Ml
NW5GL2ImLVA5MSJAM1MlNW5GL2ImLVA5MSJAM1MlNW5GL2ImLVA5MSJAM1MlNW5GL2ImLVA5MSJA
M1MlNW5GL2ImLVA5MSJAM1MlNW5GL2ImLVA5MSJAM1MlNW5GL2ImLVA5MSJAM1MlNW5GL2ImLVA5
MSJAM1MlNW5GL2ImLVA5MSJAM1MlNW5GL2ImLVA5MSJAM1MlNW5GL2ImLVA5MSJAM1MlNW5GL2Im
LVA5MSJAM1MlNW5GL2ImLVA5MSJAM1MlNW5GL2ImLVA5MSJAM1MlNW5GL2ImLVA5MSJAM1MlNW5G
L2ImLVA5MSJAM1MlNW5GL2ImLVA5MSJAM1MlNW5GL2ImLVA5MSJAM1MlNW5GL2ImLVA5MSJAM1Ml
NW5GL2ImLVA5MSJAM1MlNW5GL2ImLVA5MSJAM1QwajxdYyQlPGw0XyEhInVgVV5SJj5LLF9eTy0v
bm4pQCpEOFVdOzVLLSE1SmwmYSorWkZdJCI+QSE8PCtTWk5gP2FsXTE+JSRPNlkzP29Xc19ANCph
UkJlMk9zYHNpIktgamRSWz45Njo6YTpULy5oI1JLVUAkaUooXGxXcS5RJGNBW151ciJtWTZiMS9A
KDd1J3E6V3Q6RigkKV8hPDwqWj81U1k6NiI/T1xGMl5oJS9CXGIuITYyTi5RPjdbOytKbyZvPm1M
RTEhNWs9ay9eMzQxYic+JGA9ImFPUkpEZ25XKSNzWEY6TFEoXCxgUXIkYz84bzU9VEFGPS1CZCFf
V006IiMhPDwqYjA0aERCUSlNZSkhKzolPTdnOHFuX2o0amxmZjk3PG0tKDRNISEiXG1gM0VSMj1g
MTFbISEhIWdNRzFJX0w/SHRKa2k4OTghIShoQDdnOHFuX2QiSUhGZTZGL0VWK2ZiISEhaUdpaS9B
PytEJ04tTVo8X1csPT0oUkY6Z0FKISEhRi9rZjxgKEAvKWhLX04mKnAqLkQ5MiEhIiE2Q3AobCov
OmteInBdMT9wNV08SShLYHRgVT4vJG9pZDc2SichISdTczdnOHFuLEpuRj1xWjt1TW43L2QpISYs
QmgyJlI/M2FUKTtAN1o6ZjpXIihbJiEhIUVsa2Y8YCg/cGs5cVl0aV8tZEFZLmUhNUwuV2piYUcw
ITw8K1knXWMwOCZfRl5JbiowPU9UYD4mbWYkS05bITVKa1xkWS9AWmpHQCNRYW9ERlcyM0IySGk1
MCIpISEiNnBQVigqZSRWTzxbITxCbmhLOHA/PyEoTiVVKVhBKi4nPnFicmFUKTxrUC9uOCxFUkk4
VSEuXjFzYXFlVHBMI2xTNjdhdHJLISYvNV4sNklwciZMPD1UTUtFOXRAO202OTwjLEg2TDVAMWEh
JTIlVCEhIWliWkltJC9ZJ1pxPU8sKmk7ISpHbT0hcyFrNi0tU0tAbGw5YXEhISJeMlVNO1BYLG0r
LEkoYnNJa19BXi05QywsYmgoXzRvVCE8Qm8rJ01gLy9CQ05pNT5hUHAiITZkOzw5OT1hQFA1dFhg
TiJAdWg7JTpqaGlRIkBmISEoQi4hPEJuQEZjPT4jVTJzZ0FQNXRYYGI7R21RUloqNzghISRFZi1w
VUsyISEnbjozXGdbOChxR1s9WVYuXitFSzM0OiROTDFFNXMzPWpNTl1YbyEhJXJoQmwlMmk3b1tc
J08/PD0mLWlhNytBYSUyOCErODJWOGByTDotM0Y1SlpUK3MzRjhTPGchISEjX1YqXz4zSzs0S2Yh
V14jPEw1bFpCIShPUGBGQTw1WGYtVVMiISIpSzQjUU9pWTtGb0tYRlJzPVM3X1dOMVVROk49ITVS
Nj9OWFBtZjdeT2lmLnRZYyVqaGQkZG8jNlZRMEZJalxfYSxKPitAL14rISEiXGM4RDFpZ1tda19S
ZEQ1S3VwZ0kmIyEjVUA4T1Q+SHQta0pbU1NZZ0hfUG1kV20vLnUoZS47Q1U8IS5ZWSpQOmBscVxp
NzNIaVMlZkIhLSJMJiw2SXByZDM0K101ImsnInIyOy5IISI5TnQvOmteInBdMT9wNVZIXVNLYmxK
LyRpZzoxNCo1ITUhJi8uVWNyZkhjUmddOHNiaTJhLThYTjNWISEiXW5BOTEtVEdvZV50QUgyXkwq
TUZcWyEuYEpYLXUoTDshNFg1RWpkTS1zJGlnOThLVE5LbnEmRTZAY2JuX145KiMkI2xwKyZGISEm
ZTwjb0BiIUtCTV8rWk4ndFoqNW8wZyxyay01ISEnZiorQ3RyMGZZVHQ4VzBabi8kXjFTa18iRTg9
JGlnOHNSO2YvUWonNiFdaVoqQVMoJyI+aEsqN0xAS1Qyc0EhISEhRDZRMDAyYC0kIT9vSEAtNSEj
UXMtT1Q+SHRrW1VVNkBXOT1VISEiXUc/alMpPGohIkknXmRvVThXNichZTEmcTprSEtgRU0hKz5G
KjFZNjA4YlZiZ0BkMEY3YSErN2NXNnFtamMhJi1gQUM5aGxfSFRjKyEhISFqRmtmPGAoQCdrZmFa
LUxfLFFxW2JiISg3Z00yMk5XQFUqXXNCISNRazdmdG81MSNBMC8jITVPW183ZzhxblVLQWUkST8p
U2ZSaChLPnI5dTY7ISciI2xcTClDbSZPLTZxITlnNyFOaThFMGlVRmFfISEiXjFUZCdYPkpDLHMz
YF1oYCwzVy1aRCEhIUU0bkxXOiYySk91SSEuXjF0SERNc1A0OEs0NCEhJXNZa2Y8YCg/dXVkT1om
WkBrMiZTIz8ib25ZLmsqZXVcYFlmUW4hISNJbSQhV2U7JlJFNmsoQkZNREJWNlJQIS5bcU1VRihu
MWlTJWZCISs7dE9FNy4vVCEuWVkqUHE9UUZMaF1lTiE8Qm5INVh1IlkhK1dyZShcUyJaJWk2UHAh
ISIyRFpjTjFJIShJNUM+RjxcTygzLzByOzNNIlxeZ0tOIiJvblg1Nm9eMEtfTSpVdS9jbCJRNiUw
ZSFaMz0uVUEsbFQwLEN1KDI5T2VIZzNNSF5KKyVjXDpKNUhMaykjc1lxJlJqZ2psa0ghMGo2LVRP
ISEiXUgsZElQTjdqJUAqISElUStPSUIyPTQ7b29DJGlnODMlbHVIRyEjVExzZCgoaz4+YVBwIiEq
blFfUmBuZFNfSkN0LSEuXjFUaCw5RnNxTEMkcSEvcWlbYUA7W1ItVXVhNV0ob18pI00tbyo6czw5
MGlsbE4+Vj8tYCs6RCNHVz1aU0tyTTQraFEhMnU+O00nWy05Jk8tNnEhOWFrQD5GPFlJPFVpMGkw
cS9STyEhV05kWkppY2o4WDNYWCUtaD09W2JWK0lxYjkxL0ZscUJBWmQyPTc3NldbZUFgZkUmMVg4
W2NJUUQjbldTZjUnLTs2SloyclUuTi8iRlNmTi8iVkghMi1BYClYQUFxbGdQIl8hISJcbTpjMCtD
OUVrSXMwUVE1cDcrRkMxXFlCXDkhV14iYUo8IkhVMEszLm45XHJXSnBRUFNCVmFJPU1uOll0IjEr
JzNlajtDPWNldTNAP1AoKmRUV3MvO0VUaTNpdTEsO006cj82MHVrMG9Oa09qUEBUcjpZLCxRMnB0
aiZPcDdORigoXFJuL1FtYignIj5oJCZQRGZwQWs2bzVWR15RMi1ETi5Pb1lRdUo+IjIsJWA0WEg4
OmVnXE9LJWRFNF0pIigwOGR1VE1FaCkkbWNANWU+OTFcSzFHYlE7TkVOTVVRIVxMQEdMPU9uZVks
Slk+SUwsazJYP2FCJW9ucUNkJCtQMlsnUzdtOyUwVEUtWD9pVCE6dCQ0QTxvTEdrXyI8YSEhKEBi
V0dHdWE3b1tQJ0NpbzxjPDwqIjlkRW4iOShuR2EnLVNUSCpeJXEtMjAyJVRKPiRFWGVeOHJlOjo+
PD4mVkJAWyVMK0lyPlFAJiwnZiIvRyFHJUJ0cFI4aXRjYEYiJVdadVBdWiNwSjc5WTJldC4hNVBn
WWdrQzAtXyVTcCxeYW9IYyRqUihpSlY8LU5fU1VSNyE8PCtTNCI0QyRgWUs+WUNHTFllP05nRltP
VUUxdF9gMEZzImV0ZD1mMl9iRVwjLTdEQTI4Omw+LiYiZ1NzcW4jQiM1QVtmUythImReMlhwOlsp
KGVxVVVkM01SKEVsPkFOT1dTTjwmLGU7YjNWJy0pTXJfJUZRS2x1NSE1U0E/NiYzOywjRiM7QSFP
QnJodCNsa2lEQiFycj4tNyRha2YqPm5oV04rRXUrLmFLPyluIVYlOEdQb0hjOSxfIzpiJnFXQW9r
TTYiUkBCNzJqPTpvP2FvcFEyNU5pRlMhJF9QKzE8ND9HN2E1OkZybkFPS2BeWjA+QlgwK29vR1VI
T2s/aXUjakQ7TVdmUV9dRjx0S2xVSUVlJUJRVkY+cFMkNjRwOXI1RkNsPyhnUHBTITxZQ1ZvOVRu
WkAiSW0hXlNhVixzczAzJiIlPm9MZTg7XiQiUTIkdG8rSlMvO2FuQmVXIzBkb2BOaCc/JjlnQUg7
ZD0zIlZRbFA9YUgrYVQpPEtsc1tIJEU4QGo1L1phRW1oOFhwU1FnYF5uM0g6TFBjP0syQD50Wktp
VU9oX2BwQnRdaFsnZlJmczBkPVBLNiM1LTE9I3E8Y2JuXnM/MyglNlFwWEFlPyglVUNTYVsqNDNW
WldqWG8yMEZiKiVvJGYwJ3NzVVFiP1s2WjhoQnBbWlhbbW1DU2hnSForT05wLCNeZE48cyExTmg3
XDNYOF83KV5FNVFyL3UhNGUmZ1wjLEpbaC5WVD1CZ1YrUTVMY1ZbZDxZXTI5KmhlPWRBUz10IjYo
ZCpRcVJmcmVCaUlJck0wVWlJTiE2LGt0R1pOXExlXVAzcVE9RUVTU1pfXFBuJDZRTFBJZzYnXjI2
IytBSTlwIi1ZaExfZ0s3ZyQzVHNuTVhBW29hVG9uWGFfak0+QiEyKWpHYUtEIzpFVidPPlMrc0ci
PEZPaicuVExdWzxVblx1N180STxjKEkpcFQ1ZU1AYmBKYSFSPmYtT2wsWkMoM2FHKyNdT14/Z2E1
Ij9xRGwsT0JzMWhJKzNqTlw9Zi1xRGRvYWklOWtnZXRqPy1mMmhLQmsyRztOcCg4TVo8YW1FZkho
aFxxbGRgISEoJClqST4/Wk8pRDpRTFRYQkMuYy5CdWw4JS5tUCJBcigiY0hEME8kbSlnSS5SNFdh
WzlbXWZLdD84STBCViRpPSRhW29hdU02bypPOlxSSlU7ZWpsSUhTcVgzJ2dRQVtVTDpIXD09czFR
aFZbVURwaUUmb0I6cnEuVWpAO3NCcVBMOCNmOy1FRCk3cVxeQ2tWUj5pN05eclY5SUgjX0xoIUwn
X1EtJWI8LzNKP2VcP2tZJzlYbmZnb2JhMCwnN0A3cj5nI2hUNDtoW2RSPS05TGMqZHBhWGkiXCYs
SDssISpnbSYyaS8zW0krTkV0MixlKmZrbkRnSmJpL08nOytmbTFZSUlrYGxFJjVyW1wmIktiWmM5
JFxpS11QLmZdUFhCQltGPktAJColVl4+LmdyOkk+SDNyQSlBbHEjKTtKIjwmbF5KZUVccGtKPE9C
P1ZOKylWZnFHLFBwUWJsTDtrJk1qSUFLYWAtK1VkRUJ0I1s0LkAkUyQnaVI5Ul5adWFhZyN0clkm
JyU6TlgqVm1iWHF0RnN0Y3AvdSdXbjdsczFNVDRkWlEqLjszMSEhJWBbI3FlbVUhISRMM2I+JSE/
L2A0N25xTitRcTxkKl5ANCVEVi1gbSVrOUxbcllMbF0jaV1qYGVdQUFhJTI4ITIqdWdhRy0hOjFY
KFxxMSpFT2RZSjhna2xDUFU7QHA8MSZjSjknUDYuZ0Zub2NYOzZJbEFdbWhKMUYlIy5ra2UpTTsn
cCp0bz0kRXFMJTlabyxubTJdKVZJKkxVMCQpTEw1bSw7Lz1rZFldK0ZjYV5tdTJwKkcwYk5SI1Qo
Y15acE5haEtlRVJJOFUhLC8hIUw3L08qJSFjcSw5UyZHZUM1bVVxSyNcbzQ+WWpTKSEhJEQjNjpX
cVUvN207YFdPIjRKNEtbM2w/YUhcb1ZraDtnRnNoRF9YNGViNlNCR24qczIlUHEpcTdYLDo1aDU+
Nlhpc2NkTTpfXzo4YTZiN0wpIXEpMyRNVDNcamhuM1xoTmZfVGFzayJVPDpNLVhARnVFNV4kUVlx
cGFCPUNPPiNJOTdoZylPPDtOMGw8JFJCY0xrPl1yMlhhQT0qI2VJWllAIkdeXD4xQTlIQ25tKzZd
XVoiKltCM1dMIzFpW2xOYEEzJ1ZoK0gtcGEybFsuKWlDUmI9J1RPVHRDSTJZJk45aERpRW9vIiE9
ZzEjOHJtST1pJGFaX1NjTEBIai5lJlVnKFIqO0NrZldzNmFJc2dcIS5aZDEqU0QiLz5YW3JWXVl0
XSksN1E0VmY7dG9FSEA+JSU1PnApOl06ITdvY0plZV5NblMwPXFXTzs0L11AInJXN1Q0VS0jbV9o
JCJyZCpQRHFibjdnQD1laUFCKmwoSl89XlZOU3BnaDolXm1iMic5XmtQYm5tUGUyQy5GU19MZVNw
TiNAUVFZaWo/WkJsLF0oSiZvJSE6LDNnJVRGK10oYSY1ZVRYUHNiYCpFYjdjM1BWRzJfKWc/Vkdu
ZzpGKT5gTWVsOXU9LToxVnFCNStMcWlaVDBgYzlkWzNQVVZrOFlZK1xvTXJBX3FqWTk6SUBvUl9c
MiFUYDQtUDtvMztnIUMhIjlxVS86ZHA1IlVwY19pQDVfa090bTMvK1lzSm9JXD8mbDRaMlxYPmxX
IjlvI1RpY2Q6LjZdNm1HRSs5O0xqXyJRZW1TTklOJVFyVldfPShMQVFJbmxZPj5RKVBzN00pMHBl
ZWFRQjxKMEJOKSUpdDlAVmkzM2xaLm9QOixHTjEkVVteSFdYOSJBT1tZTzI6cGNTXjVnN11gMSws
KyUlYzpqXi1xU1EsKmslaTljXTUwNjpsUGlgbmZSP2ZgQV5fI0gxVygqY2JsJzFRPSZmXUEpOmk8
X2M6PmsxW1BsP3QwaGc6NyhiRm1sITtbdDJgXUVBJE0uKnUlZjUkUilxMiU5S0M0PyhgPj8wNEQ/
U0ZhSSdiczBMVDFlXEdPKVxjJ1ZUdTQ/by5OZzVES0I3Rl5kbWdjYWohbmBCLjJkUSlCdDMtXltv
ME1xQV81XGY8bSVAZSUjYy9oaCNdLD5LYjRlWl9HO1w8R0dfNWxZamVUcWZaMl1nJFY8YWI7Rkxt
PG5ZJF5rLy0tP11SaT1dLjRwYVMzTEAoJCdAay5eUGFfWWw3MDc4NyshLSpvTiwkRCczI05DLVEw
bTQwczMnayowc1N0YEgrSm5rTDhIOy1GMGVgQTFbNFFaVVFOMkRdUEtFbiRqS1g3UyRCQk9UTWk2
VjFwaVI1V1sxUj1uV09kSElRcj40Kk47LjNNJV5oJikkJzxeMi4mOUhkWklcWConODdISV1eSFJH
JUFpXnMiOXFxTWlRJDBCWVlKKnBRUG5YPG8vIy9DPkRAYyVLMTtINmN0XCdQQiJab25yVDg2cEg1
Q2NEYVhPcD5JVW0lbUtYR0koPF0rWzE7OU9YJiY+LHVOYmcrc2hXVCg6ZGw3MD5YKlRjJjJtaj9G
JztTMUY0PlVKQms3XUctVms0PGI+a1pXIjddZ2snOSFFKUw5X2c/VlNYWnREbjtVMFFoaWZhTWQj
ZUEkPEIsdFxRSGtLI1NoMTg0VCw4K2o1OFExWjBCcVM6XXBtcTkraV0/ZlNbMVNMUW9KM2NHKWJi
V0FWM0lJY0glSmFESTpoRk87Sm5qcUw0OSwzIWwyVVYkQz5tczdkcSk7QjIjYURmST00RTZbNjM5
XW1gc1M1VCVVPThpLV9maHUuPV5dIUQhPmE+aiJDYUg6ZztBOWVrLVMuMipTTSt0cFZ1KTZLXlwz
c1M4Xl5YREI1REZdbEVKIyUrT29dZDhuRGRYOGBOJS8iYUFnQTM8cyc6WWIwU0whNWpCYEtucTch
ayliKGgwJjwvM1s5anBsRm4vV1FPLiw5KVw4XDonNiUqI19TKWhHJWhmcCVXU0RXXkdmXiRUc0ll
cEhhY0I6WW9fIz9Wc0M9ODNCT1gyK1g6czNmRyVSM0psJVJWOUc+a2IqV21WUmw9MjNxPjk/V0ZL
ZHIrT1FdR0tcY2g8TFknZGo7L2BYInUnNGxQcy46LXE2YDBDcmZhOWBCYicjbiEyQz5rWjldOWJT
ZloyPFZzaTxuO0gpJmZHPENXMmVxL3JJNCJCZ2hGSj9iJEVBJGVVWEQ8VmZraEAmVCFDcyVhKDQ/
JkUwbUBRK0VIKmg/bWA4cSVQYUlgRlAvZ2VqTkQ/MCszQlEiXHMzTF1saCJRPU0uSllfWzEpT1c/
QnJqLEJaUjAyUSc+LFxsSiwpZltJWHJ0K0QxRklSSCVlPk84YXVBMUVGcExtU2wsKz5jUk9jTlNY
KUovT2ZiVDNsIiFuPUhBNEkqWmdrdVVyNVlGJW9GQSs+SSRnO0hOPk1FTzVJc1JRUE07XjBPRFU7
XDJCNGZNXj9XLWQ9LSUtJ1FxWmtgT2o5SihxPS8rX2JZNTxaSUdTbnEzPVYqQFpnUV8kSCI2cCU8
P2MwNWtWX1dMQE44OD1TNCsxaSVrKzNJb2VRPzldTkkmVG9kdEliW0dVdE5KKjRDImNUaXFzJ20l
THRURWVAMj9MRk8mZUhhdUdxITRRQE8kOmBrWzVOYS1SRFFFLF0kW15BL0FsczhnJU83cDVRPUtD
bUZbdXQrKD8rJjpjOkw7akJLIT85Qzo/Z1BEdWJqbldnMVkkYkYkQHAsXUxqKytHbDRbQlJsL2ZA
XWJQLixSdGNtXGE8MEhjcj1aQ10/RU1vImNcSlwpI01oKUlnb0dHQFtdWSpccGJxJWUuTkc0c2Q+
cV4ndWlrWUJuN1diQmgmKzdsLlFbWyFyIj5JKThqKUEsbnQoKlNJKG4pYyllX3FMZyVVWmhMWUo+
Kytgb2RacmNiKl05IyZDOGZMIW9fYG50QldcPFNpJSZQLFUrJWJBSEtnXGlnQi9cU1EmXE8oXjsh
QiZIImZAM000MXA7cjdtImhhaE5qWkcxcyVBSTRtIlRGIlg0NEs0LSpjYGVsVilBRSlxKlEsTjJc
ZFY2JjpRYFdxY0kqMk1kMDNzdFszJTlrPFViMm0hbjxENGNTJG1RZWc2LiFzZ1FOcDZkVDxONDo3
V0NZbj9jbnJhOUhWPVA1S3NTLU07YFRlLS9KWF1gVl9qRiVKLDY1QDNDcVNOYHMkWCE+KUdSQ2Fs
cEI3ZSMzYDwzbjAnWlk1Z0BMOGlqNTJaYWIqUXEvTGovKVguUGpSKkw1QmBkJ0c0PUQ5KS1ePCZs
J1hDTklbW2xeIl1gUU42NV1jRiw/PHNebkFnJU8kS1lpX2FlM0hKUzJkKEdHWFgrPmUnQDhLP1RV
JC8+Ny91cUBjKWIhZ2pHPV00TCota0dublptOkROWzg2Ol0kMFVeRmFBbVg3b3NRcGI5TmFIbCRC
ZiRvMElJQihaN21kYk5fWk1HWW1jKDs8c01vTW1lZTFeO1NBTzdLWGlZQzEnQGpeSU9NK288azFc
ay5YQTBvTzUzKEAlM1o/NylxLSlDX0EhTmYuXDF1N2FHZVdFIyZsYSQ+WzQtNWh1UlRfb1I2OVxm
YjNcbDQvS29UdCczRSQrN3E3LWxLOjdnYkxmZVxTKEQwNlloLEMuLy9MIiVoUV5VaiM2IiszLHJH
OChwX1oicmVsaWxqZWgyRUZyJDE3YnMjQ0p1X0VkWmlIQWtBJj41Mj8ydVUtVmw4QDFOWjYoTlox
IzcobCIoIWZdVkpSbFo8LG1hY0YhI0ljNWRzOCxwVkRKMWdiNEkjSmA+XWhyOC5VMlA0W0h1ZS1p
cExuc0g5c2c7WE4jM29oRUhUUENQOnEpayU7PixmMzVwaU87cUU4W2BPUWFvYFxYQi5GUkomT1cq
QShLJ0FLKjInI2xRcFBiYDw/Sy9uNj8xWmYmMEBpRzY1O105KU9NSVgxaG0vSGZESj01TGlFbUZU
WkZeS1hVO0guLFJsXEZtW1JwSV5LUzMxKkpuRGkkV0JbZ1BtY2pBNjJNL25vYURDSS4lR2htJXNh
aV43M1MpdDtKZWEkTSxtbylfR0k/TyZ1NEVJW2NMIUo+TlElcEkrUW5XKzBRUkB0UD5ncD1lWDVB
QmBUTjVGVVIsJVZgOE1hNyhVOTkuQ2QjZ25qM09wLVctMHBHPmxScWUjVy1bTXJVWGU2VShiWEJR
P0BKR1ssI0ZKXzYwUUFpYFxxcExLLkUqOGFGIWc/aE9lQUFVdWdVVGU9RjRtRC9IOiRvISZSLHFZ
N01dYigzPVltPDhzai9fKkEuTzhKXU5nRzpzcD1wNSE/Y0s6SUJzJEwiU2IjKzR1P0E6VDNkV1tw
KmVDPlFbKSU4JTk+aERwR2xaLit0U2soblA/SC5rLGUhSTZaKz5RTFlLWlZfKzEnVHNMaTBjPzlJ
ZXA/TSIhPXUnZXRhbScpKShRYz5YPT07N2h1WGtfIyRRPFQmXnVATkQjRWhxJEZiSztzLGYuXkxe
LCg9KjJWKEVxO1wrYlRkM14hb0guTmBna2chWDdPb3RUIiJSKUcuNj1qMi5vNFxMRUM5OjBlOGpX
UlorVC1KTlptbEZscFQzcStLaDNgc2dTXShONU1aZT08KDZcYzpial4qZSc5KU5SUGxrWzoiRjxW
WD9zZ0BDLF0oQ2FrSTk/ZnUhVlleTi08XycjWThMKEUsbUI5JmE/Li9zc2srbkY0Q0VMQDM5LFhu
c14tVC82STs8WTptYXJAbjc6amM3N0hANTpXP1tUZEYmTF0uPmBQYmNVXHMsLWpGLzk7VnRWJTFj
QFRocmFdY0ZWKCoyJ0ZLb1FSci1oPj9jRTs1YFhHM0khT05BRUFcXzJWWDI+YT9yKmRqOkNJYEdt
OidLP1BRRipBLEtsJl0mVWpNbjc5TTU8Q10tcT5GaVNCclMobzRUJms8P1xmKVJOPDgmaT9LJWY7
MV9nYyVBa2NLblpFOio/cGVnPDZSWzM1cy5HSyM4bmpSZlFfL09JU2BrSzdIJUlIXydXVSNaTTxk
altxLTZvUT8wa2wwZkJjLiovRnNNPi1gUio4WlBHVl5ianVbLVpIckVyNl5kbWdYLGArOTdeQVFw
RE0qO1NeYFxYUlpPWmk5RjNcPmImQSNjPygnZCVmU1NNYFhPTTpwXHAnW3NVKCNOKGg7N0I7VEpy
UzI9akMlWzghWkwzLFBmLTpBYWw1cyFzYz9nSjdcMFgjPzc0UF5sQW5LVkJuUSFUR0FNTUldTE1u
PXFLXDBPbjhQaG0sL1pLclJNWGppUFBzbFo1ZGNrN0lVVExKcmZfXFJYRHQoUipEPy5LOUBJRDNv
Km5ZI1BPX000aSVYamBXMFBTbHBaO2ZTPS84Pl9YWj0jYTdnIlttJW1EdSpLKiU+JEAvTSx0PUMr
WTQwbTwzJCJrZkNhdEZDWyksRTg+KFZbbWxDNnFIMlpDKmhVcyZqSEMpMllnRWghZmpHKyxrN1lU
RydIWytWWGY4O29ZQjtuOksmIjtVKk1cdUxEJnI2P1g4KVk+ZzY4RWYqQmRfPWpqTCthWj1IT0Jj
KSUjJDMpcjdRaDpaaixPaU0zUURyLiRYLVZsXD4tKWFJL05FLWpbMWhhOTVfaUxDXDRJcXIkTDhl
XS4qTSIzdHFxQCFBVD9CRmY5JUpuKkwqczlEKTouXDUyZVFQWU1na2pXcTFSX2lLRjxSOGFiSzVu
LyFIUz4zKFlRWm1KbFklW10rTj9fYU5BZzBpI3JXSCZHV04uPidLb24nZS4xVkNicGdJQnVSdVZn
bUI4IzchR2NeOFwpTmEiQi0/aDdYV0ooKmolZDJdIS88RSVUZDpbMDlAcE5iKUleUj1kMytWMV9P
Kyo9OUpza145cFhqYjtwYmdbOXE6Y1omWHBKY2Q8bC0zR2JyTDIuLkJaWTk8J1ZQb2pfcllYb2o5
VUBFQTxgTjNCR1dqazE4NCk+dEh1QiMjb2wvL05dUjppaEQrRTBXXiVCdG9sMkg9ZU9dZnBSMVxT
Ty1dQE9YSG1RN19uclRNPFJiRztGdGBFW1YlMlZDPlYxPGV1IlEtYlgmIlBHXSE6clg3XGxcdWw1
XEYoJycrUVxiZDolcGxKSVdEPzRhMFZlZFtrJChlLV9FKkNuWERJYFRkKEtyOjVnRT5jTTdXOlJP
Ykg4b05FVjw5MkZFV2Vdck9bKE5xJzJGRGZbQm81Yl8+VDxtSVVnJTNQOT44MkdNZzVKMUEwOmIo
Om0vRjElRidhMkxDPm1UXjFbIUtJZ29mPm1KKi9EQFxSaTJAWXBWKCVxYlFPU2c1XjBbTk8lV2lP
J2tsM2tSYyV0NydMbkovSC49blNrVF5QPHJkRHRkb2BNUTM3MStGUmtYWXBJUjNYXl9iPCpzUm5Q
XypgZzJwUlFYMzhRJVojKzo4UzYxYDMuPTFxPTBJckAjIVImXGwiK25LOHRFOy45LlwrOD9LYlxt
bHM9MUNiSjQ8LUdILygxXWFyNHVHMFkqSmk1UDRUZyRANHUnR01KOFJeVTRiWS9SJ11XKT9PYipk
SmFzYUZIZWZUJWB0Y15JQ3E9VmRIZUZWcEF0Vz1jODpLJm0sMz9SZ2UjVWdePEl1NV5FPnFUQUMo
Z0RSPlxaKCFqWF5tTjclTCR0LDwwJDcmQV8uOTEpJVVzQGI1MDFSdVE0IzQqSlpJcmQrYUxcMCJd
UFxOKUpyV09JKDhlRWxBUitzNltSZWYsTmY8L0thOnBIZCI+W1wtcSo7cWU7YDlNbE5mTT89cyMu
SVgpSk5GcS9qL18jNSdPVmRjVU5ZKWtGbFFPKS1fPy4tdS1NQmE/MFA+bzlVb2cvPFk5U0JWNSwo
ckJwOk1dOlxaRl06KHRePC4iT0I+QykkdFxBVjNFOj9ZSEVEUnQlRTldMW5qSVlhWEEpXGV1KTMx
XVEuPVJ0OFlJNixLRGFfN2RQMnRaSTxIMW5HUmpOSiVHYVo4dV9WcEhCUkQpbWEpTEdRRnAvKFJa
aSpqbXIwV01RST1DPTA+OnM2a3NARFZjRDNfYCdXPW9xJVIsVVwpLz9GOihJV0daQk86Yzsnaldw
al49RUhwPk02M0FcUkMocklGQi9dKUhCOjBvPTRTLzxTO0RDPyIoMTh0WTpqZkkzNVpOITJbWlsy
cVVBRGA7Wjk1XVQtb2FvVF8kIW1XbSlgQU4iSV9MJ1FeNERAIz5DNigvNFRAYjVfSVtfN3BHZjww
Rmh1TGhdZTlsZjpAMTktRm5gSE0wRTlcLSo/IltNRS5yIiE8dTE1VjxXKFlPcmldZiIkaSxpSVI1
L2gpJDhSRSs3Zz9ZZ18hOignLGBGJElWQkMqKS5iVHFUVUs2LVFAcGpxVGYkXmtwNG88W19yTWIn
Wk5udT5mMEdMPD5EUTkxJWQ9czcnRG5dSFNxVjFoVGhOXUdbVjlcYmZGbEQ8MU9kU0Z0M0krWmlQ
PDFHM3MpSCQ3UWE1ZCw4YGI8UW1KKUYxLD4wY0NBPTc3QjNRay5iKFNeLm03bixdMm1dWDslVCZx
dWdCbiNlRGVZQ2wwKldcN25nI3QtdDNca15sNyIxJFhvMlQhOVVGJSgiSGIvNkVlS1tsMkI/Wl4h
SS8/YURPTjRlYkooKjNhVzFWX2k1KlRXY2ExIVNdMC1lZXNwJ0kiJTUpUGE5UmJyRXVIZ0NtL0gx
ZGg+Xy9kYUhsaTJUNmpKVWAwUi5mbGxuajswc09eUDkkVXUmZykqU0plKjdsQ1hDUkB1UmdgMmRo
Li5AIz0tVSFrblZrLl5YZCJBZFtcJmEzMilOMkxsOiVEbSJbS2ZMcmE9MDBlbjNHO25YKF5gSmhG
TV1DWmVELD8mZ3JfQlVMVFkzQSdCQVMzYGw2aUtZISw+MTBxYzdrM0g+IWI8LmZxZiFXXjZRMEgp
SSlgXUQ8JE1ITjtGVEo2MHJpdS02J2RcOlpjayZURGJrNnE7T14qYmohZ1lSVC1HJVMzIjRVYEFo
bHFLKycoOC1FXDpcU0BeMEFZUjlGXWRCMVM5aiVyUi4za24yTWMnYDQhV1A1aXMrLWowKUIvcllt
XFRpSkwuMTdha2FXIVQ1LzhrW0k8LTgzamY7YisqYFMiISQpc0w3TT1ITWxLQ1U0aSlscltuJS50
OmRlRGspcWEyMCI+W2woX1MqXzpPI0NtQ11iJkMmZ3FAbWwlV2lga2JyZmlJPi5VJ1RAcVByQEhD
LGc/SEE8ISJuZSNWQVJjXyswP1FFVT5dTy42QnNtOzBuK0ZfJC9ZL14uYjg8cjMkbUQmc1NQWmch
JDgzY1VbJEA3K24mbEgsVDtoZEZyRVVWblNFYUxMWVlULTJcOEQ+TjckVUlvK0dCTTwwS0tzQGRV
bz8mJENUXXJhZzpAXjBkN29SVz1WVSpPQjJEbmJcV2htXGVmVm1MJ1pKN1p0KU4kLDJMV24sWHJJ
SVBsZiJTUCxGaiZyVGI8LGhIcnNeISpcPiNrdDJYIlVaWGYoJ0ROKC1fYls8aT9vamxAJChoTj0z
SlkxMG9cRmxfSUg3bEc9WzJxKmU2cUlSQTxDMHQ/M2o6WjFkSyxZP1kwWVsuR0ZBPSlfJkYmSXQt
OT1jdWpVJmgtXU09QSpeOzknJGFCUCgnQSRXZDtML29XX15MLkBqW15uKVhGLEslaSpIZ3M1Ll8o
QUlsQjtWMWszaCRjOU1IaTFpQCFxR01bay9UMSwoXVstQ1ZqSDI/ODlGOylPYUxxXmU5Z14yRVAk
KHFiKlVHPl5bc1AoLTplSyZiXCJAYkhASTltcElZYUtVTU0nP1NNZE5nXSltMGdYbUxlIU9yO0px
bjlqKWpdXC4mQj5ILDJiOUk+OCwnTFs3UjFubykzWmA9NDt1NmxfOzNfS2RVJXRNU0VMYiduKlop
X0EnZ2U0Z2xbXyMnZXN1TlRzOCp1PVZnKC5ZbVgoV2JIJ1pjUmtrPkFOTlFuJ0QtbVpAOVpGUipy
QDMtR0dYaFNNRzc1RVg1LyxUQC0kPlA5RC9kKm5EYlJWYm9RWkVKW2okJU9DNGxEcys2JEQqYVho
dVdmLVZII1VlRicoY19MLHAtZWJaST03PWNZRmg3RVZybD5BNWRJJDJNSEgkWGk/JEtHdWJsOyFq
PFo5L0AvN1dgZ0skTGhjTl9NdGlVWD9UIkE4Z2skTkhEVTdkYixDcWdWKy1ARFAqRVpYN2ZXW0Np
P1xgYklJJkNHOz9RMkJKcygrby47KXNMb2RjQj8uQF1FbTxZaTRJPC9pWFBEaiM1aC9bOjA8LTYv
WmhJSkNsczcxTStkLkVSKmNdaGtoT1wqUiFNWEdzYi9XazJiaFVYKSpnW1ZBcGhSMUlbWHM2Um81
UE1MdCFaUT1MMlk9OiJqKlNvTi1iJypJUyNQTGFqZTojRTxqJyorM2ZCUSgmKy40VihgYVdiRG00
UUJlJkp1cVkyZWA/QGhfUjsybVMuTmcpRmlPSCwrMyVISGs9JmRsNSY8VkVBNiFGXShfYVgpYz1e
W2VNLTZZST5mJ2FfL28+PmMzJGEnYCMwOXE3IT9gMGszJFlsS1dOVDA1MUNePjhxUkhJJlVpWSgy
P0YkOEVUJVpwQ0MtRj9ETFxQWCppJytubUNiUUpPO3BjRS8vP0srMTZAaGBRMlA7SUEmMWpsQzN0
PF80YGVsJ2kzLSEwUEJPSVRJSj0wVCQySFFHcDw0P2s7MmtHUi8iSU9BKyYzRVZLJT1IakYjMWhW
YG0vXWZbZVYuLUAlc1hIZ1o4LD9YdHNvSDAiIUxKXVhCJmM/ZUc3YHEwJ1k7UClOaUhMZCM2IzFu
MV5ZXTI5QyIrdUxyczczSHFEbHE3KzhtTURDXl0vQV1fdFElaF5iPz9sQSJSOSNgLk5BXF1LN2su
KGcyKD09OGcqPlBva0JpPTRLZzVBdXJUInJgLVBAX3IvTig2dEZzQEs1WnNDZ0RUVkM6V20nbzFd
LSM2XSxkKk9NZytwO0lIXVlUNlhPcklAMzlxclxHYltRVElKQUZzIjRQVGoxKXNqXFZocm9xbG1d
JWdFNiVJY1xoSjNQZFkqa1hPVTk2MG5aKTQobT1wOztqSGckPDtCdCtMXGc0dW8hZE4iPWhpWThq
b0xpVFZpSF9YTyowRiJkOSRccDYqYkU6bEJJXilvK3UkbVxLdSVNZF4wbTUsbmhVTyQ5W0E0Z2ZQ
SyxrTkAoUGEiO2lpOSchVDM9UT43WmtKXkM+alwiQCFgZj1eJFAhIi06Q0taaC5HXjc8QTdGTCtu
TSpgazEoIWBtRTJhaDIlbmRIXV1jUCZxSy1EbytWUElZJ00yPTE1ZS5GVmxWcWI5Y0JdI0BqQV4r
TFlOT1VeSGItZWNOUXAjX0xJRVJfWjssaz1CXFkkRkwuR2YzTWFJQCIwK0c2NT1dOEtyKEVkLGFp
UG88VDJhYj9EODhBKnVbaCstUEUtaVleaFY1bFUvb0lZXktnMkUkXWQzNk5tYF9VU0VocyhLTyFl
IT88LSg3MkNvUGRabURPY1FuXWprQjg0RCsxOzBaQVIiLz02Z1NuUEw4JTdbdUpybjFvW0ZJLl1d
TydhaUoiP1pCaXBaQz1Ray5BRjhMZzpuMExGXV9QRjo7X3RTLSw+LlA5YUldZG5IY0NbKFI6YGNB
QWtlYmFtUEQtMnJLLDFyYmpaIl5TaF0sK0IkZG5hSlRwdUg5TDY3LjsiZ0V1XFZrQEk/LmBxTkRU
UzxZMzhIZlAzW0FVTlxoanFJWjtuR249Jy4rSXJPOVw9J2ZjWWZQTzZbJVM9SWFyWV5hSjlZJ108
LFI1c2wqZyJAVytfTkwwQlxoOj0mIlc5UFxIWGNsbmpIOEBiLj5QS2UubG9SO2gnXTAiQChwbiZB
UEpSZW0yPSotLHMtRDdLJDluUFdCPzVXbHMhUTtsdExPQ0czZjhjOjpnMCZhJDlSPiZYJSgsKFRs
Rl9UKGo8WiRSVic3RzUtbWxmaVdEWjE5SkdUWksxUFdkTzA0IlFgNyMpQGtebHJuNEYmMmhQQEok
bWA8aGkhXDpdRFVbTj1xVk80Yl5xYk8wNGxAY2FHazJyT2YqYyxyXDM7aCxVJSJfQCpPWmc4KD1B
c1JXYkVbVTo5aGhYaWdXM0ZnQz8/KyxjdWQ9QUQ8W0kzW1JbQjhJY11NPE5ibVorXG9VYSIkZz09
WmQ/NCtiaUAiK3EvNmdxclNVOiQ2LUJraWJvclc4YipWLCVjalx0PWooK2BOXFI3NGlCTUUtU3BT
JGs1aXJnKjhtcyhXZD4yYStPNTNxWGRHUFJTSGpaQFNhcU1vXFRHXD46VzVZPjs/Qkw2YFY+VVE4
PzthSzU3Zi1VcChSMDchMkhRQzhfXz5YPl9HJ1AsPWsrK0s9LyNlRzFpLVtaIUZLZ2pTXVphPl5P
KTouYiEkXHNfPmdNR3ExKFdnL19iMSJjSlhYdVNmNkRtZUdKKllCS2BTQGM9WkBNVlBrQFZ1PnEh
QVRdWF9ocSJIMG51Vj1VXzM0Ijk+c2tXIWJcZXBSVGU2PmtqcTIoJTZRQXJDM2c5ZyFRXC9DYyVJ
RTVFUChqOywkPEMpJDdkIURTMkg/cTdAYFVlTWlTWkc5LUNfYWYpbXBXVWM2P2U8bydeZkojJSFk
XFU8Im1ybFNTSzsmOWBCXjVONz8pbipLby9NOzZjOWksKysqNktxRj87ZmpBQWJFXy5SM2JcUUwh
K0FMZ0o8ZEI8NTc6Y0hJTCRxWU10OF80WGpYMDdOWSpiVyxIQXBjY1BjMXQzUDZmXERLNVlrVFhc
LUtYLSk9NHQjJlFUaz08cm0sInFONDwiN2VcaWFeTnVrTSVxTz5XVTAsLzlVUFc8cXJQLyY8blI7
JyxaTWRzOzAvbSkkSmtTIlxYcC9eUDplKmJvUDktL089RjY7NycoLCkpcFBJZT5oNW1mUGVXZGFv
Pm0nIjFHPXU9QENXcS4jRkllb28zYDwvTz41KlMnPzVwQWZhU3Q8VzBiMDFnTjo/OHBdOlJ0TClo
Wk10OTU/JUlMVmkndDc5akUnZVo6I11ILmg9ZEBvQzQyPmdSbGQrbGVbbGEuSWVzKHEyVVRaYm5L
b0lTNC0pT3A6WUVmSztpXjpOcjJRPEx0KDFPV2xfaTw+VEs0MCJISTk2XiRFaDVoR3EsTEgwW2FH
VEEqU11CbGkhbWtxVWNQOWY7WyhhWzMydEwhLD8zNF48LWZRMjJTTzwxWjRLOFBJUFg4UT1sSWFG
Oig2cTZmNDsrM1MhITZMIzNxZj5oVDo8KShBJTdsSWVQN3A1ZFhiJyo2VUlkYSZrYyZXWEJnSkdP
azlDWUIxT0g1PS80QzdVIlBHTz1YLnQpZWxsJyIyJVtsbVp1RjgqWko1QURWcW0qZGhuWGpgZi4/
MVpIVlYsLUcrSGc3JElEKihDX2ZPIi40O2UuSSslbU9DNXE2QXE3W01FZStcRU5vZDdJLkVmSS9F
bFJEaCJGV1AmV25BU3UxImdqWCtPR0VZYmo/N2lqI2xqUFFgUVEpRG5hcnFCZCpgWTx1KlwsMWBy
YydnSmlFcGomKWQxYylsQStHR05qUTxjO2FKcj11OEc8UyUvNDdaKEgjU3J1cjI7WVpXXyxoSS0k
PkE9SWREPUxROkZsLTRya3I5UGZDbU5JVltja2hlUS09WHRINGk7KCNTM1dhWlhfcD0rUWUlR0NO
SFxQJm0wY0oyRUJDailpKlwsLExkUTAwZkJoJ0JCUjdAZlU9Oi5gLENOR09HJCtqa1RSTkFTJyVw
Vi4oJ10mLlEnPy03KzxmdCowdTYxVDs5S1olRHFFOD0iSzY7XC5tbylcWG5RMj1wU0tuViU7U0tM
IXBFVnBPKF9qOmpdUHFjXT5cKS9OUl8zKT9TTCRbXE5ILFF0Mk9pTTdQcUNbOWpnKFxGM146PnEk
OmBcNmYpbSkzKmI5aUU4MWQjdVhGQ1wyOGNydFEnLURSOipgRTAiQUcrJWZFKkJMTDNtQ1YodWhp
Wi9pViM7W2JbTmZRYmg3Rl5LZmRKVC80IzJ1TSsrSTU1Py4tZS4+XklIX000MGM7MiZZY1k8S0Q4
bTdaXCdYNUldTkg+IjhJLkBsITlWJDhvJCQrYG1DIXImOF8uaURFWyI7c3VxWV1RQy0kNUldbjM7
VVE5JmVraEUkW2E5Jiw5QnVHNF4tVSFjKzRCPGdRcypaR1MjXT9YZSdDbkM3UlRhKUAtR1o5LXU7
JEVSKltZVGA8NGhLYF1oKVk8Sk1TVDVDPENncnVHYDg+M0xyQEI7V20kcXNlPWItJEBBLVM2K1ZD
a1B0TEFjJEdvdDdwT11vYj8makpkQHFnMDFNWT1DOi9mJTluc1FNXiw9XDZsbEg+WDw8OyxwZVZh
QDclW182S1trWTk+L2xRMGt1TlUqc2ZWKkZwKUM+cE0ubDQkMyw5QDtFdWY2UTFlZCUzMStXKWwl
MENObWs1RjgyY1VXb04wOkdqJXJQR04iJWs8SVhfImpnRWhRRiVUYmIyOjY+T24pbSZAM2pPVlI1
MVY2S3AuKHVUSWFWPkBrWSNbN0RFPikhJCdULShwb0VRZVgqakBcQyomZCFiS146dDRFRUgiMiZa
JkJObVJhL1dhb2dRaSQ/TTEtKW1Ta2g/RFlYOzFDRk5xZjBoSSkpVFUpSWVqM2cpMEJNKTQjLy1J
VCZaLCNFRGw+PCM5JipnZmNaVmdtTzlKV0hzRzNua0hhNSU5UV1rX1FVYHIwOV8rVS8iMF0oMz0q
TTVZQ0pmKiVwKVNpMnBQTzY7bF5sdGQqMXBWZSQzSnM+KGM/O1FgPUhqTiJwRHVRNC0vOTViR2dv
KjRBa3Q5a3A3OS0uPz5PWHFiRmRLN15aRm5xXUVmTzVGPVdLPW9xSmpjL2A+MmVUTSJiO25EWEFd
L1MrcjJBWS9hNSFlKnUnbUI7W0pfQ08zOlM5JFxgVTQjU15dMkVFXS5oN3Fpa3NoVVZhTCtLYj9o
RV9DQicyRC5CLEp1bEhAblVVLl1GPlBJa1gyUCklcFBHKGdZYzxLZF83VzYqJGhRQ0YtK1FASHE8
YyVTVFRiY0xgc211YGI8Si5sLVJqLWFvQVxTc1kwOSw4cSZxVXQiaVhJXk1iRzEwVyI7WitsZCZu
ZVlrUjpAOnRCLStVOUgpOVJwaiZuQU1RVCtwQkRkLllnYFYyU2xGbk4/PkJiSU89YGonUkgvVCVt
WTY+NGc1YWJzSk9pKzEkRVtXPHMzRFcwQ15DKlldNTdVbyhhaClAUHBtPmxPXGpJNyJKXTpbXFwz
Vl8pI1pvJ1s+XkA2MDNdNzM9QC0/OCNaaDcjXEBPUEpTNk4oMTMjVj1dVGIpPyhkXENHUEtsMWcq
cTZkSFpPMz9ka08zP2knUEBaST9tRjtBWGY0V3M8YykyS3VCQWE2a2UxITl0OFYlK2VIO1RBa2lr
KGMzL3MiblhRcXJaMWByRGowIXUtVkEqY2JiL1lkaHU5OnQvJChjbC0kU24lXihtOnA+LXVVI1pn
I1BpWkhzZ0BWQl5GczgqXkhKYVIlLnI2VXMlXE4uSSM1OmZGRURvJydxXSpPTHFYOm9xPUMyKFpX
NDBEQEBGUkIqbVJuSThOOUhVYD8tSmlsPXVPJD1yXiReUGRPT2hPIidoY3IrNGswTGcxXDNjcGhb
OGhHSVg/OjBicTxESGtRXXFfS2YpP1YjXSgyazdDaFFmOmZTdG8tOm5UJFBUWzkwQlZoNjw0Siwr
NVo6Nz5USilPISpDJyNBYlk8JnNwUzU7dTBCNSwjNk0yLEArbytaZiVPXS9zPCwvRyg6UFBDWGxH
P1tRR2BcdTFmRGInczxWXDxlOltNNlcobmpOYnRnM3A2RW0tJlBCY3BMNjBwUE46Kz1OWEZSWmBq
bz1wZnBOX28mYGdWJDdhJmMvU1tRKiZvR1IyIWdXNFtdXjxgTVFhOS4nZlpUREhHbWNtbTxoMSdS
TzJoTzRETE87TzZuJTJgNHEvMXBJMSErSmpYTlFuKyMlOmYnaDA7Kk9UUiI2PEhoQkcnR0tgLTdr
P0prYGZqckpoM1l0IVFGQW9KNUlRa29HJF04VjtjREldTSplKW9kOV5bM1hRYmVUJG91TVZ0QjEo
YDdFcT9IT1AjIXRVTSghYWA6VWFnaEdSPDVYViRDPUQ4a0E1al9kWygyRG5ENEUqYS4qIzZvS1Nh
VCFARGZnIkNGVzhNZHUyRkUmcCopJmxZLHBkaixlUSNVJVBlV0o4M2FWMVFkNVBLYi0qN29zY2FG
MV00ZHMwa09uXDE/IVMyc19yISNAclBPWUwvJWZXSisqXk9paztiUSVAXFVmLW1iZjE5MWVFVlU6
JmRYbkM4RjUzay9ScztCN2lsKSMybygjUSFcKWNaJG0ra2FOREklPG82dVUoKEMsR1RqSVtyOT1A
M1g9SmM4MWV1WTRnS0xXSUlfVmVXKFkrcCVsP2Q9XS0rTDswX1IuYW1CYltwdTY7Y1g5RDdjaiNb
M1NlbitGbG5HO1VmOSpxMSZnSi4/Oj9HdGkvNFVVVihUW2hubSRyXkE3bCFtTi1PKXFSMk5cLGhC
UThyX2VvdWpPUm9DST0+WzNUVk4nYzE1KjRfT2NSLF85VSNBczVmKmU5WXFtXSdxS1ctV19ANjlz
N0hZI0UyN3A9MW1NTjwmXkdAYz5eakY5Pjg2PUdrN10xVWgjXD5ULmZtWFVMKWlKUnA1SVFqKFRd
JVpJMGN1OlpabF8vNy1gbmErJyoyLVk/Ims4YG8pOlE3cXEpOj04biU0cWZHUkdlKTtjWz9kKkAv
bVYyQidzUiMzXXBPQy5PYWtAQTA2T2lNUmxWXyduQGY/cC51MSFjRGU+NyZnN3ReS2xNWWUuckwl
b3A7V1lVcDJCQTJBVnMnYEZXbkApMU5GUGVjWCdeMzAxTSJMai5qKTx1R207PiIrNmNhLm9kTmph
bkNVWyZuUS5jV1FYQT9FZz4nTzhtQ1VlMCFcPWlnLkBocT08UVMvKTZPMlxrV3BaQUYxQkpuI1FU
IjEjJTQuWGo+SUNwKDZCJy8wZDUzZltwOD8wVy1YZVBsN3UhJDRMO14lV2FOMEYzW15PQFtlJW80
O3BrXW9oTENUNzJnJCVedEg9aTVQVzsrTzZkOWVkSzNoR0ImNCMwbTtoZUFuWClvalpQYTBFXGox
QERRWVBPKiUpP2IjTV5caiNUWGpzQC1QKlBxME1bOj1kRVhKSDBPYnJ0b0VvM1U5PmdXLG1aaTgr
N1tHOidrcEk2WTNKbDshazRxK25TSj5QI1UvOCt0aGk0NU4odCpTTC9CMTZFW09tSEQtVlRKK1pT
JThjN19jO0YwTD0sMlAnaVV0SC88K2I8YFI2J3MvSXIkSG9LZkxrMzMuZG1OXlRxInA/bW4pLmpp
UDwiOi8rZFFjKldrJ1wjS2NCWFZZIlEoOF5ERTJONVg8NkYvXCVAaktZWEErJ2ZNMilTRlApT3A8
Z2FZbHVfSkYxSCI6UERLRXI7NUJTMU1SWmgpM1YrX0xZZGlJQ11sZz80U2NqZ0FeU1wmU1hWZTJX
MTFpWDAwKGEzMzNLMDJWRjMoQSZcV1NSbCZdVGs+ZHFPZk5cJF0nLU5lc3AoK2I8UUFiR2wwJFI5
bjZJQ19HbC5MVmBGO1VkLWttPSJ0a0UjL0lRbjw9PD1RVyYrdE1QdTUlY1YwZ1ZfSmBtLz9lIW1A
cV1VUD00P249OG9XamBtciJLJkNZQGgtYEIkKmZRPSJjKzFFSF1AV2xhQl1xMyhgOjwodC4pSiRz
bk90RHQ6Z3FhVi0iREByZjYvUyFtPSxWZFw2WzEyS2lSI2VATSUwcDtaamo1Iy1lMG5RPDFuakwp
S0RdXjZqbFIkNGVmLShMXD5XbjVPXT1WbmphTDZmQEhoYiYsQUw5WGVlTk08KDZKb2hPUFM9cyRt
UiFPIV5dXC9lJjlWTicvOk5JUEAtLGtMWyJTW3NydUpCaUhGXl1eX2lONkRjJj8uPTRWTTRuVidA
TVZnbFo8b2IqbChxQk1NN2ZkampGUEBDYVFeLUV0J1RUcV9CMTYwP0QlMj1Hc2REZVNAVGBwOE0+
MD5ALUxsSyUyTEN0Qk06Ry1aPSJqYD5kLj5uOCVwTlUjMCtscyFOMj4+Rko5QUtRZThcLlpRNVtA
XEhwZlA7PW46N1RPM1o8VE1QOixZKC9pKiE7XEcnVl5QbFtzI2VPIyQ5LmlJKTRgUDhCYHFzI0VJ
Sy9rZS9dODgsWis3NFQ7VjNTYS48OyghYFg0U0RfXWhtOTVbPk5ZTXAoPk8wV0dvOD9EPmwybTk4
XzlpJVZBPSsoUmNhJXFvPD4xcVlKUFk8LydnWVA+MidTSClIPyJtaD4+WDUhckhxRjFAbT8nWD04
M285MWw7YylVaz9bPTIiO0NbMS1EclAuTC5nQi5nLl9uSkBEWmxMTyMyUlpCWT01KiJKIU5pXXQv
by9zPS1GXyRpYD0qKSJLay5AI3BWamFZVUYlNnVdRFg+PmRUdEBcbWpQJWcmbGBoXDBbXClrbElJ
TmY5XSI0cThRcVpTVUgtPWM4YkIvJ2Q/aktZYV4xSCZDbClKUEgjZS9tV1BzNG8rUGZAa0A7Wklm
MyshIkxIU1c8J1tfPGY2QGUjXFMlP2krKWRfbCJfMCspIjAhRiJOQ3JVVGwlIldSWmFvJDpEZV8r
JilPNCosNnJAZSNmTjZCJD4wOjVMVjM2LlV0NnU5P04yS2cjWF8zMSRkVlckLCE2UVM5WTpILDxv
OiFoNEpCLjtZNWVDakYvOUNUUDk5VDFETmkjLmppVCojPl82JW9FX1tIbEIsTXNCMCZMLysxcT5O
RyhTTCJPUipONkppbiEtcCVeNXQ4JFotOG10a1FtN0U+bG01Li1cSjFUQkw3SyVtS01lb1FzYXJp
ME40SCxyW3VBPzFeXiUmRTwzRztuXVFuIjwvTj1jdD4+UW8qIk8lVVJpPDo+XFFeVm9cJkM5bWU6
cklmR1ZSRWchJlRIIjwrTzsuJyInbHMnJkwiU3EtM2UzI01YP1k8WkE/RjpeJV1EJ0pILVctM1Va
UmpTQ3JlRFBnLDkqO24yYGVxN0VIY2k8YyFQWWUqMj84MXEhJHJoXUU6ND5hVTVgLy5JUEsuKVdH
Ul5lXm1jIlYhY2tNYzUnTHUoMUg2Lk5YQHF1VDcoJidnZ1tzOUQ6RjoyRXUsayVYdT1MWnJEKlYj
PThtUEtEdFNJMlR0Ll90ZG1IVi8qaGJPQVhMRWI+UzhlTFMzVmEsXjkvTDNrUjRmTmNfdSxgMi8i
RmApSDJXYEJVYS9yS0VUS0U/MC5eNyRJR1hsLTBpKEZOYz9dQV0uUEcuNzwwW0YucWtsZlklYjco
ODNbXGRyWmZFUSYqYDNgNypeO2Y1M102JCFHUHRLI0ssYSYpM1tYRF0uZUpWWj83amJRPUZCW0lW
RVhKMjhhXjJnPkVTKm9FQS5ASTJyOWRzVWxtZ2xQYHNqZDlCN1AuRihDR3VsTD07JWtQKFA+JWpE
ck5kJGkwQEJDa0pzPWByb1FYNz9ZYEEpZ0lyNT5BVFIzaD8pLmM3XHRrJFskLzRcUjRJNXJCW1I4
JCJtTVVJX29nQztmcDxIU29kaCdrREdnNUBOKWpfckwxbyElR1NkZktGPFE9Vj9eWF9TbzJhO2t1
cEQpV3JCV00jNSNRRlFAIUk0aC4kRSlsMU8rIShrW1I7LEUmPTw7TEpUckc8WEwscE4pQDtgNzNM
PXFuXCUqO2w3VUdacW4kblhzNTFbRS9oISVTXixPOlJsKCc+Pks2JSpZdVc1RSdmMC5VKTtNPSgk
Z1lTJ0ZzKEVGLE1RL29nI3FWS2tFJSchNEFWP1JxWScnMU4zNkF1QlBLJFNyY0dIJFlMb11DUD5r
NiNBVFErYl5LPlhYXVcnKVIsS1ZVbjxBMiQ6bklMTHNAT0FYMigjSDoiM0ElciU+PihcXjgxPD9l
RSJaTy1xYFswKi0nMTFhMyU+PWdGNEY5dElaI08vZ1xUPUdTPU5sdUhaKENrWlxQTWE7TUg8SixL
ZFhbPGRFYVxQQCEuYUB1bCI7J3BrPCZsQWNSTTdvKzNCUiJBOXJUN1ZEMjpvQyptY1ZZbjQia2Yk
WlhEKWJRZCNqXywqTi1Kb2Y3KjZJR24rMDomcWBLNlE5aG9PWypJLWssaWI5MlJpZzI1XjRrKDRC
LC5PdTM7SCRpYSdzM1IxMU50WD83KzhfMiE+a3NtPz5YckVjVD9xZm9tY1JsYVw1YjAuXlltW151
PURIRigyL11nQytoWkNcTWlAZW0xaVdDXjtGW2tyPS9xT2A1ZTxgSkFHJENkPEQpZzZMODByV1Rt
W2FXVSE7TWVuQTJmNGg9QjtiQyEsOXUpM05bVERNPi1dTTslOjhrSS8qWGRhU0wrWitOUV9nIUVU
dHEqM1w7bUVIbUhzUCFtXCkyQWwwVCVJMmZPPkFRR3VLLU0iK1ZTXE04XEgiP1pPZjM4LSE1XXBW
MElcLHNMMTA+UWI+KzBjakJLX0QtTC0wUzRmQTo2JVdIaSUvPkRsLldEUyc0Tipyal9rbTw8KSxb
OW47a2R1Zm5zQUMiRjUzJCJFIkAraHUkZylALyQyVD0+JGZRLTJWbVE3XVhnNCdVZUZDWmwvbENK
Ny5PYzohS1lwMiVTUGhQLkZSbS9yVUZZbylUam5rWlxyWlUrKjRIMyRjQzxMKyhkZTsuUVJwJyEh
cnFOWlwvJWFqKVdELGxQMlRbYU9aI2w3V2Y1cDY1Y2A8XG9YKlM2MUVxdWg6TXB1bkQmZnEpRVJJ
Y24rRC9GYWJLQFc5ZWV0ImRzTW41UUNGMiU+OV9fJUsjLCRWNDtdOzBrI05edG1PT206b0dhZENU
OV06TEJTLShkLnNgcU5CVD5INkFpXCtSQSpbIiYmJ28mVmdRW0ouZkhtQiUvc1lMJD5sMypFZlMw
JFYqNC9gNlEjTWBkanUrL09tUWV0ImUmclZhTFVEblhiRXMkbGdLMz88NzNTYUNPbFA1PkQ1PTU5
XCtKIlluWVQ9JTFNbGNya2FTaVBGITpLWzRkVDwhMig7OVdCOm9oXzJsXXBcb2QnO1YjMTw7Iz10
UUIpUGpzJCFNR0ZbZC9eNlovdCcybHUsZlFgP3NUOyhQbG9wQyteR0M1dGhLSTl0Q2I4I2EyMnF0
W1ouMGNfVz1dXE0pOGNjZkcpbj9Wblk0bSJvUzo6J3RjW05uR2JHcyJjOEZtSkxHV3FZal01Sjtq
Kz01Lm1KPTVKdS8wKG9mOloybSI2X3RgOkU+RXAob11ta0hHV05BbT5FKzouaGZdYmVeTE1xMl9x
IlBNbjtKRWdgbUZoKlkvKFhYUWtzVUZnM2g7bkxUXTVdMVhqN0dsZUVdY0FxX0BfVChbRUJIXFMz
Vi9HaCZwcmlhVjVfOTxDJy9rQFZzSEI2NWEwNj5wbHNxPEZHLUwhO05faGtbRWhpMWonbCJtdWxY
a0tsSFBDanRYQzU/TFlhVUlcJT1eJj82OkYpbUY2ZUVLUVI5IyhESm8iP0BcWGBIO1xGdW0+IlRW
Nkd0aEw4T0FybzZSTUBIJSNibz4+b1Y6L1IycEs7VzZEXCQrZiM1RHAjIlEqZmY3RSFEWXQ0JTxe
Sy9SIkhlbkVtTSdJT1kzaVpaRUo5TEdPMzZTWyZwaFVqbUA6JW1NIz9wLm8/aDUkb0JKR0JVdEdD
QUBvJj1fJ3ReMz5GRSRaL25yXTNnaFBeWz1dJy1mQl5oSDNPP2VFXUdQcURFZlYtdSZoSitpWS9C
OSwvQkhqKksjVHUxRkImXiQ6WCgqbFJaXUw5O0hOOFdhQCttaSo0TldrQ1JJWy44QmlCYzQqJihe
OlNkLHUtJj9yTzBzdXVtTF9rOz5tUiJCTUZuOFZWLVBMblVgYzZfJiwrZnFFNz88J3MyVTxXPmEj
bC1AY0NmQWxAS25LSi5rI2lEOGMtN0wpTkA0RzdjMmpzLms+RFtjIyMkYEM5K0JrV24jb18+YUlZ
TjMvUWcxLj50aChhPyNDPmcxazs5MTxBUzw/WVpsPHBMYWxjPEU1QUxxZz0ia1dkakNUbiVxWmRS
cklXKiVrXydeKFU0PiM6OXNnJktnT1pcSV1NOyorY29LXiVCK2E7WzFyV2BZbkwncSsmcjozWUp1
bG9ZIlI+b3JkIWVpKSk6aDtCVUM0Py5iWEFgZjtXMz4yZFQzTkNBdD5OaiNNXG8tODBrbipOSm1Q
LUNeQXI8LlV1RzswdFs1MFc3ck0+TENdTGVYRmRULyVCXz0sK1szW21yXTh0JTVsZ1BgWT42PDRO
ZEViZHMlNSVXMyopJkksVT5pVGw4OFpRQldpPlJQbjY8UisrTGBnaVdOXnJwJG1oM3Ehc2pSRD5s
XU5kRVkzWnFjVCJHdFApODFcMC9RNzMsMTRHQzckVyFWbWM/R0hOL0Q1ck1xVzFfZV9mNUxuPzwl
T0UiPV0oR2YiLUJsXTQ4YVczKVdPIUxIU05rSj03amE5WjxxPTxGImgzO25HaXNNMj1JNmQ3RCs9
IzpsVTBaVDQjNW9jRi89cF5RK005MHJlZkhkXV1FcCQrKyRWJ29YTmNPckFBa1dXO2xDU2JpITNi
VWNiZS5IZXNwO2dbP2MtQ0wrdCFhZHQnQG9tQ2hIOiVfKHVsJydIYkRuVzJaWGpzbDlJPUxaOkNY
T1MoW2Q5KWtHQFVoSFFrOzBfbmFCO0xtME9pJ1U4JTdGWGcrRCZkPGBpcjRlaytVQVxGby07SmpE
MFFgU0EjKGkoRFc9RXVFN0RpLDA3STs2MypXQ1FXR2ZsajZdUltgIXNcUCQsM0Yjb1c9LyFPJD0/
O0w8YTBedClSYFM/VHRPLlBTMStgOitsKVpMLGcjYWcjNGc0LlptbiYtaSlAJDxXQ0VxTFNdP1hM
Nk9HPXFgTTppLXNwRzoxV2tZa2xuJkhFLzhpUlorPz9KLlQ9L2o2S28+N0tzXCkoMl9eUD4kZlZI
XTIyXjdLbWA+Xk5TU1xlbnQ5XEtodUA1b3FWcVUpPGQpcmw0MEVqTy1RIV5qQG4wIUc+aTBxNFIo
XiMpR3AvZzE3WjNPSWY2JyNVLEskcU5sZ0lRNismWVMnVHRFXyprQ3BAU0taZEdHXzZFMUZmS3Ns
UW9dQ2VwP0lnJkg3Q2hxZEQ9ZFdIMmk7dUVPIkJjSWNRTW06Y2ZtNmw5S0klMmBjVidiXTFuX0Qx
WitLXFhqbCp0ZEhCUmdUL0BKLVFGKkskLXVaYDBsK3RWXVAxNUxyUkctQE8jTik1UDpnKjRIN3RD
MFVGa1lrJ2FWdEIzUSpHMSw2JThXSmVgdChtOiV0ZmdBbUtQLSRyQ2c5X1dIJiwwSy4ocFk8PzEq
KTpXPyVzI21HY11NY2FpWmFsZEY+OzljcWssbkBkQUVVR2Q0JyQ0M0c0SFQuNHVeN1BOT1BtbWNj
cTZWUmwlOV9kb08vWTtfVCVMPyxfWnMwNm4pXDdIXVJsRlkkIUdYS1FQJm9TKFB1NipIdCwpa2Ip
LU4pLzk/OUFTcCM7IVBOVkJeclgkRiQnKnRjSE9gXGRrMlwnRFovXzdCSlNaakktW1RjIkluKE5q
QXNSTVVsQVJtW2ArYVwvTnJwJ0xIRCdBT2tmR25dMi4jV1FgTWpjRFVkbydTTkxjYDEvKmdKKnFF
Oy0oR1RpRDtPLjdOZHJAJGpMW1Q8SlQ1Wl4nalAwLFQiZlBbcClMTDRCUnVUJTE+M1dMXD1NRURL
Xl0mXCpgZ2ooTVJIOHVcPUI/Jy9GN1MxNlZxJDFXY19lQCZXaVBPQE9oJGpfKE04JDNZXTI7Q2I/
Kjk4OyIiUHIvTTYldDcnUUk5M0NtRjhkUlRwLyhLNzUoZWddWzpwVEtZPVxsZmlyaylNIWtvWGMx
U2syNHFkKUBdaCZIK2tbXzE3S2RFJUhjUE1OITtaPj01VE1UUlM6dHRaYkYxQiYsNCZyQiIoU1cp
NGJodGhCRl4rKSxqYUhUQ189ZTRgdDpAR0g+am1wOCVOSGk+a3VBVVUuIz0sS3JBQTolZEwqRkNh
ITEoalFGYVotVWsvRzBeSVE1U3NFRD5mRCUzPiRmIzNCW2ApTlA9a05qOEcmSCRWWTBaWFhkSUNu
R09xaFprQyRXYSIxYnVAT28pJlljKUI2MCQ0NzA1aEBoOitsdSVTVCleK1hrSTpzIjZETl9WPklq
aEdNZlwvc3JDTXRmY3E6aCxiOXByYmxyNjlIPkEyPEguXVxQbHAjaTA7SFxPaThXRVVnWF9AYEhl
OWhTbTsiMXJwW1RQOTM7KShOIlVoUyImJSZHOmMxJ0YpdVlScCJrKjc2J0lJOj1HYykmTSk4aEVW
ZjBQV0IvTjkmN1hKNFxkSDlWWW08bG8vUTBdRDBSRTh1UUM9NVd1RmU9KFpaPmloQlduIXFNKmld
Mjk+Pjg7NDYpaDZLUGFQNE5zOEpRTElyVUcvS25cY1s4RVdyOV5VTD5OVT9mLEckKU9dKjxsXiNz
cFYwZ1RhJ0V1NjxnSVJXPmxXbmVibydbXGBeW1FcP1pTaFNhWzZSZDMmKSdMKltNPV1XcD1bWz5q
O2ddanFaXiFKLEQ6O2ZRTCZKU1FSQlQtZUVoOk9lIilPQylfV3Q5ZmQ4ZGJgMHA0MVpnTkFzKz9s
UzdjJ2poUnAsQGpBOk9WWHJtXTZrPj85amhdIV9JWEQ5PE5pWyYlPTxsPjxyIi4qbkRUbmE4Y0A6
OjwwPjNwRUMhJiNkP0EwSFtxOlctU0RRSE9sRmNnOF8wWSpQOWU2LU01ZV1SMUNGPHErUiNDU2hS
Kik1SmJIO0InImA2VSglVytIOHJbNkFJdEcnaVZhXmJtSmJNMWFbRVM1ZlEmLkFUI14oUC06YTpc
QVdIXUBNLCovVF9rMkVrOXFRJ0hbJF8+bFpnXGBxZl1LMmNIQmtNa2Q7QEFOOCQrK21mXjZhcF5c
VFFtX0dsQCpSdUdnSzonXF0oRyU/U15yZ2JpaE0uQFU0aiZWPV9YTls+T1FiTVsybCM9VkhQQmVa
ckNTLnVRJ1xLTEZtT0cmUUV1JENzRkg4dThUJWxtQSxlKiZWZ05xRDQmUj4ocT01VUFGOzRfP1tE
O0BcK2RCZ0VeYVl0cShwP104W2pDN3AjQUMiRTZGWig+IypFJm1RcEZiPWxZZFVpcHIlLTtVV1JN
NnIsbkUzaGwyRy5HPDBALXEtZWJqXW8odSpiST1wUCdcX0pKXVdUZ1FrP19JOExPZFRRL2FHWiEs
OE9EOUlsVyVcQlpGImwiai9LMWZHKzNucEclQyokbEBcUWgwJUs3O0M7ITtBczNrbUhNY05CWz9C
Oi5BYnEpTkxIZlFiYVYqJmdaNDsjWT1MPz8tckVuXzowOl0jTDkwLS1KQlU0ZXBYMUUoYEA2Wyxm
VFRbQWpGJ0Q0VGlUJ1xdIiwxak5FREtpbDNXWkhVbyhFSSFgV0pzViU2WTMramFXOG0xZ1VRJ0hn
J0w2MWRGc18yb3JaR2JVQHVPSU5lcS51bm9FIStmQmMzKDFAR0FBXUhxa3E5KUdXcj4yP187am0n
N2IxWnBqVi85TDB1J1omNyZoS2xxSENRN3VyL0tdP2laZ1BvNVxSdCFobEtBUCRHTCdmQEBjdWE2
N1dXXUBGXyFSVylbYGE+UGVKXm9dRDlXZ0ZRLURsUyUlWE9oZ0YmKE9pYDZSQ0wyTUY6Z0ouUTtm
I09fcmplP0dRSSE8SGJaXENxcFhxbXBNVkRBODRqcDwxVVtDM2BBSXJdbFw4cGohWCQlME1CcUJt
VU5LOTBMQWFgQ3NdNnFuO0NlSTwiZ2k9QGVscGJXSkNAZTRzbHMpVyFWSSkoI2pYamhlL2FNQSNS
YT0zPkEtNnJLTEBMXS8/WVshXjRFMW5aYWxHbUdeNSpKSktRVD0jVSwrVD5iPnEmNFFNJixLTDUr
P2dHPmgkL1hZMVBNU3BubyQ0N0RRXCVDUldmL0g1TSNVRVpuZUY0NSJESXFJdWlMPWVLT3BCQCM2
WkJWOFlESTc+JllZTC1yLTgvbFRoVVltLXBWa0xaWG8vKFInN210MGhyaT9ORnVoQXNYI0QlOkgh
aFdkbmlKcF1wQSpENTpCYUlRaS85Ll8lL0tmdTJwXk9Acmw3LUxnSFhySF1eajBwQGlpP2NINjZg
RTpJb29SZHVTbkAjX1NLQGsxZlNrMSlLNVdNPCdFU0IkPDdvSGlELTs/dWovRiw0REpHLE9WYDMp
VShEV2dKazMkVDcvZlo1T2tcbnFtXUVlZywlJ1RiXlxjVFhgJzs9SUpoVEo4SiwhOUBfQ0VXW0My
NUdKaC8zKkM+bEluIXImSFZjX1FQaWxjciInbV40VEsnIXBqXVo0NWIkL2ZGQlRqO0kuRC9nUXAx
K3M4OmMtT2ZIQSVbLChzakdRY2c5S2JVZV86XV1JYV51TiRFNjJ0YUclOzEpXyhjSW1qJ01gR2hG
M24tJ3RIQCNqOWBSLUE2NHMwT2xuMUg1TGJOLS9gVSgvLGU4LCpJUkgvUihKYVtfUWlAQixNJmpk
JEZjZT5KUmxVNjBiZGxmSCZBXSlcTElZWj84KjRLSTF0RllrMmVLOlRkVTJkQUVLcVZvZ0BOWFdP
b3FtNnE/O15pbStyZXIyMFdTcisrP1E1PW5oSlc9UlcjdT1CIm5XVHFtNHM9Szw7ZkZ1RFZEUkNA
SUJXTEkkMDwobldrcTxgQDcvI29lVnFXblQ4PC01VjRPWWBIKVdzaipiJD1kbDtWNFc2KzdnQGNl
Z2w+KHBfVEEwK1A8KVFMUWReR2wyKUkvZm9RLGNlS0VNTSprLjRWZklRWDBiKSpGYlNMRT9zNDdI
WG5wRiolPCteU1YsPDtzYk8pVmlJamRcPjh0XEs7bFFjI24xXSZTTFw9QWAsbmBvU1dpKCNKISdZ
NmNIR08iQFBKTDw+XlpPYSYmXkdzP1djT0lnbmhLWWBUIiVZT2xxaVYza0JSclZJW0RzKVA3RjVt
Sy5ab2UlJG5rIUw8T2dDc0wvLXFdcCVWbzw2WW9NPCoyUGxLdGNJOVhNRSpvZGQzbFohRkotLVMm
Zj5gZjZuWmhuRSxtO1VUXmBbYDY+KEZtQl1HNGxVQ1dQcytyLV4/XV5HLUJrVTRxVS5rVVZiTlNB
YVExPERjSiRHISxxc1YkLzpRSEUzdVdWR2g5TixUP2UzaVxmNypXaCZ1UTdBSVoucE0tRjwoOkQq
M2FZO0owbjhQKk48dE9uUEFjZTUpXmZkZGk5LnBMT0omW1hWXHEiJms6PUk7W2xNNUlUKkg/L1gl
PlArT2pCRTswO1s+V1shUVklInI8cWIvUXFeLlhaIXMwIUNxUnBSSGtUJWZuKidAYHIvL1EsaDow
PkAlL1kxZmJjZiUvPWJZMWtBNFJkaFB0bkxmN1xcXD5uV2EoXkZCT01DQEg6KURRZ2dRQyQ3ckkm
O0lGSysqNmo1JSchT289cktjQFktamdFWVwhMm5CXlpydCwhNGZQS0R1KHBcKGxYLW9hbGZBKz1x
XG1GYSltJj1Xcjk3WlxTJEkuRk1BRTtlSzIwVU9yOCkmRVxvUy84R0k/bTFkTUNWPVQiUixxMSU9
ZTplXXBNKz08NSohcGY7WC1PZWtkQyNSaCdjZTxQQTwiam8xVGYoRyolQm1fUHNGQ1A+aDRHcU4o
MnAvXyFxcW0sQjlaOS0xT1o9TWlSMSgxZnRyYlpqXF4lPydpOTxbSTdINUg1Y206IyVDIXFPMzFd
Xl8sQkRuVDVgQHNAKGIzQl83QmVSVzc7P1crLkFKK2AsRydnOSg7TEQsW0BYV3E+YihPUiwiK2xx
PF5JSU5lalhcV1AmUltNJDNjIjc+Om5pUmlYZUhfKF0wQkxWXlJNVDpKSWYxa1tJMmYrMG8zQGc3
Q3BZJXROXCI+XUZPMGU2KkVpRDw6MllvZjhOIV90QTNaLy9XSFVPQV1eZmhCcTRvcS5XLW1VM2NJ
XlNqKzFxP1VyciclamIyO1MnKV1HXFMkZE4kb21gN0dsM1M4VHU9aiglPEZcSixXZiVHNFdqQjpP
LlYwXz9mTm8nMEdFXmhnRTsnbjVkPHVOUWhONjNLajN0WGhXWXVPPCZiRS40XSw7W3AkbE8vVEts
ITtlWiMmN0hgMjJKRjJpJmZIYSdkcT1CNTRrLGJUK21HT1RQSj1NNzktYG1UcWtedEZdY0dYPGsm
IylSc2IoRnApUWciaFA/UGs1USJ0UkpsL0FtKFJNTSpWITBaaiVALEowbzJmVDkrMGs3VClGXStE
XWU6NmE5dGBKJlcpSF0kXVAmXUQycTZJWnM2UkUmR2B0X041NXI8R2h0T2hRWjpIaUVlJ29DUTp0
aFlfaCZSN0hMVytcSEtrNTdqIlZ1PEs7RDRrNT5IIj9cMWorI09cMydfWTRJJ1RGPyI+YkNJSD40
LVI1OEwkMVw4XUNjVCk1Qj9DJChIN2ssN05WVU9dXUpeIiM+ZUtRNz8xSmdsdDVuJi4/JERoTFEp
VF9bJDpRaTpNbWFaKVY1SS5GWGJFNm9cNSE9NCkrJDIpT2ZzOHQoPU4vOExvK3JRKWlZOGgkOWU/
YlFdJD9YPEk0Z1hfXVFiMVoxPTNMY05kT1JZVCI2I2E5cmBLPl5xXUwrKWksRmtIaUohcCJuY3NH
ckgocDNIJkpJQkthaWg2YVFXLEVLOVFUImY+ZlN0YmFNLXRkQnEuSFB0N3AtNmMqKmFeVVZPcmtT
ZERbWjhrVyFROUdMSFdlXlpzLSRQVjcxLClAUk42T3JLRyNuSjlPY3RzLS5BWmgoTnMxIz1OdUMx
aFpqUTlqT2BmYDBEOGM9T0pBQ2c1cVo6ZCI1IVM9I0gmXioySiNPU0xbYU40alNSIkk1aEJIZ2ll
cWhBYUMzdEY8MTlvJWVHI0ZTTUs6cyFNI0djN2w7JWpwOThQNWlrTF5jJ24iZGNFQVMyQWQqTnJg
Pzw3RnVJPycsKCxIJF9nVEdpZm9lXUwuQmIrJGBzakdWa3A7TD1FIlhSYlNTVyg4PCowN2VFc2pM
WiJEJyw7cllscyJARC9sa2ZFI2NVTWJtSTZmdTNQNjxSTik7JVw5OVA0cCJiO1JjWzBrb1UlXUpG
UU1EYDs3UVJKa01HPy07SkRcWl1NKW5ZWHFzLFxGZj0/YGpnOHRDKy4yV1xxcCh1cVtVOUZFczBM
RmoyZDVhVFElXywkZSEkSF5rUTddUHM5YmRdUDs5cGM5LUY2ZllYXUBsYlhsMz46TSc6JGs5STtM
bixkU2FMPVszI1dMKWhdRCQpLl9hJ2NbOF5paShYcCpqZm9eUmhcMzxnbFJDaFpQclsmciVIJi9Z
YUYhN2F0a3I3WnMmcG5bI21eJmVIJVRxYCdWQGxxPlVnKD9TN1pMY0ZLIW8yRCwiaDtgKjU0Rj9P
TzAhQ0I9byNVZF9GPzs+M004WllWXWg+MlphKy9iMzVyOm4rcTxNUEVnRW5gUj9CQnUnKnN1JDws
MiVxb2JuLz9ALXIjbTlESi9oQFkkZD0iZ00vdFYpQSlTX0BVSGtaJ2wkSFFcOFtkbiJIJGxkbT1e
MzFJbjx0LjlPMDVTV0tjcTohQCcoNSgwIldFIkg9WFZpOTRkYipiNVNsSz4mYj42RVliJmRcOkAo
V1JGNGEubD9jRUZjYDtdXmQpVE9wblZjbEpzPSM6ITglQiI2dWghI2FZKUVEMjk5OkpnJVQlbVg9
bUI2UzQjZ2BbPjk7bjlCQlNJXVEsXGshX3EvRURmXDYpaUNZclgsaWctbFlWX3NBNlE2Xl5UYiI5
WzE7TyRxbipmUWopZUkhKkddJlFLSlRnYVpXRk9pR1kkbmtWQHI4OkBzLTE1L29LYD9PJmA0ZC5r
QFpdKltiKEQ2WVMiU006S1lEZkslTlE0OlJtXTxTT2ZYO3EhbDZgdUFgJ3M0JilOODxbYUpaTDg/
WGhQZkY2Xk1xVmMnMidkdTdnPzxeX1c9SmNAO1UnTjZwbS5IW2lvbFFtaXE5Ml5wPiFRRCtNdElX
QzBJTWZaYk9BcFQkOHFOMnM8O1VKZSplU1ArME1tam8hN0poa1Q/NSk0dHIzKyM3JXI1ck5JK1Mi
Jk9qXUo+NDNqWFZmVilnSkgwPCReNmw4Yy4zJWwyc3FKbWpnXWVuVWpkVm5NKzEpNTNDKl87KFlC
KSUnLF5OMHEsLHErSkY5N2c6ZCZARWBJPXMucEU+UDg1KCEyZmpHK3JXRjY4amwnXXNgTnBhRTJF
bFdZLCwtNVViSWhUayFUb1E9LjhhQjg2TTZGYzlyYTFmLW5oblcqI1lWJjc6U2lRSlBOJ186ZSM7
TWMuK2wiT19JaUNmPnNbZSctRGUzTC0rWzhqIlk8PTlyIU9pPjpNNlZDQFc+LylTaUllNjtqIWhm
cW9jZm4uNmBZRz1TKmQ3Y1JnaDdXbiZBOCZpMTxKO2NDYU5MRDk2LWFeSUonYyZPZHJXRyZvU10z
RjpOJkdqYjhGQTViIWAuZWNZI05hK19QZSE2cjVkVVNhTixjLmBmMF9GTz4tSzEuSFJkZkVIb2Nj
Wl0jVzcpPW5abms6XjlDWkFFcWlSUSlaclBhK1ZgXmxjSVJIJyZAdD5abyY/JE8jTUxIMkVLSWRi
NEwtO0VfX0dMUT9rSGdXXXJRNyFcVWBYI0hFSGVoY0c/IylAaUFEQD8zaT8jYnUuIUBmXyYhK1Em
KTVeSilfPSkiXyVbdElCOD5lKCVJNzJuPUI1JmlWbmlEUzZGTEJRIUhcW1YlVi1WUz04VGxBUjpy
MWhdIiY7LylTbURJWV8jO2NKK1JFSlg7Ty5JJl5CP0tDLiJpSztFcXA3ZmtWW1haa3FLNSRzcjE8
dStBPjU9Q20hJmVqOmYlR0FfRHV0KkhoSipIZ2EySTMhTT5eXk1fX1ZDJmdMIi8qLkRpNHBZbHE1
Uj5daS5RVDdRMjBHYVloRmAtUmJabEU0LWlVXUYvUzVYJmhsRCExNy9XRmFpSk9Vc242P0gnKiMi
QjNtSz80RSxEcE8iTSpCLkpHISNoY0JkSmAybDRZdWRSaSR1SWc9NjhgaTRgW1diOSVwUyxKVi9q
S2hOUC5iWUhROWVGPyduRi9taFBDW2BnIj9nMilGbWNyPWJzLC9XLnVeVVZPcmtTaU1CMTQiK2Vi
KkhtQTZVc05TbkgsP09oJDwhJy9aZU81NW41YGdPYTZ1USVxMUxzOS02OzMxNzdXPSpZUDAuPyE4
LixJLG0/b2tKQTFJP3IvX1NZVm48aEkiNyF1JiYhZj1bUDc6XGk5P2NOOG1KWWFeXyRCbGQuJDxj
UW1ZTmxWMzg6UyNmOWEqKio7OkRJIWIuNFxbaVNgXWNnOy9LVHE5PU5IK0xgM1YuZUE+KzhfLThk
MS8xZlpYXEJYJlIhISVKQmkpQDNlYGRxdCw6QSJMQERZPGFla1xiZGZFTEM2PXNPZGNwImEjc1xA
czwhPiNaWiJCRFolZUNTV1BhbCslcGs3OyExRiVbN0JdNyU8clx0OCkpYClJYFZrT050PmljZGtJ
XXVuWFI8QEpcPHRUPlFWMThuPF9ocU9QT2I4Ryhycjt1bF9zJFZhZyY2RmgsYmgvdD09J2Y5QT0z
U2pvK2xsPTNRRm4jaldfJyZUdSNEUTg2KSRmNi1HQz1CbllbaEk9c2QpVDVVTF1jb0FrUTA+Vks6
VHRjQS8lLkhycFstcFVOMTJEWVU9Kk4iclVaPjFmMVdkSFpoU2NFXSlvcmpwXVU7TCJBbmcyJGAu
ImtHcDxGUjZGUy8xSnAhPipxSjB1MT5VOTEzMTEhMXNrZksqZD1PX0xLcVQ5Z2RcYS1wJ0wzQDpp
LzptL2lDYXREQVcyLXFUcCg0cCh1LkRgcnNBRUBRLDlXWTZlLGVwLk5AZGVjTVJcMWJVIUF0amJQ
VjZeX3BFND4yVE5Gb0snMl5gUEQ4NXAvcFZcTz9bIj5UaG5xMl4qJjZGZl5sMlhVQEdYLD0iYiUq
b1FjXnVwUjVvOChrXyIjIjdXXXVOIkFfQlY+Um4jc3JUY3AlJzFwcGAxWCVzXjlGODlRdTBEdVoj
WitVVGVCP1hzVjdCK2lQPGBQRDk/XylrVk0jMSZZbyNQZmo2XEIrb0MtWVROVlFJYE1VUGdKMEgu
SD83WTFjb1E7Y0VNSG1nMT1BKU5DXz5waDNTTTdfPkFtXWNqcWE2MkAsMCJQInRGSTIlVHE3XidP
TiksYUZOTCxwVFM5TixldWI0YmZlVywmJTFMMUNgNlhaInAvLnFKOVRxN2JhM2w+QmpsOSY3YFJP
SmdSSEcnOGc0Nlg5U0ItVzcyTjIsQU1YUmtvNEM1bUlNMFRHXnJLL1JQOWckOnVNVVAxInI5Yj1K
TT02cGxbYUNwYjYjMmBJQWcoWUpOTEFgSl4jbmZZXj5ETERHaGswZk1vYkokQEhBXmJkZCw9QHE0
b3MoQEpHKTgzZC1UPnVHY15RZ18nNUA2TkYoRFMoO01AYkZZblVRRms3cz0/cTIhLygrQmRANztt
J0FmTHJGTWdESW4pJW4ldGRKNkFwaipFYiVYTl0raipnT2A9bzlnWXA1ZiFkJ1BMZHNzY2RBTmU+
LXFQRXEmW0o4cDhaXzg0P2RfKlQpY1dsInViSXJdI1pPOyRJUi5ePlJnQDI/XTtkOSpvUkc4YSpc
Z1JnInJDPEJtRERJTltVIkRFNjpXb2QiYVIyMjopck4sRklDV0V0TGA7ZVFeODNBPXM0JidnWzo6
X1QhbnU/aEYmJj9vZCRuP3MnQShhTDwqcyNKR11dMnFQSVkjaipeM0gyUUVmLDVYNE1vbi5BZiF0
LD00VD1tSE5aLjE0SW5FWiNRTTpqMmFELWFqZjJCZERvI2RXa3JORS90ZEZYI0JTUiVFT0oxUkhY
VDViQSlVPFYhaChyVykyIy81QUJcQyliZmw1X2R0R2gyMT1EcVgmUHVMLDNKWyZGOC9qOlROJiMx
Vl1VOWNbXDtNYFJjMzcrMzBaZmIybihCNEo+Zz5fZExWcW9XJTxAb0lrLHEhOyRPO1I8NWptW3Fu
cHJtQEEyODVURylFKnVgUVQqdENAMCpTbzBEIlw5JDYwIzY2ZG9XNGxLMiZJOVNzWipRN15HUHI6
Iy1LdGAhdHAvKCpdPkg9MG0sX09SP0EnZjcsaDFTUmJoS2BiW01xJyprPSJUciJNVGp1WEovT1U0
LFg/ZWNBITRLPi9SUm9wPzdIYD5kYUNJYG0hWDZHLkowUXNwPHVCL11eXGlZOTFVPm1xZ0pvMlpX
PDdlazVUYFNyT2JIR0ZzO1gtUC1mVG85WSlLTmUka1lia1VaLSItKl4pIUY4OF1VKSY7Km9wbCFt
M01sbSo+YTk6IilUMTlfc1tnPnFYWj5UOTo9NHJkTSZUNDJWLUMuZWEqMGpOZ25mJkxKcXVUTTU0
ZitzTSwuNEVRSz5MbiFWSmI1K1FoYkRRbypdIlNjTiJWLW4oXkA6NWlzOThpdF9LNyxMRkxnQWBG
UCwrXFdYdUEmTGg+VFEpdD46KzowbkR1UzNBa0w6QkNOMm1SZlc3PTFQYj9xdG0oPEYhRC1GPCgn
bzY1VlJYOElUUFYuQ2lSTGYnZyEoXlQ9Pjg3OlRBRiksTy9aTS0oITY2V2g8JE4tQkFscE1FMTZH
NEhZTSVpKmI2RW4hcCtQJkFlZiVmUGA/dD40KEJnZSIjOCh0VGJhOTUvRCtYWFdVNEcmXV5PImFe
JUVeTylaTHBfbF0mJiM8MCo5WUpdWCVGWzk1KWcnO2QnTCVSQTRmNT1MVVw0QywpOCd0QUckRCIj
UUtVTjNmQlNsTCJOaW1fb0s4KVpiP0NyJXEpcF8/K25PX1g5JmpzaEZCS0RgZTIjPEwuZkpIVlhO
MUs8ZE9DbzBhdFZpIU1JKW1iQEJWb2BtOiVoNClHYkgzQS5AZ19yYXAhRVwiMkQ5R1pWbVRdTzgv
JnFoLz9JO0lBajhkZDVYcGE1SmozQU07L0FGRSZkXVNnUjpgSHEjLWBQRyxzRyFZKkgwckBPLkck
Ml5RPFpPLkY8ODpLPjA0Rzlicm1rciFXPjNXSUcyUlJFTmY3PUM7UjE/U2hUMmNNMCJANlNxOV1q
InExJltqPE1sWSlvKF49L0lBOyQzZSJXK0NHZSM7PGVBVUA4byt0PUZxbzxHaiwhdT9aLTF1RFte
TiExUElsOGA1QShWJmAtVUB1O0ZuZ2NzNkNDKEFMJk5cXWJBMShASThEbzlOXjtjaEEiVVxTRWk/
NVVQNmFYXjdzbEQsWkIpMlhtTGctPihHM1ltV01edTFabydbOGAqIWZSXVVZSW5TL2psPUFDXVNM
VDRETExmLDlTVys8R0FkZC8mMDw/VidVWT0qPE1dO1k1PUQ3OC5ARGhnXm1ZNEtvaU0kJ10vKEFg
J1QqVUdDVlpPSUQiPVszMjI7ZSpMQFUvbV9QO15UK18hNSdyXFRDXmQkLz5KcFhiOVtVLic4bFE5
XixJOyhWSEM0a24kLUMmWGlSJ0c5WlNjRiY8JStPRiJLIjZpS1FOQj9gUkptPFo4UFQ8Tz9GMXNG
N1sxPDw/OGcnRihGLkFcYDlUYShnM1onZ0klQF0hSUwsS2ZaJE4xLmVFcF9RKEwxYiomcG4yQ1xc
S1tBQyxGIXJNbjBtQTVpXEFETEQ6OV9mWk8tI281KnNjJz50ZmZPPy5VQVFALis8P3I2SVlGaGlB
aWdXRi5PODowZzJUXGBpQWVNQGZxLSZAVz5RKHNcVyxFKFswL1hrUz9NV2pvSiM5aSZGUDtpbVM3
YVA8Ill1UDVNZjc/YlRnX0pGU2cvUmIzQU9OO2BvN2BNYmo6WGwrZWQ7XyxLQFEjYm5MZS1hPS0j
ZmZHNF08NXRpOUtJMkpwMEZbJVg/M0hQLiJxLipdLVdLZC9QKS9dLk5aRE0jW2J1cktFRWIsKig4
QjBIKEE9OzFSbF1AW25mZEcnO2pSUGZzJEImJWtHKjJIVmVfJXBmUkNSYVRcPkheYiVMbkUhLDo9
b1UlVixZVGhAIjdVbVgsK00/PVYpKjt0Wy1sVVJCam1CJDsoU1wlOzAoVyY0NDFqLkkyR1NtNXJN
cUxpUjFeSGhUSVxDWVViLEQtUkc+SldSa1wqY2hXRHNcWjtwK0RtI2tiZEUqODlHb25KKmojSE9f
cm9DWjBLclRTIlVWYjYtR0M1JzBcWVFjOTZTTmUwX1RRO1gyK0Q2Q2xwMCdmVzpESGcoXic9XVli
ME1XSFRSJD5CKCVqLzdLSmsiPkhnXnFZXmowO2lHcGFjISEuQkInZFxwLD1na2hcJC9PSz9cN2BE
WG9bJCcxJ1RxPTc4Oy0uQm1OdC1wTSE6aktPZD4rKEhTXTtHamZjZ0B0JVw8LlpyQW5aPidFLExd
bz9TaWRDKSpWYSgwYCgmRmRUbid1IzUnSE0xa0tqYlpMWkkiI2N0MylDZ3EqP0wuRlZlKGNEWmVZ
bWwtLCtDdVckI1RvVCglaF9hXmo4T11BLlIrVW0vbVI9VlFKMSJTVlFXTkczcFdoKDNoW2xpUU5z
dDdHSWFHPFIla289cFlIQk1AZlZxW1BWZE9UM2JYNzA9WkFoJV9IP3RoLWtRJGllYmJTckQyJ0lT
UTRpTClHQVFjXmpNIUh1RS9tI10/TDg6SC5eR1dMalFWL0ZPYilzZlVDZCpPUzxhcT8nOk1qYylY
L0ssRU1hUm45TWYuQyNmQFRpM2B0ODBdNz9Lciw2azE0TDIvSGdJYDJSPEQ/TzE1alFsLm5FXmFB
JS5LPj11XGFZKiJzJ0Y/dVUlNXROb2gjW0RrOjdWRWxbUGMqL2pPTWk0TDRuLTNMIS5bYFYlUVtW
cmE8RWxbMkVMaypdbjNTTzlVI25GWWtSbmpWZUlcIlVeTWVNbHRyYkJDPytQRHJKZEllXlhoKVk5
YmApJmooTWJSJmJTTWpoQ3A0a2psaXRXbGRKRzUvYy51YU9EXE5fXFJ0WDlVOnRocWIjZSVjdCJR
YjM6dUJROmRYLiNFTChpQjQxcDlMSDxBbj8pLWFvOz9fKkdqYDYrTmFQaF5RJkEnTl9mWkRbYykz
U3BLaWhYLXQvKUFqOjFbJCw1aVJEPEtUQ1lJRjhqVyFtQzlJckVHMSIsJkNgRm44UUBTc1dsZjdB
blRPZTVURmVfMFFoNSktPHQlTFw9US08U28yTy1yaFFGVS5gcTFKcGpVXD4zbE5BOnMmMjJFbWhv
aSNjPkZDWjxFW0gyMG5wMm9AbjpEL2orX0FVQW4/VzozX1sqMTxCMWhUMmVYbjU0YmwnLiRRTyJv
MVQmZi1URS1AYlpwRkMxcyxuMHMwKVg1ZyEvJ2Iub01ZLlU5NSo6PCcmPyRtLm5HJVQrNW4wPkYv
cmY6STU4JHJTXCVGKGpWKihUUSFnLSlEPydwKlVcYl8rOStkV0dnPUNVOmJgPWxLbSopKEtkYVst
PmhnRz4pOUhlMEdETzI/NzVLIiQvamY+U1hXN1lCRzcsKy1Ncmdici5BPiNxKi1gS19jLzByIypc
RT5UL2dScTQ1T0JHVEU5WUA/WFljSVpWNkc9WzknTShcQGhNc1E1LV43RG1uOS0vb1k+VGtFMy9e
aDJPTWVkUjRMVWVWUSldKChOVVVTOGhKMWAiYCQ2VTs3YHNmczNja2RRcy5MZGBAUGIuTTwlSDA+
SE5lKSlvPGxtLVAlYlhoVDkrVF5McipDMSZhMV1MIig8SzpvZmFJLittMCwvWDlcKiNaK1E6Vygm
Zy8sODM1USEpNUlKam1rPlxsXVRqXShXPXM2RmVYY240Z1tFbkI9MjldNVNhdGQlWEddb0toWiFT
UDRBSC9lSkckOTpmIiVqXVxQRW4xTiddcyJtUUxCc3U7JSNRRVlIUTZOQWFTIiNhL0hYUjhdU1tj
KEI2LF0uZ2IuUGg3XkBcazkoQjVAbmYkby5kb1ZvLzdGKzxJOWp0M0gpUWordWInLSFzUC1ZKWtl
REZwPjBRcCxSVEZpWytwM29TZkE/UD5xQUJFRVtrRVQuNTpEN3NqIiQ5OzFqO2RETDYoaiFXUE40
RjdlXD5nSF0uJiMpKVlAUWlIZVRIbjJDaGdrN25tJ24zPj9pV11ubkY7IlAtT0QwLlRNW24kcD0y
JjU2RHFINWVlbS5kOlckVTtnOXIxXDFRIipaZD9saFEpMFhkOGZdbFooX2JMNnAoLycvODRvWjIz
MEFQLG8nWTsiXlRXaFgxcFcxNVUzWzVkTVFqKmlEMlBfR3FpPjc4azQlYHFPXExAJVUoLyYwMHNh
ZTc1VlFyIihcWmhKJyJOcTRpKyI9KjBUYTYmYUg9VGBmTDVBYEViJ1k9WmxFNC0hRm1eUTMlXkFB
Rz47J0tZdWw5YTA+LishMCpNWm4uIktBXj8zOChnTFEoJGRPLT9GRVRUIy5aXGMkVkknc0NyZV08
LVlXPlBAKDxxYSYsSUhSWDMwcT1Oa2ExTzMwS10yM2RYNjk3OixuQm4rXj5AZEZjI1dBcTVYQj5j
a2M7YGZkYUhtZko0TTxDY0YiT3RYLUI6Y0NePyU0L0pAU050bW01KC9xciJnVXA+KFZYaE1jKChq
S2NnJSw2blpOPmRCOzdiPmckJFpjVnVxLmZZI2tEa0htKUJWJGJPUCg2OyM/TiFOcUB0LTI1T19b
ODFORV4sL3AvJFY4NzhrcSUtUDszJiJVM2hSXGshWUZNLUVvSklJcWFhKVd1JEhQXVFEUzRAZVBj
YHVsKmQzLyMiWDYzW082OzxkK0JsMkBKNi90T2AuRyZYTF5AalkiR2YwdDArMUJJRTI8JUdQKjN0
UkMoZHA9KnVBaFFJXUpUMnRlPlRARWYuU2hcK0UrRmI4KVdbUztPc1xkQD1WMiRxUSttNXA/REJm
ZTBXNG44a0dqJVRjb1g2TyFIXFBsTWUiPnU9XG9xb0k1XlZeTkpzQ19WQGFoMU0nUSNQZClRLToy
JS9JZiojVUYzMyY9KjkkJyxxNlxJIjFcNkomWTAjIWVkXDZmWS0oVUM3KzU8WWxNXUN0Zkw3Ziws
RzM+S0tob14mS2UxR3NMSDsmTTR1KmNMSSlBODktWHAnR3QtM3FePF8+NXUjX1xHN01wZi8tM0sq
UW8rV1dDJUlJODIkaFByTFdQLSNHKDVrWEBrW2Y5USJxPEBLJ0hbVDtGTmFhbFNrND5RSmFAXjN0
X0o4Y288KFpSQnA/c2MrU24qXFFbKlw1X0hPQWZ1X149ZEduYTVaa1toZjhIRT1aZTheW2ZUPXJU
Mi9vVFghU1UxdWNxQmFpVzxGISs1cFp1SmliTFtiNlVbbFE3KSlMSHFBJ0soXFlIISRHXEdoYyZS
UCVvbGYwNE1EXk5rMS1MKT4sPEJebilDMS4xKVw1c3EnRyhHMWtEcTtHaVJzNjVBITBNOFY3Pklu
XV5fcWJSUW9GKSVhZV0uO0VeRUM7XXJlJEBDUmttUW45ZXMyN0s6WV00Q0BkU1hvKCVbaERlYm1o
Z1RzW1BWVkpWNiw+MF5LWTwlIypXOF9MMThMRU5CPVYsNW1WSnJvJGtWcEVxWSQ8Sz1HRGhPdDV1
Z3E8SlYuc0oqLytNZ2dSOyc9YE4mP0JBOS1NTj49OXUnLXFZIlVadSxzbi9QWGJCTjsmSDssSzle
RmB1PHI4U0htTyFeSzdPOUoqUlRcZF1SRlYlaz0/LCwnYVo4SS45ZlghTSJoZFYkNy4jb18xVFRl
XzAyT0xjLVBtSy5fVStKL203XS5yQEw2LjgxY21MRENZczQoMS9WQkFJYCdTTWlhWzI5SGFxWFFJ
cjImVThRZUU3YS8wXj1hYUJfTkNcOVcxOzoxZ1AoTW45P0QsTVpBK0FkUkc0Im9nKmAnPGwyY1RH
PGhBOjgkLztLSDg5XkxJUD1kcFVPYVI6VHBgYmhPaGwnJ01SJExebjhsQ01VcVY3b2gtWy9TPVdX
aUQyN2c7QG1cZGJYUEVeUlJITGRKKU9uMF5MLFBNbjZkKnJdSWlwQzhibClSK0NSTkZOb3JDU0Fg
MSFRcFg7QXNZWXFAZW5qXzxOIjAwQ3R0P0BsLiV1NHMtM1JxUmRUTktxIihOLic1JmcqKzQkRTo1
TG0+UFFYKTgkKSJWai5HbVcnLTs8cHNNRFpKKE9ONCNKLVMxamRXLVNAIjoxKmRVInIuI3Bkb1hT
S2c0MyEuYmAtTTE8UCY8ZkBZN1A4V1omYkVOcClWTiFIdDRmSyk7OiVXcE9LYiI3J2Y5KmF0Jyxc
UzpPTEIxbHBWTilnPklsSDRfSjtSQituKU8iRjtiWSZJcFdFLjpndDAxI0MxKDdBJ09KOiU7PmVd
IV5ybWcsY2tXWjdHOlhJUWhFJztWOF1scCslMDEkMSwkNyImbWIoU0ZUbS8oXXBWWWoqTmVbY1s6
cnFpQFJxTDBQQiFbSnNYXUtYR3JoNjNdOUc8Klw8J0xrb08/RUxccHEzWjcxbmpfUz04NisoZG1K
VlNzQWs8b1dJY0AsVkxkYShZSiJOL25IZW51LEJgTWpFOFBkISZeLTBvJEoqOC9wRC9QIkFkcSIz
ZDZGbmRBV2RULjg+VWxaN1ImZioqIzopVlZVMD5zYCtwQDRAO0hRWExqXT84X2lbJydrbUZgL0cw
QTgwNkQmLCZvRGFzPFkvO2c3WVlDTUJeLSlXbjVZOF9eZUYuPnIydFdXTzwnVD1fbyVMWWBBIXIy
OjprbHJKKWU+Mi9tSGBNMlhKXmJGcFA/ZWpkSUY6SWc6YU05PyE+ZD5wIWcqK0RXKmRlMF09QFM+
aT04KUQsRWlkRyo0YygoM0w5UE90VmxFQTxIaz5tcFdCNVMlMl9bai1cY1IwVFVfNlRFQFVdS3Qp
UzxNVC9qKUhFJmRjWERxQD1aLlozT2ZRQzBKS0tWLC5oUlVZSmVqKipGb2QvNXEhVF1sZkxlQl50
WzBKYFdRSU9oa2I4RGFbXj4/Qi03NyZxaSxAYkUzc2FFNVZmJF5WMF9qYTApQTpWNUtZQ0gnWWdS
PEc0VHUrPE9RNV4zJ1ozNWArY3RVZjdcJTt1RmtNKThILTE6bCE4SEsmZFlecis1ZSo5MU5CUFtX
I2NaOWdwNnUkNC8sQVViaFZvN3QyTD9KV1otKHJEMXNcRE5tPjAqOkUvP2NdS05XPlFaIm5GOj8h
MSIjMixWaWhjI0BWIVJWTVQtKm5kLjpAXCokQGxJOz4pcXNNNkQsQVxdXFReTSVjRzZTSFdRX20h
STgzOzU6VmNqUWtVVyVTN3FAMlgsI3MnRy5kbmxEZTtwc21cNWU6ZWdTJzomO3FocypdNUUuRjVj
LGVRJTk6MD4zQEdELE44NmAybXEub1g3IXMtLFxPU1NIYC1fLFlKaSUuZ10/X2spWHQqSW9jXDJD
JSslSD1SPCdRNSpUI2hWPGctKTViSF5kYGBxMjFhPmExKl1oXGVVMjghWiNLIj1sKiJvdXBjZ3Bo
OGRpcFxHZ2ZnJC5iPFxpTC5hcWFtTS9PPEBIMiJARHBdL1wsQjMnQzZiMDMvZFFEIz8nYlVwLD91
JXFGMWNOTXM+QCJQcj9ORV85ZG0tM09Aa2VsIXJIL2FDNVU7RWdKPztWKDYwcCgiVWw4KidHP3Uh
cXNJTGwoUlxhMDRqKVVQZkYzOF8/Z05PJy4xXCw5U3FtaTI8UVV1Q1IoKUtNNWs/azo3YiQ2W3Rd
O0spUTEsa2N0MnFbOHU6dFA5bkooOUxIJSdgXzJYTUouRkZDPHInaDInK1VvRDJPNyE/RiMqPlkq
OiVsN0NcVkZNYWttSi08NV1yTjAuTTw1SClZPnE3YCZRc2plYlMkNUpkcy1WZSNWb0YvOVA/VSNy
NT51MDQmMyNtbjBaTVVza2lSO2pDZ1luT2NESEdPLyYzRzlPYGpRP05mUjs1Y0AlP0lfRkZXb187
STYzNFVqKDl1TSQtI2JnZiMqWT04UlYoYFdsRmlwYCxBWXAxSSIoYVYkUTAkTltuU1tXMUU5UFRU
YUFpYlklWm9YQDctZ2ZkQTJPZlAwRTskKCtlRG81MCppXEIiL0BlX3UzOjsvTnR0cFE2XDdqUChh
IltgMjUtTGV1b1dTKD5wX0hlZSpTPzxWSFovQCpDLSMqRSc5PnJkXz5QP25JZSlROWM4bTdmQ2pL
JEZqQWxTKGYxaUEsWyp1XE5PYSIlT21hcjc2KXJeTFpycEtRInBfM00nZlVTT2IpWUNxdCVJKVVW
OUInRCJjXzxlOik6RzRfKz9cSC9jLiNWSC8oLnBWQ0BuT0FWKUNsUVNpMiM5KSM7Y09fP0lbQ2dE
Xic2VUc3VT5FZFwiX3AkJmdjWGVAViY5I2lDaDFYbV0yOnNnRDVlalVjWD10IlVhRkc0IVo7YGwz
STRTJGh0bG8pS1lhPUBTY2dFazxCbmQqXlFgVz9VYHRxUzopRSRUbzZeWigxWmxOSStjXkEuKDAk
KGdyOTAxbi9ubVF0a01nJkQ9KHJRZWIpRVVgQjQ1N0lsXygxNWYnX0c6STUiaWJsdF8tOyxPNlwo
SExzZWBdb1Eqa09cMDo5N0NWXTxwMmE1Kyk8VVBKPztZJD0pIzRAKzJvXCpkZWZWczEmY1wqWFJY
VFluIWA/dSVdRCQ7XD41JjA4V0o0RFQiQmJyPk5JJCotP0BBMzk5P0ktZiwrXyssTm5pK0hoSEpY
NWtnMkQnbm9TV0hSYilRQE1obzgmSGlFVCxLQDpYR1xKQUonNEBfamVQMl4pdEw+VTFPTlVNb2hp
VmhTKm1iQzxtRmtOT2ZPW0RWYVk/OSR1MCpoT0phbExrVE8icTRjOSZIcy5BKUQyQkhoVy88UihA
XnRxXVQ6W14lQSRoTjM4NHBAQUNWOlZhTXA3WmEva1UwO3NeXTllXTlZSS5vczQqPzVeW2w0Ly50
T1E0RSZFWyhoKmFJYUBJJVdLUXU/YkRpXUprSzAxKEUlUkxLNzMuP1Q8XENyQyE2MyhrNWVza0lp
KDZabk9hSkMpKz9LJSJXMV1XX0VOQkEubjxXSVQucDtDNVJeRDpQMDwjNSIpRVhXUTUyUS03XTpy
XExlVjZ0JiI2VytVMmVOYzRgajUhW2oqVUgiWi4tIjUtYFJLaVREZW1HalVKOThqYlFuZFsiYW9I
cnUvLj1kPTlqRzloPlVBP1loSHBqdTkmMyY0Zkc0ZmMoXDVfZy44TSw5UmhtUiFrKWUhcEMpIVI6
ZG1rOlwjVj9nKm5cbDIocllPLjJaRkdybWwwImhFcUlIYDRmRC9SSlsmI2pTL0JHbFY9VV9rUDs6
Xi9iIikjRmVycHAhVDFISnVDMSFKNTlAL20tQCQjKltdOzgpciFORW0pKz0hPEYhLGBwMCMhJWQq
WTVkUWQwU11qdSpxajA4aG1MJEpqQTpqdWI0QjJLZSNkR2cuXCFKLSw4PGVpPjg0W186IWduKlE+
IjQ6bEY/PE9oJ2pAPDNFQEcpSzxGWExcJ0phXz0ibEtqRk5NTWYjNyEiX1dSWTdvLUszUjIyN1w9
Wko2Ql0jUzRAYHUqcSYkTFkzdTFndDVRRjtgRmpOSWEuLVdpRidDXCs6dEEtLnRBMydgZiplPihO
UkgpYF1aOiw8WFBpbydBQUZLPGc3S1FVSnUlWVNgKnJEPV06YGNASDlNai0kaDkiWFBIZSZkL3I3
VjdaSUZAdThVTlVxLiM4XTZbMSQ8OT4yKEFgWTVRQ2t0SEpBcEI7SWFQbzw0J2ZMVj5ZW1VWNi9k
Z2hxZV45J2wqaGNjPnJuW2EvPDxyS0RMNjkwN1BLLHNSMUIuP0tsVGM6V1wjVW5NLGRdSXJkLmAo
Typ0OV1LcWE0SmhdSTtKZDtOWmJWb2NcOC0qJ3RgQFZvVEBCK1lNTWIvRkA6ZnFnR0UtXGldWEI0
YmFXXmAvdFdAOU4jX3RiNGNwQC1wQ14xSS9KJTVjZkEvLmIhM25PI1VzSkpEUWs5ZlNdMCl1QTtz
QlZrRFlzcGhSQHVoWmIlREReaDd1TiFAXyxEPEM6bnAsNlBDVU43ZHAial9OPDJTPiE7Si9jUT8k
QTIlaHNDIkIzaG9fMjVSPldmM19ZXGBMOmc8M1I6TjdNKGNgR0JfOF9sIzI/al1BJmM4ck4tRmFD
PXJcQmolaD1rTERbKEBwV3FlN0sxYTRbcCZeQ0JdNyRpUSNCXGI+PT9SOWByKUg/KjgvVjU0UVM5
V1NMbV9EUEMpQ1BlWiU6QykrJElhXG1PNypLKzJTYj9pLzNfYF9nUUJmWi1hcm9JKT1EQkM0Skk3
WFYpRV8zJEo3ciQ0c01BWnFtXCgxWVc2TVBXWzFmR21uTzlVKHNpUW9RN0MtJ1VLJTVZNT9vOy0l
SigyLjdKcjBsN0QnKy9gR05OL0QqNXFjdEQ8UClSNVE6UmhuWGVCaGc3QDpRaCFERm1paFJUKGFP
I1VHQz8yQWonbCtSITU9YG5uMj5PP2lgbiojMmdZPktdJFAjNVpcXG4ycGxzMU0vOVNgbDVFMWMh
biRSKyFVR0ZDSDhdKCFFdE1iUyssW2ktWTs8UlZGb1ZcVjhCNDM5JjZtJl5yVEooQVFUTXBONDw7
UzgyMnRoQG1YWUtacnAqKGdsVFxKJW9lQHVBLDVGTCtyNzVVVk81Q1NeM2ZtXlY0Q01XN0RJXlVF
QVFjOWBbZmlzJGBNUi5Lbzs0SzRtS2hCb1RbVlRnM2pcSjFiWlJnKXRgZ0JENj89WmNsUF4+ZEU3
UzdHbyNRLXJjLUBDJDM9YksicVF1LFJgLnNqKUlkOlhmJU49M0gsLDJUUEcxUi0kVD4/Ym1BVUpq
Ny9FTVIvYjtCT0FFQCtwMU02M2JdKCNHR1lEV1ooTjVCP2hSUE9FVEBQJmQnMD0uVDpEVS8vJic/
ZlVFJzlNSC5Vc21NWjUqJFtFLC9ncVk+Ols8PihVcD8qQGo2XGgkbyNWTz1vRGRRcHQ+dWoyYkNz
SDw7UUhIM1kpS09bMSdqPCxkNzFOTTE2cUhkRio3LSRRbjpFQk9vXFdQIl5sXGoyNEZlIk4jTjNV
Jk0/LyFrR0ZGSWJFbj5oRHJWUF9NRnRLJVAoNFhcY1ZkRENnaVwxaz5mR3RQWjpbJjVBT1RkZCNq
PG1uOzhQLTk7blluZl1mXy9xbWNjRmhbZjc3Kl0ic2VKNEU2cjEyXzUvbmEzc2FjK0pkXTdPTiov
aWhxXEFHQkYuIzcodDQlclc0TT5rKGQ3YjdaWGEyTiddJ3JXZU1hJmg5OyEhIywkbl9ZJE9KVSxK
MTw2cXEwIkVCL11mZUxSK1AlOFhrZS1YJGlVJVxza1AwYSdTVSY5Mzlca3FwW2ZXVSc/W01lMzgv
RDNIbChsX1FMNU0oOjBAMVc0SHNmMWZsP0BDT2w3RFlJbzA1RjcpQV4mUFVaaEFbKiJCQGpdXGZH
UWFNN1A+aDVCN0RbUUckK0JmKm8+bzpAal8pb2s1KCdIR1o5MDBtIjIvPiE9PCpDMF5tZU0/czFH
KiZwLSVvQWc3JFE5bWNDUy5naTc0L01nbFswRGEjb24hKU9cVVVUb1ZESyRtUTpMQ1krXUonQWxs
TDEnRCFhKzFSTTxQLEAzP0IzN05YU2ZQW0kkR2dnVTpScUE/aFltT1tXRCJyMilKJmAxOTo/NU0h
Pk9zXFtoUC0oO09aNSomJXVdISpjdTAoTF8wTztEZWNNOW1RXSs/dCo5T0MoMmdcP2cxWGs2cz4q
IzxpVideLy9ZNlg8JjMkYClZQCg8NCpqXyJWVXFiaVE5NUtqRGRcZWlGczkoUzNFaTIyYD9JTm5P
X2pMOU02KVc4N2diczNlPCgjP0hwXSVLNkMiWSxiXGBBP2hQbkFGSSpHailKKHAoaz9tbnF0Zys2
bjcxZUxUIz1RTmY7T10kOSI7TU02LUM7ZHQhIUd0PEVSLTJfIV5lLHJwNTsyUyM4dV9mQG5jWUE6
OjlWOU5UOmdJLj10TjZGR09vXmBaVENJbkxoTElyInJjaidRNlImP0J0ViorOjFmZmJXYG1MSFBi
IiwmMi9HKmtFLmNwLW0wcmU0aWxHTVVqKWRmI1JZdDguJiQpKTZBLl9eIWZmQVYraFk/MUlHcitT
S08tbSkpTjcxKiQvXDZkNE4tVmZoaW85XWxjY0Q2VnFOOjFDYDlWKy06ZWFDJEAhalNlJHRlckgy
MWJmKkZmVk5mImNPYFghSklHU1RjTz4mRHM6MjQ2JyYvOUVGZV1lNTcncFAqI1k2W0JHbmRobXE6
XCU1VyxWWEY0MVdnO2JKdVY7RE1iJTRPQD9IQTp1MylyTVctUD1bVSY2ZFJJIjgkNnRGKmgxaS9C
bGsyXjdPT1ZmUjxWRlMzNDxGN2pJRzFuW1RGOGknLG5XPElSbFJkYzNtUiFdTzlGKE9PVnNUQWp0
LkBnLWFuMW1UZ0N0ISpOXkY6PHJqbUNla1ByM2NxLktKJSYiPGYuLnBIYkVBUWFVVV5ZXnRta00z
MXJeNkxNQFFxUiFuXkJhNUY4OzhSM2VpMiZncklPYyhxRnFfMnVFXmEyMFNQNGVbL21PNG80NjAz
bD1uTz83OjBrLzdSTltqXj0tNEZKP0U7PSpWSm8+UTdMKSVLRzNeQio0LGVeVVZPcmtTaHJpQUJo
cVE8QjdAQCFNNy1pMkU8LlJoQl8mPVAzWDs5TWY3SyVdUVUoSnEkVGVNMSVXMlNHQlQiPlR0X1d1
QiRyTWI2Tl8/OGsqL3JDbihSWmlfRFo4X1NzSG9aOUAkLjhySlJhNGcucjZNRVNxQzRqdSJKcFpn
NEJdO2A4S0hJQFdQUFBibXBSKVYwVTIhKidFMT9FXFZQVkUtK2JvQ2tVa1A0cGtqKjotXGVsUyNr
UjhAXlQ4PDw1QkdhJXFFIiVaSG1qSjRiPztjbTBlSTRYNzlrMW49J1lMLVZoI19UTCF0T1diXF5P
OnUjUFEkOW8wTidRKyZTUVNlYThKXS9XI2dZVlRWIS5ZTEg7Nik1PWJJZEptLmdbOmZaXHUnJjw5
TzEnWEEoKFdXUmkmP0AsVUIsays9WlsrVVNaN05gWmdeVjFsX2kjZz9RQGssMD9PTlQqdS1UPmM4
V2NucUpIIllHSlE9OHE7KFl1YHBJSkBMO2xTbmBSI0ZSSjAxKmwhc2dvUyZGWEs1MmcpV0kzU3FU
Lm1TY25KND8sbmNTP2JFNzREI2d1KDEpLkkrJz8pPlk+MzR1ZT07ST5iWUhZPCJqRTVuQU1hIy9X
V2xSNEhhNV0hMGMnNTRPR0VuOjlwM29NWixnSko4ZSZvVjc0VkF0cCo5RF5dOl5KKTtGNz1uN2tC
JlcuTURYMyo7WztJIltdblM4YW9MdUtubFtDcmkvXFk7NjdaSW1OMVAzI19faDNgbSVRbDlNbGcj
RXNANVh0L2o9ZzpiMWlROXNcSUJVTTVcMDpkWW87XidYZyZYbW5AVWFoZl1wPGAxdSpTSjUnVjxX
Um48UWZGXGwzY2Ezb0E2PDFDMyNgKUs2LnEzbCJiN281ZEE9MDNvIllLMWYnOEcyXEJZaEAxXVdp
N0goXC05J2tETCEwJWhiMWBDYVx1MV9VQURJJEBqZ2IvRmtiP3EhMVJNMj8rYictWVhUcTUsRilH
WmpdVzlWXFRSaCgiRWhMSVJgbTxPKWcoVVMjIXA5WERzRC5iPUQoYilqcyQoSFJJUS1RQ0gmKkpY
UDwuSEVcIy4xcS9bPiErc1EsVVEwYGFYI1F0bVcqRDFOcC0wZlwvTnRrT0wzK0tiXmc4ZC5IZFVO
U1A4cVwzSDFUUGNWVkRdRWJlOGYqbVwqZGg7SD9OPUpbMl4mOTFxW010UlZdMElWOyQ0Y01NcFNn
UllDREQ8QD8oZj4hJG9HWU4yPjlhOihkQGMwUGRlPXM5aUVESUZMI1NOTWtWK2NGPWVGOUhrT0M+
YDxaPFBMMU5rSSZbcj9dSkJNSCZadGBxRSleM0pLazcwQ24rVVMlbmA7LlZoOyQxcFhXWDxqKEhl
OVheaSI/cEVMQWY3aTJpQ0hRM28/bDVXKiFFWFUrcFBbV3JAI1cvPW9GWD5WNUhCJkREXy1GQkMu
LCw4I01SXjBcXFNzISNmMTxTYykmOi0oRV9TIyJUTE1WTzs+VWw9MSt0dDQ9WmImZE4rLVxXYi5b
WztQYHIwP2lmMG5IS1hMaSgxPHA1YzcxXk5uJnAuO0QtP0hCSlZWIXFGUlVCWU45Pys3cDY7ajhi
LiZKbUVmaUo4LTgoTEUwcjI6OGJCaitmM1k2N006VUFQQ0tMLSojYD8xKyNlWjVtY1pfQm43Z0pw
Xy0hREkxS0pEJFpXWCFsJig8RF81Zl5JUUpyZVtJKz5sNyYjRmdcMCw6JjVLMGFSSixnOmw/NUFe
LEZpajdOOF10MD5AU1B0VTFdX2skXl0xMiJoKFAiTmpJaUorJE9ZQCttZTBYc1kvTj5RISI/JGtf
Jz81TyFfcSJeTU91Yi1TZzAuMWkqI3BHMGxqP0c/RztGPjFzRGpmVENEaCQiVyZnOkBKdTlqLF06
PzFrRkZkMWNKQi4sQnRyTyQmYWs7OlJjYlZJS3A7QV1kUHEzaigjXz5FZ2pHcnNvXlJAbWkvR2xD
aHFuNSJFdTBvT1JVMkthJXRHc01tdEtFZCVJPEloRlJ0ZmNmK1xgaWRiR1kyOSRSRC1FZSM7WUpx
SiQuSCJTZTs6MDRFWiowNi4lMGRiW2VAK2dgVm8kYiNBZXQkMilDU1hKQU9uRWNJSUltWzxNNFU6
WzNGa08uVGVdK0IuX2k8NkM4aU5wTS10PywqYCI+Iyk/bSVFJDlyX1hCR2I0PU9FS1ZkOTxwSHBc
Tz1MZkg9ZzRVUy07ZC04K1BzMjVLVVMkWkIoUl9gYFttbCJKW3QrQjc5Q1cwYDouXmotZTBESDgm
JGdVRD5xWDVDRVElJ0snXFBdOy0vOkw5UEUwJzFYQkoyOyNpJnBWXmRLOGQ7YmokVEMncD1qKXFV
S2E/KUg3IUk+USErUXFKTXVOTEhtYDFvRlJLMi5mM2AjQjVZcyViO01xKm05NixhYFpgdThAOTZR
WzhyYTcvLE1sQzVpZGRaPFgwY3VyKmg9RkhyJiJwSDdTImUqRldiOnMsJkM/ZVIuaGNOJTplbEtB
TDJUSTYzVSlTSTg+KCM2Jl1HdCc6ZzgmaWI1KDZxNlJRSVk2K3QsIkJdNWs8KGZvIiFeLEVscz9p
SmZFbStyU0JFL2tARE5LXGxRRi5TS2Jaak4oa1omQ0lALm08dGUxX1A1JmlvJWVaX3M2WWU5QmI1
L3FTPjs0Rl4lZUxZVVcqSWxsNXUqMWtMQmElR2xsIV1FOk04UzI1UFskL01LXlEtUTRCQjJmR1Ao
JXV1ZTRsIWVyWCg5TGNgOTIvRWdiWGlybWJbMjNiTEs4MSVALSNyXkZZY09JVVQuaHJHWFklKU1q
SyRKZFZjRzNHKEUvUSxcciNiSWBpaVBpNnFKNGVSI2thM19xZTdVZD80ZDI4KytkWTxXUms6U3RR
LklIKzpKcXIzbVVFM2NicT8vJm5SOGQwQTEtMG1MZj40cEZxOURdcWsxYS86QShHOHBFLFZXNlVP
JGw+KSYnPnFKVG9FQy5xaVReRVBPQFgoa15zKGxlSGM4SVA1Z2JNTmY8bmE0KyJuajY+bVBMPUVY
MjlVY0osXC8uc0Q4XD9wTVo8WiYhRDRaaVJPKiNUQiwxIzpOUiZWbF9JKUgvLHVfVycjMkhcZ1Fn
XUs3XlBwcUIjMVFrcFRCZURbTC4/WzxxdU1uXUdxIyonLD8xYCNgOk1aYiwrby05MC9DKmcvO1g9
ISUjQyVRK1xSW1M+aCxJPC5GZm9UJ19hUVNwZEtdIUEsb0xFKmI2Kjl1czdSb0hvUFVVK24hXlcy
WWo5T29zZiFcci1MOE83LFxXIVg+W2ErZkQmOD8yPCJ0QG5LTTRnQGIlQz87aVtkJEEqKWFeL1hS
cmRQR0smN0gkX2dWPDVnNCdbYWc2JGFOT2dPcCEtNlNOUDJPKVlJJz10IT1wMjRcOFtkOzJtXFE6
JXQpKmVOXyNcMzlIMyUtQEtwKF1qOU9gXz5PNGEjV20pSFFTMEFLKiFSIU0sQFdCRi80VFBRRUcq
PiVTZzhgJFxMRS5wJ0NTPGcwdVlMSF0ubERSSkY4byZNWytcaVA5LiFAVVExRFFAK0xcc1hpQl1V
VVJfYjVrZERMYWVIbVVdJzk2MnAvWF9bb1JcNmNYNCZRSHFQVjEtNyg5SVZGOTlUbkxfVCguIT06
aU1IPV8yX11mRj9ydFJQOSJUL25rYUVtKmFaZy5qRlhVUFQ9JF1AUlFGV1shKE9IZS81S1wvNzAv
NylOVmo9KjVKUD8xdS9XTWpXaE05QG8hM2RjR182OE8xXCosS0xlPmRwdVw1SGxhYTFAcjonaVZi
b2VJY3FmKlpSRUowVUYsMVZrVW1hSEdSdWBTOzFWMzYjbiopIV40KnNLWUAoRjJrKzRVSUBkTzBY
ciZZL0hVaCknbUtPajArRUdLPk0nYnVdX1ouVlgtN3NHRy5nNEJWTmsyTV0zbWY1P3NSOFssKTAh
P1w7STViV24rSj01Nm5CaERAWHRiITxcQ0stcm5vQFBTITAoYnRFT3IqWFE/SzdeRz8rR0IhLj40
Ul1HZyhiP1JhbD5NZi8iW1xZTyZzPXJTNyYuT18kaEJCRUwwUF1jMVxhaDdxZStecj82bVJNUF5M
KXQyWyUsUDFBYG0nclJHbDhzQC9ZLSpFX18qSUMkXCtlU0VBTF9IQDRoWFQrJFFpVShLVVAlN0gy
YDFUVkVXPkYySFooP3RrNlNqXE1LXmV1VDY7Wl01cV4xQjVkNiRBJDhOLkIqYWMiMmk+SEhEM0lh
RCwidD9nPFNOOTFpc2Q4RlInRzNbbHVTRGorSmwuJFdUcjFURSkyR1lXOFZnKiVaN1UrX2VwXFM8
S2tPIitybiddXmxzOydjNEl0P08+VFJAbTFfSmEqMnRfMitBQ1EzZE8tL3AwSUo1XCNAM3FyKFlw
REw1cy0/PUVQaGMoQ0N0PjIoK0EpVD1cXHVCV2Foa1ZKV2xFZjs0THVVZXJIR0xHdVAyVC8qYFxs
VjxGc0Q7R2MvVWAkK3BKQVQ4Q1Izck83YmhGOEAkKSs1QXFVQVltRjUqUm9DYTdFUSJcVDMybUU0
PVpbXyFrSDVqXWdFMmhXTjlhJyJRcE5tSVQ2VVNdYnRUQCwmXW1tTissL2NLPi5gMCFuYV9fV1c2
cXNacnBZV091SipFOm1JVDlxQDxDQDhIXjY3dCFoQUIhaVgmUyUhayojIjhfaV9fXFY6cSpbQkAk
XilPUD5UPVs2Yk9FLGg5VldHJCctZyNPXmphV0RONS4vTy9ZLWA/Nm83Vmg1WWclPFIlTCE4VUJT
WzRcVnFAMlYtNTdlZSIidVoyLXFwSEMvNGZQTmlnWkwkR3U8WjRkbFpqdDBQbUkmTXJ1R09vP3VL
SUZPQHErNCY+V1ApIlg9TS1Jc2NBPSlJYGpIQ1AvRjBIRDxOUmVlI2FjXUNFbExuODJgKF5EImsq
P0dAPkdiPmhXVik2a3FTUVFzKystdUs+ImZMJzllNVFHK1dQbmlSJyIrSUlEKGsuKzhtI0Zub3Mq
OC1KNFVBYyJuR2pWTzchL1JPXU5DZGxpVCVZUkEwXmxhU1hNcTtlJzJTWCJXUHAtdWIxOi1UOC9x
T1JLaCRESTdQZlwiZF9GYCdNPydScW07KCs6PC9zQGpgW1F1KDlqaUFrLF5BMmkiYXIzL2JIZlA8
KGE7UXJ0Yy8oPXNhSikrJj45JyVeZDlGMmc0OGhPKjRBPyNcMWclTHE/SzZpclZJKWJVMThHNiFQ
W242JXA/T285M3FpVDsvSDYjLit0QDcnWys8LU0xMlJJZ00xIyxZQXJQLylNZjAuUE4tUVN0WjtE
UV9uW2xgU0pLazdeUm87SmBmVSZkNTwwSTgqS3QyKUJQN3M/VTJgTlEjSF9gYVskWkBKbDIpQDVl
UyUzXGVOKC9VWD0pN2klbWxTVVFKYDRzRk44bSpILCpnQDkkdERfJFM1LllRLk1HZkleNnAhT2Bk
Q1dZRFRkIjslPzdJSE8mQE4+PWpsNWEvNl9FTHJmRF1ybSo9PTNUUUxxXSQvW3JZayZDS1lHaF1E
N1xMWTIiXVJpPWsmVCJONS51LSRYXHAvOHFcZ2FnNGtOV01WZ0NRQDBOYzhNYTsjQGZuP2JePTph
Ti5vQ05rTE4hX2VNMzttUiMqWkZWRGo5SWJvY0NgTD9CUGVxQV1HR1JSRlpFbkYjPF9JS08tbzhC
IVZiTGg8azdrJiM6L2RiUjxSNWRYNihnKlhpK1grXk4jWkA/clQwPEkxKG1FWnRVJTgmOTNMbXMl
MnI2UFNxPVJlWCFxWjRiMmZcQGMuUF4kYCM+MTgyQC5eQzs5JlV1JXBtLlM2JV5DMF9HOFY1UF5i
YEAkOStdW1VvZD0kRSE2Ujo+Zy0wbjcjUF4wcFZDczNeQTBfUClgUjc4M3AyYycvMlkrYzxNJyMz
SkorIyo7ZlxGJWFOPk1OQjJbVklMJVgzJlZFOlgzPCEpXiRUMSU0SiJfWV5zI3BcLz9Aa3NCcEU7
T0gnUG9fOHIsLUE0RFE4KWY1U3EmKlJyJTxaY1BuZXMrR0NZWDoyXy9Db0FyVCJVX18mUWxxZXJi
VD9LOCpjIyFbMythVk49YDJGQypqPGNrKFJoRXBQa0w4LDlEV2s6XE40PS9aTkUzdWpkcS50SlFK
SUtdaDEqXGYhVmtfUV1LRytecUQiSUtBViQmcDlRXjY9cmcnNFRdbEFzTmBGN1pATUkkYzYlJyVG
JlRQX3VQaVBCPUc+YzJNYkspJ0ROQEwhPUhLR2xQRXI6Ij9IVDY3MVNoaGc7OnBzQiVDQGNMcSxp
Z1RGRCJOXDU6NkZpODRnTDYoa2MvQUI4KSdKT1YhRUJSVWRVNSRIT0xeT2FkOjkwNXNXMkZjal81
TXJpcEo1QCtYZiVHSyQlbVRcODRhXk1ZQGU2WSNlWSdLVzpmaCMuQG8maSRAb0ciTyVOcz0mTWA4
JHIzSUhkTFJnNUNfTT9SQG1aYS5iTFNxU3JNXFZDLmtNMSZbMVkyOWw+a28oOztEb2MudCJgSitZ
OGpeSzgocnIrSkFNJSouWC9ILlllTVw0JTJISl9IUyljPTlCY2ElJVdqbTtBPj8hL1BYamJwNEQv
SVByTFZ1S3JUYS4rJTsxYiddYWU5czdfQlFCXl5tRXVXYiEzKFFjNVQ8NEloT1lZQT1VJDZXZnM9
Z0lwUUhnRWMkVDlDMk1BYEZUYFdnUCY5KkYxWnVhQkBdJltSTXAnW2dhO0VqLEE3UUlSSzdcIS5J
MS1fKylkaXQxSTwtYDBYI1k2XVFebjQnaU1XTjtDdTFJZW10QjpPNkA+NyRETjY5biExVmomU2Es
Q0FwLXFuXT0ncElVQigjOm9XQGU6Oi84WGY4TV4vWzdQMDpaLS5GW1VjPzUkP2kjOykwMyhZLCts
UXUkPC1QY2JVaT5LajEsSVU0QD1JZW1pbGQoSjgzXSs5cCNGVTdCMj0wVkk0Pz9XYmwnQ14raTov
M0ZyW1BOIWMzMjIlKFU4Xy5FTSxmX0g2aSpKN1YmTT9MX1NSUjUlbz9cQ2FncXErNlhZbyIoN2Q8
Szk5WGU5NWIhPTc9MSE5OlwiS1pFJzMudWlRXjNxVGhOO0Y1K3MzV20mbklsSmBUc3VlJzlnJFE+
VWdIOV9CWkBATmVZaFhoM19uQVQyYSJKZWBZSjBLN15zODllVGhaSlk3cDw2XG5wKzlMUGNJbmQ3
QEVmcGpUTmh1YCEjMS1XWEBYUDZFKFtyOjVeMWlkK08tXC5oTjZ1UUpfTi90NUE4U2RmRC42LUtx
XW9nXWwmNCRRTWVtU01ETlhTTD5RPjVhMCwsb1IuTCVfMnJsPkdIUVs7ZnNIKE1COk5uIWA1I1JH
bS5ubWNdckBeLE4+P1I5NSpwUChMKz5uciNobURabC8zZU1kXigpNj1WU24tQW0jSFk4MkRKRTEk
KVs2bWEhL088TlBoNi0jbztbLGlNSjZbLy4/UUw+QSJZNkBpKVNZaU1YcW1XT3J0Oj4jI2ROYT49
TExcKD04LDk4ZnA1I01iL3BFKEhCSFRlWFojRFI3dHJhMlhQRy9HQzQ0VjtlLlRcRzBOWUJTPT8y
TlI5SVFQWSRsIjxTNSwvUSo4WTdtVzEyJV1rYUtTXFo0KG0uRGhyVF1wOk9HQHBkOFInY0UmLSFC
ZXFILUoiVzJmTEpWNHMxYVU+KidJRC04YjVRUzxZOFldKEw5cU9QK0BiJE51WmlcS2AnIzs5UzM9
RFxDVkFGLm44KjIyWmFAcERgQSNCVHJNNjFcLSQmKnR1MzgxYCJBMkFRZjhnWnI8LHEuLWdKW09a
IjhDJy4wRUlAcTFqIzYrQkxRSEtyajJgV3MjT24+IVBnR29aQ0lzcEZjQWFuIiRPOnBAaUNNNSQl
VjhxI1E2WV1CQCY+V1opLzctcFM+cD5zQi8+QWlILUpDW0gqNj9McD8pQygsY2stPWNWZiIoWURt
Y0sxTzVFJTgqOFEpMm1mMk1oUlNSODIyKUgublhZI1hgYiVpYyI7a1Q0TiM9OVgtdTpAJWxLWE82
WFUyazQuZzkpYjVpX0RmPmlNYDArJzxZKkwiQzJGPk0qVmFbc2NeKic+VilEKldWXmk4a3FpMmhQ
XVU+ME1nYloiW0RcMiNQNj06N2lkRFdccGMrUDJvM0YvRCRzUGs/YEhqP2FTYjxKIVlwcWNxRWQ1
cElIZGBxJGc/OUY5UFtqI3M1bygkPkE1ImZnOUVKcSdMRlxoamI/Qj5CYy84Z14jSGgzbSpmSmhW
MUhfJTw0OVAmM1U2OiU4UGhCdU1KIWtbXiltJyMnPGQ/QXFlMFpFLkFNdS43L3MvZGVSKDhoNSMl
QGIzc0BkVVBoW3VNIioucjdbWnNwdFg3X2BDTU0wJE5eMm1YWydNIk9yYSpEJ0ZZUEpfIlE7W1ZQ
ImBdV2pDLTRrOlVzISZVVSRfISVKXF9KdV8rYm87L2ltZTxFYFJLdWdKLjV0RG9aKTdhWy85My0u
cWpsPDlIZHI/ZzsiMk1Xbl5BYE9RZzteLnJBJGE8VmFjWWJqbGQ+VHRSRm0xO2xfS2lNLUAsS0li
JlcwOSlmJDghWi5GWGkhXmE9ZiE9TFYwWk9JXjQ0WVFAYCtQJF5Sbkc9TCNHVm09cyZbXlhoO1Ji
dDpNPDJhOTZMSyYwX14lQ2JmZzlWJTImWz5LVEYpI24zLiUhOW47WV0vOGZOZVovZEo8ZFg0UkZH
PHAyJkg6bzRFN0NgZFVoXF8rJjU7JjZqKHQuJWgtVU8xKl4rLGpsQE5sOHNxVFFLLEdVVUQ5a1I+
JHVVb2dZPXBeXDsrJjpmQDhgVSI8JCsxRkF1ajg7IkhFYUwrZlkiWlBObChaV19ULmddNjhmPW9n
KURccl5pWllOMGxyNl4lYHUmYDhXUWNBLWBnVTF0YWVxVTp0WDhVYCVba24oT0EwbTFzUzc/SChi
J2wyOmZDRUQuY1pQLj8jOm1iY1pybDEtSkhHRzBnUVM+bTcjZSpPXTxOMyE9bk1JSjBEN3VnWHBK
NkdTRGgxbGpNIy0zJ2ZhWzdYTWVyXy9OOmF1dHM6OjlGXWxsXGZRZUVNVDc9aGZaXVE3Y043Zktj
VCVFWyc9WiErYFx1KlMsXycsRXBmSFcrVEBWaU5mXSU2JDtQTF1SMVFYJy87JmxOKz9AaDIuVWgh
bDQlPT5tT3FcUFhSYmxOPCcwOXUuNVVSLWJZLEEvVnREQ2NVKWZuIyNzJm9UTl91Zzk7cUEwLVxX
XltmY1dVPTEyZ0pHaWY9NXEjSlJGbkhHSTNTbDleWlZWZ3NaZjhUZjNuOEMsdGBYPElnbktdQmJI
LidBMXFFIW0nVlshY2wqTkQoUSo/Si1EWl83Km1ebzthInBLa2UsIm5vNEtfdFQ9bHBzYixqcUFq
LlhjPFFAcTBCNEtXWXJOSWZkZDRZNF5sK2wxTnRoOlhzOV8pMkMvU19PR1pwJCRFUD1zQ3NLJTpg
XnJbOz0zOVBDNyo9UVotSTgoXm8nVU9vMGA7VilyITRMVnBaTU5TOFJWaksyVSVkTis+VjFxLkgr
YiJMaWYiZitKSS1vbSEmclxBUVpDQU5UdFpzZEhYLDpDayQvUz1CNWFTLTJYS1MzMz0qJTtva2FQ
XyRda25AXyEncV9UUiUxUl0nP2UxTktvSTcrXF9vRGkqVnAmVWVmdVxVJi9ZUSFGYT9hZjspPmk+
KDg3OkRYYV1NNChjK0NpRyxnTStlTjBXX21AalksWzQ9TGQ9XydgYTwsMlU1WFhhKjdkRCFudWwn
VVpiXVJVWVUkNScnIkBgcz41VEBSNDYjcXJnVSojTyVwMGQiW1JYTy40OW9bWUIvJUwrIyFhZVZr
K3FuK2diUWtYZUskSFFEOmpDbipJZFk9ZmNQUywqZVY3MFNDaFhoVzwoOjRcXyQwY3U/Ujk5WEst
PilvXHJjcGRkKGU6W1JeT3FsRSYyOiRPU1pgbC4tYEQoSlpoUU9DU25aPWxGWEY4Wl5AaituSFdi
YFQmaEJHXj9LbVpVQDxkKVgqL1VmL1VRJUg1UHBrPVdBX11nIi9pWW5PVTJMTEljSFFRNzBxYkVP
JV5dPTJnRWpAcGQlaVNJXilDRWtFNDUqVS1BOS1ELUhbTDpsZDcvJyc2NDVCUGtSUk9fZCItTiww
Ul1da0VGXi88a1M0ISxRT0BcWztGa1E9OGtbSzdeRkAhckRlSyFoTjpFY0ciWnVKLDUvci04QzFP
Mz47a3AoRnApaGQwMVkwbzRkR0NraGU2LE9hU2pwW3NkamhRWSxSdF1jTCpKSzJOXTQ1ZVFwJSgo
OVtxXVcsST9iJ0tnYHVcOXJXVj1cOUxyUU9zQSQjPV10JFomNiRbPV9CPmJSQi1cRUAyU204NUU1
dWpCPldhTWc5cyZhNkdeU2JcUE0yNzM+JWlMN05pWyJCQ1ZvL2JUIjljdSgnU2FwWWJGQFxZOV1F
aSlCJmVAamguPDM/PSNoIVRSXipBLCxoTT5sZSlFNGQySlQ9LSRddWMsczIiWTNBVSgvZEU5MTRm
NT8lT1dNVkQlI0E1Y1YuVmBjNmRxRVNQPmhtaVlfVzw7MzlKK2RiRXM4SFhGNSx0OWs8dGQxKys5
O0A5azZYXFZbWE9bTyZnRW5NaiZSQTgiNCU4Tkc8azFXIXNtXy9mNC1dJ1VFRlhjTzVdaEU7T09t
aThPM1BrXVosXyhRYUcyLSI9Nk5nWVgnLnFTakVPIz9APiouLjZkPShwQ0hGaXFGW3M8ZGI6Y0U7
UjYzYCMzR1lPZ1AoMW0xX2ovRm5WYT9kKS0uPm0wU00qLE41XkJUPiItRW4uXyQ3LTByIkhib2Bk
KEstTSZcZWxNLSVQXFNtXFVPSGBFTyFtcTdhbS0yS0tsbWBAS150IlhiUConPnBJXEBKWEcvJl5A
amg6dCoxOUxOUzhoSnBwZEVaOztoSUVCN3VWQHRvU2ZvJmpvbC1BWHVxKG9EcnVIJGdYKlRJRjAh
VmxXJlNgVWVeaDhtaUFAdDttUW8yUzkjOTNBOjdNVjs6VyZyP1shLHMmR1debkdfQnUnNGl0SCo3
bWksV0hYdV8iOWJWcigpYWoibjIsMTdMZk1PKEJJNSc3QHBqPmVwVWInKjBxKUUrJV9WaChAaT5h
U3MiWzpCNCZMI3IyXVlJU1ZLbWVVZFYvKF08KW8lajBOSXAvMCZpUlAqVjZzVj8wJiI+WHA3YEQn
MiU/SSsvNkdnT1QiP05sRjlmZUtPSUItLDZiRkxFI0QyJkUoK2VoWGRoMXE+NWZOTl5zO1QkMTxA
J0pdbkRdNTRdVzRkWWxuck1nPTluQ2FzMFRqIjREcWRoJ1IkVjU1YWtHTlxoXDV1UCojWzw/XHJu
WE8rXVwuRChSTEBBSVU5IjhmckVmMyg8TDVHZzhLa0BWXz1uO11BSShTS0wtRGJrNlJlR25xNWcr
NjZoLk9QI3JLYipVI2NWLzRcOFIqMEhzL01ObDlkTEplcy5jW1lnZW4yPTVfTEJtayUlcD9iW0Vw
bDVlSDQzPGA5L1xRZ3FaWGUoXzFQRVZYcm5wT3BYNVEqcGM3Zi5OclllI1RzaFw0LW42Y1dtSmAq
KGZFWiVgKWBpbEYpdSoiJ1lkSCpkWFRPMWdLTFBBNGhbODQxIjZDZ2NcaV4tPTlJQTNOL0klWSY9
aEI7K1JJI2E2RzNwIlwndDkzJityMW9ZbjA6LicsLDBWQVM8SVM3QlUpRFs+JydhSk5pYC1JbC1c
XC1rS3FYSU8mXHRlK3VbJ2tiLWA/Kjk0KC1BYkhKQkBiZiRMQWAkRzAkWFEjQ3JUNzZMY19eTT81
JFQnV2A1JnJ0XUVgR0Ekb1o0OjBAVVsyOzZnVkchL2xCTVY3PHNsTG5lcXMlTFEtJUAqTWxsZT9R
Vlg7Wl06R1xUVzVHOFdJa1t1ZHNaXS9yUGJuQDc8ZFxlVVgjQS9vUi03WzVKSHMuU3IzOlRJLi1Z
WS1fJ19WMGEuPVRCTylYZHBhLVFOTE9PL2w8U2MnUUtOTll0alNnMjxkcTVGUFJdW11xQi1dTExg
PmAkZ1swTmk7UWslPWtnIXE8YXIiUkxfWGojOjdQRVE1ckM2VCUySTlAK0VMOElhYDZhPmwpX2Fg
VDptOicpKV80XnEtTTA7WC5SYkBnOlI2Z0hiKDJtWzhVJyE2K1gjajoqWkM4TVUtO0AvJyk/XUJS
X1BwdGdpPjxxOWVNS2JiJz5dKWYtaD1jXW5McWRtay9iUDxNWCthYEI3Tl5yPWxgQUphbmNpIVEk
LXBaPlluTyleM2FkXVEyTnFiT1RFQj4/ckomOC5YKDdtO15lOUw+NTVZPUwhKkxEPWteaDRDLkpM
NkwxPWJbMmZmSXVSJWJRKjdVQTU9XiYkTjwsXHIvcDlkcDVUTj4lOHAxNTpkXTRGLUxzKXVfZ1kr
PCozbypiX1QsbkVhZFJQKlJIbCgnLj9zPVZXSm8vdVlwZUEibi5OI1xuL0BEVldPLjFvJ3AmLSVY
ZT5VbicmR2FJdGdHUkZ1YDw1R0JhTlAkWzdwUiliS0hZWDF0QjlDSnJqVUw+QE4yQzBYQzFrOkZs
KUVKTUs3JW9GOGU7QWxLJ0tAaWdVVl9gLj1Aa3BWQzFKRmRscW5FPiZeXTtYZC9dTGpHXCJfUEIx
YDVuYWkpJm1YNHVSUlpII1tKV09yNzldKEsuZ2tncFM/QW1CV0pQWWEpKjlBMCRwV1JnSFZBM2Qk
Jj8sTkc4V2BPbD1kaGNDclxQPElFZDVnNmFRTC1jJDIxMDViTCEudV0mO2tCa2wnQGxTcCtCTy85
RkxNWVIzcVlgIkgwWWBnbjNxdDFwRVdcKC5HJzhVL1dUUyNmNWRZPi5HLTUxZj1gZGs3VVk8My4n
LVhFJiVIbCdKVHVHLS9uQXIuQVdcTFdzUUhKPFAqbDIqMzwwMVJMUEs/SVtvYUVANyxbN2MmbHNq
JmhYdGNiW18jISlxZXJpMi5uUi9xQXViRkJCWHVGTFdwZXFVQSIuODJOXTcxO14/YilQJF1nMzA8
X1VpaWtTdV5TdFRRWTRuTEttTDAjQllhblFGajA8XXAmIiZWQi4hM2NRUTpQTTN0alEnM2QhZkdU
STlYWC1qQSRMNCQscjVYNT9CKT88SipCWzUvTnQsZistKDBMViJzKmAuQStxdXMmYls2NllcW1Mo
Vz44czIqNE5fUlkkPkRsNiVhO1dHUURoWTlvOlI5LFJXNDw/WnBERi81J0dVVWJcazpTMlMkOzo4
InQ/PlNgRSY/RjUsY2Y0Y3FXPmg8QDdPYVIrZz5eTzlRampNYGFMOklLKFVTJ19NbUBDQDFEZCJL
YUBwK1YoVG1OZygrZzh1VW9OOjJfKEpccjZxQl1pbV8rQ18mYF5zV0stYiRPSCNKKWxDLkxPPicq
Vl9DYzRwXTc1KDJFc10xIV9vXDJFPDZZbl9dMkFEVzZyQyopW2QmdWMtRjsjLEddLj8tJy9ANE9X
VWRgZGowXitYPTBVJ1FjTT1HLlNXMTdVND1iVHFjKWJFZkhqLHVjQWdlZj5VaW5WXSchRFwtKjRY
U1tOKSg9bkdTQEMsNWtBPSZTIzlWJSUkPio8Z2BnSW5hRnAsc1JpK1pHYWEnbFNJRUxRLDgqcHVU
dSJjXEY0Z1dZTSdvIlowRS5XTyJuMWs1Syo/WWZUPihQRTNWWTplKTw6TGMkY3BwSFcmPzJHMyxK
NUVLLEM/ZWpAPUY8KFFUWXU+N3JbVlg6Qkc1dStQXzJTPHQmN2NqVzRgL2ZCXDYzbidjNnVEI01F
cHFPRSlMKC1eVTpBLlI1LSIhYjAxdSxYIlVXOigwWWVfNiRoYGM2aE45PVhNLlBqL2lsSCwlNm5F
W2VPPXVTVj5vTWhJNlJTJSZNXnVrQHJ0TyE5azRsNVlxPFRJLXNXaHA3UywvMCE1cz9hNXRALDRu
QyxGTHE/ZiFDISRxM2RDSWJZZEw2LXUnUiJBKzYlOmFdJ1sqXVhbInIzQC4vOC0sdUZxOC9sQV9R
RE1ZbU5sISQzdWk0Q1EqXCc8Y1ZBMEs8KiIvZSlLOEFeT21iYERQVyQ+NycnUEplLz5XZD9yOkVE
cV5uKGs8KCpHLCFzNENJWTlbNicsPSxCMXAzXkMrYDFmcmJvSXJbS0xYUFFPXEpaN3QwKSY6V01P
NyM0IzZibnA+YiQ9JUNIIi4mXzojTFZSMlZ1Z0FmRjkkZyJDWVdrMk1AUGU/SkVvJDYnbygpXUVB
IUguO2s6U1I5Z2U5YjMoXz1Bci5Gbl4kaG5fZ21oLEhLZFdRUyVRa1dvTiV0LVNITyRcKV9lNUxy
aEY/ODc3N0tkXD44dT4pMFNWVXBIP1NfQDpzK15PLkhXMFRtYVdkSSZSa2s8TiIwaixHUSxSKzJC
OSVqJ3VwKW0iSGxKbFpOUlE2NkFuO19PaGNTXjFLZFJkLC4/OyY+MThSW3I6Nk9YNUxeP0V1MlhZ
M0ZldTo/RmVAP05DVSEnQSlcc0oqUW9FXjwkQytuL0BvJFFQWmB1QVQvMzMrMkNmYUw4WXA6PVAw
QGFtWCw4W1dvR0NuXWpWZnAtVGddRCs0dSVRNDpHQVNLKV1ZOT44XllbZilJTCxdMk0lO2VJVUdR
NWtLaipgQTheOVc5aEU5aidlV2tKcSJ0a0NNczB1cUEpbFY0R3VKO2VIRCkkZmw9JSJoTiU4NUwt
LFktSiY1TWErWD86TUlIZCQiPDgjR0QkWzg2blhOKz9CcllbQGJoMygwajhpKk5oXC5rNkYrZnFe
SDdfM0UrXDFQT2hgJjZ0YzE6ZitmPipNS0E8N3RyY25GNkh1Qic4Rjg4VUVjYTc4RypLa0VgZCxF
ZEVtUFdESEYoI0I4VjIjPCpmLStxJyljP1dCPjJuNFwjXnJESmlna0NeaTZFPVBTSWUwNCU0YWMp
JUpvX29CS2dlOkgncVw3QjVcYmM/XSlabyRIW0soIkA7RigpMy4sLUoiNlFsUUtrYWg7YTtCKVld
LiN0MTM5MU8mNSUjbmRPQ0AlVFVuPVdAL1pVLFgrNU9hLj9PNnB1SiohbDsiITwlO0ljZm5ZVSlP
R251O1I+V0hVYDBqQ0ZuMS5iR1ArI1MiXFAnJUVSN28rUktKbiEva0poQFk7MkxPVjxyN2FzXDt1
NjU7cGNbcElQLTl1Z1RqMjIvXiVdUCg0P2dSS2tWRnMpPXVAIUE0U0FuPHFPQVNxN2NqZmIiPStU
WU1QV2paJVBSW1AjQnNcYzs0YixLTnFDXzd0cnFeaEwtTy5Fbi1iKUpBdSFUVT4ubFZMIS1pc1VM
PTNdXFg+aDlhM2hRPkVBJTI5YmZnXFUoYE1mS1YlTzg+PCloKGdxTFVHPzBiIVEtWzhdKzBBcDJy
S0c5azdeK2c7UTosbVxyaWwwInIrXD07MFZHM2Z0VztjSGJeOmFoaldJbzRRck5pWGJYRWIoZEc1
IVM9IyUzSiMzPSw7I1BpVV5oUF9xcycucVdoVypKZk8mYzZNbjtrO1xfWnAxS2JVbSV1L15yLXVg
Xy4uLFIybVVvY19HS2FLYVUnT2pcb1AlP2c/XSZfQkZLMSJvKipUSDY2QUU7b3RqR2NaMUA4WkNA
UjtXZUdVaFRBRCtUUUBhRTkvYEpIJWdjQEFYQVhjbmRBUyg5amVkKGNyLz9gL21NQiQ3K01QTloh
Z0IwX1ZJPzM+MWUiVT1vN1E5Mzw6aV0jc1UjPCxTUzhvYDBfdTBecVg0WUYvT14tbTM1WFMnPC5G
ZmJmRD9XQUtZXipmW05kWThMKTh1I0g9SUcsZUxZLlJvbWUsKUhtYS9MVmJeVi9bZEdQJiVZRFNs
bFJuOF8rcTRUISVOLG9xPDdAanJCOS5bYjVRQWVlcFVKT04wIytocjdjIVxaSEdMKGBqTzxcXFk5
Jy04NyVqay1gRUZnQ2ZGOnNmLllGcEJebXImVjghOFM1SG00JThGZSdCaVk6VEhMJ1U8LiZsP1Q5
LEs8XCgzKE9QZCZRRF9XbDlQLFskJmQnUWIsLENKPFcpUTtMQVRtczZZcCJLMXQ2Yy9CdU0vYUtY
SjNbOiYoUV03QFVhKmxgM2Y0ZlMjam1qbmZSR0M/cStyVUpSc2NUMmU1cilkbjZmSDFNaiY/K1xC
UzlHRDkmO1Y0bSMyKVU+ayVvanVRQis/IXVZRF9mW2hrWTBpXU88VScvc188QE9VOzVVPTVIPjxn
XDBgWjtoO1hwYWtqIi1kaFtoJTA+Rl9eZHQ+IT5FKmRFN09DLDs9Q1BuQypdS3IicWo2JlwvTiRf
MWVDWV83aTI1IVdBWWEuOlotWlFzam1AR2dHWUZyLHJtKT9WT0YvdD1sayxYVSJTTG9IWVJkKmk3
Z0ovPTInYzooYVw5TVBGKG1kJGo7VTRLXzEvJm1bZzMxUDslOnR1P211ZlBFJHR0ZVtDMTlbZkg9
SFU7WiJYXkg7aUU4MzdBN3QoWG5sVVNIS0MqUmdmLy43VWw+OyorY2lNLVpdLV5kaU4uVVVFWEtf
LFJAW182LThxO2w5Zjk5I25yT0xwMFFxSypYWVs1ISZkaUtBaFJBIUNpVy5Ibz5cKSw4bUhxQjgm
X1QtVSUzIVdva0VzQC9ZK0VHO1dadC1CRVFXQUJSVk0nZW0ibC01ZVp1QklSVGFCVTEnSzIpR2le
dTBDMEYtUSl1UiJJaWpCXnNrJnIzb2ZqcUN0WUMnJl5ESTJrVT9eKk4qY2pFSWNpbW1AP204NDlp
VG9lN1FUVExKOlFrdWwuYSxFW1RPTnMra1Elci82amlHNmliQkU9NCtGRUdxLnExRStsNXU2TEZg
cDkiSWZLUGk0O1ZkOVhcRExfSUdkM0ZhR2NmUyduKzRVbWUnZXNWX0BmdT9MbzQjQW8/QnJfNUtj
WTZRRiNLJWNwcypiXlxhIUoqRzRnR19KPiRISUdZXlBvXF01XkU4LjJUPix0NSskTyphPlk7RERL
JitPMmY5ZWUraV1WVnBJc3EtXUhmR1RXcS0oKGxYZzJFVTxhWjNXJ3UrXzZzMmshRSZFIjRUKS1Q
c2g+WiJPXi1vRmBnMG8jR2YlSGw1ZCtNIkhYZzVKNERETmZCM3BwNj1SWl41Pm04JTZiQk9IJEFV
Pz1SLS1bclxiMSgnTUFjLTciRicxLj0zS1U/aWpDLjktclhPb09iX2tLIXNhL0JBdTs4SkthPTUn
JnBOakI0L1A1dCRzIU88VmlpTClRcSUkTHBeY0o3LmZBWCxRLlUuK1hGJCU/W2ZFT21RRWw1OnBO
P147LDZjLFBXKic4a2crN2tERFJvQmM0ZV8iRyklNnBXcFVBQ0dzUHBMUU4kP1BwT00zI11uZjto
T1hRJUUkMD05bWxzMkBHI2dhTWNqXlBUU1U5W28rPlIsZlJQIllmQW5ERjdNKlE+NTp0IUZaJTRj
LmQkIU5BVVpiV2MySV4jNFRDImosUz5oVD9WNzdIP2k2Yl44K0FZSkxbaTtHbClxIzhwJG5CMiNy
QFJgUmM3VjowPjsqSTU6SWUsY2VqPTpKKT1xdDtVLTtvNk1WcykuJjplK1VFU2RITk84N2peU149
OyhqSGhkPGFJOnIiPj1MNS5SLTw/bCkwcms0aC88VChjXSw5OFJgVjJtWTA1YkRTXHE5dGtZMm5G
QSQiKElzLmtlSlcsUDBoOD1iaSJbYT9GdSZBKURrNEdtY10vL0hxUEZrRj1NO0kvQDdKbS5uQSYx
ZThrUGFHYGUqKEdEVHIjaXJxIlImTW1MKjE3VCImRGxcXlU/JCNEJ0ZvJWk9MFFJOTZVMjIvLzsh
SG1aWmRMMTlqUmYhcGpcQF5uLCotNjNZV2BhUChZdDRTQEVQLF1yZV9IR0FEc1NGcTszP1NecU9t
cWU5aF1DS2sjLl1gZVIrPUlKTmgyaFppISchaEctUmltSFYhI2lqPU82Oy1jJS82PzdtXykySmtF
VSpgR2lXaGJAVnVwcHJgNiZubS5gJEonXnNgOj9bajowJTNMJigoNVJkMGBTQVtiaktWKyJWZycv
NEdrRDo6WFovc3QwMDhjNFpDQDNGOmJqWXAuZUkiUW5dYSlcPTxhSnU+O2s+b1k1UlpZcDsqTDE8
N11sXik9YzNFUT8ySlhjU1BiLTIrQyQoSGV0SzhmKUdWRGNCMEtaRXBkcU4zI01WaG1UdS8jVDVL
THJmcDdsWGBfLjtfYCdkJEQ1Q0xBQiJDJz1ZWGxwJ2lMb0woWFJFSldzNEZhWzlrP2paJVUoZFsm
XSFQR2dkYUIjV1dCN0liV0BCajlOUTc0ZiJCTCJwLUBjJmhvWW8iO0JlMTxzQ0FKWStPZFVublNy
aWpIXCs5Yz9NK0wwb2U1WSpjczVyYilfXSppNmo6bCg+aitqKiRyKSJcNXA+bjQ8TEQydU8vQFZm
IyZbPmNLO2khYU5uKGQ8QlgkL05xJWdrZF1maGtScnJaY0BaKnBOJ1AlVytSYzErVHNfMkhLXDtU
O0FhKlQhPFNEaG9SK1psdCRqWCRYX3VfPEk9L0g7TmZVc1BbcGUiK0RfQWouUVZnLTgjMlJNM2xQ
JFxsIm5JKGhuZ2I0V2s3Yks7ZS9rPjg/QWVsbHJvYlZoLDBOKltnTj5gT1xyT0RJOiUqZzhdYjVw
NnAtMEkrNlIqLWAqdExjalc3cDkrVi9cOG5pLEgnZkBMUEQjPkM4SjxWRy8kJnNtPFs+RGdAOUhK
J2ZlLmYyZW1jKy42aG5objIrIlxWP3RRR2pvY01sLXNMVnVrXisnX0EoOyFKK3Q7UVhbODQpOjEi
TCV0ciI8aStPSCs7MHBHWEdTZUlDQ05HUC9xcUpWclFZcUxVWiI7NSlrVixOb2x1QE9rYl5YPSom
WVVlOV5JJSw0R1YjZC9Haj4+bSY9RmA+RjVGPmcvXWpzb11qNyJRJGBLaHBaS1RwczRYT2kiNTlv
MmErX05INmg8NXMxWGFJN1pVVDFtTy9tXVM9LTQ6L3RNTWMqXU1BLXEyb3RVSVE3c28sdGwvY2c/
ZHJbKmhKQUplS2dnc2MuWSxVZlpPXlcxTzlQOEd1TVgyPFUtYWhOQDFwWiZEbSxgIk8xXkEpLl5F
UEVgTzJBJTsxcVdnYGhgL111KHRjJ3I3ZCJLa2ZhSG5fKFgodG5PbyRdSC1MOXReYGcnPmxNZiIz
bVF0SURTZUhfREBiaEVAUUUzPFZCVD5gUWVEbGIvQzhbRVcnXFA5ajlnWHVzR21hTSVjTFdZX2wo
YyImPVZGPCMoMlhiSj1IX0JLWVonTkZrVTMia2xEUUEwYWRSTkUhR04xJ15VV2dcTTUnJGEqayQz
al1rJ1YhSVsiMEg5b05TJycrY2ksS1p0c1M4V29eTDwvSS5uXUlmKWIuWSIrdTRERldgXDZEUGwt
VC1tUTBAQURfU0BxZixbWiRINTxRTWo8VyVOSWsnQ3UyUCpCdXQrWGElVTwlIU5sS2hkbiIoMFUx
USZgZiFLbTFvQnVRLyNFR1A0Pj5QVkZHO0xtWEtoWUMjRzQwcGMwVV8pdHEmSjs7LnRYcHBRVlYr
UFsnOiFSI3MoTihBaUhqRmgjLDZCRj0qSiE0NExvY1wobDFdYmdnS2paTlUrKik7LlJOXCYhajNI
OmgrN103cj9yLk9rZT9zIkZFOVBHVjY9NDxcdEdnIlBYLGUoRGoyT1wmbC4vYlJLPERBc1pdUU0n
KmkxNGRnRW04OW9eVGpNNSQ4IiNEMzBhcGo5U2lwSFVlP187UW0tXSxQWClGPSVJXnVramQoSype
STdtbXFyOyctPSI9Zic3QHBMNEY/TSldIjNqbE9fMkQwMStXXiVhY0xyL0xIYEk4I1NCXDhXKk9i
UztxZyVuTGEra0lnQ1xjLzVDZixwQi1HP1JHUSJzR1A8XSVGTyRkUEM/NjBFMWl1cldiVCxwREdg
P0xjMnVaLFBtW2JhY2piSTU1JCo/Z1sicVs1SnJbJm09KzU8bGpoYj5xTDlpYzZNcjRpOVY6VSlX
QzBWVFZJNFRWUmkxW01FaCkvalkpUVohL3NzSz5XbFRaRmhYQTkwPT8yLDFIOzZNWTJEQGZ1TVJF
JT9MMm5YJGJUMC5YXnJRaSZPXmo1KVQhPHA0ODVGRiFYVCVVTTo+SVoiPkk1OVdSUW10XSgrYkg3
S0csdENkWmk4JT40RDpGUUViM1lRVSRKJE42Z0AxR1IxcTU/T29cdTEiVUxhOT11aUpcNm9WKFps
V0YkbygwMHUqX0UkV1JrQSQ1alFLcUxvZiZjKj9ucGlBREoxRl1yQWJZOzV0M2NrLS40ZzVnJS4i
JFhOPV9SNSctRC5pUSwzLytiZj09YTVWPSwmS0VmZkMralwkLUNNSiJIZGhcPy1fO2Y7cWpqMC9e
OGE+O1tkKT5mOG1acyhEcjYsKVEjIj5wSThWKGtkSXBnTEVwbiFNa1xXXklGYUQnNTxFXFdHVTpO
Q2ZoM2JIWCJsRklmXmVcUGBKTDVAMWIjbDRmRC9bIihrNDJOaEJlb3RHKFZScygkKypbPzFNVS5W
V2NcSU1PLUk7JldxdTw/Q1ZNby9xOHFtXFFYN3FtXS5cVFNFYD5SQk5RbmpVRilkTWpAWXUnTlI1
NydTX2UsdVlWVWZaXD9hTGcnQ1k4a1tWcDo8bTg3RGowVmwlYDFjLlRcL25FSypjaFlYUD5YIyE8
LnFdP1JwSWpUTzYyS1RdL2M1b1BmLUolLFByWypeNCReNlExTEBvWDZjO1M7Kl8xTjRwbS43KSov
aCkvLzlvMVlBTzlwb0lxOVUvKT9AQi5DLVssaW1UcG01TlpmSVA7K1onNC0sMy5FVTFPS3RnclZV
RlFvN2xOJk1SOD1zXl0oNTNxVi8jR15UOVY/WTVYSkg+TjMyMTY/MUUjVm88Sl1Uay5jNiYpZGxp
KyZPdT45WGVoNDorXm5ZW0hzYGpkcT9zJVQuciE/cm1LU11nQyMpZlJeX2xjQ2FSZUBibmJCVUE+
LnRuTl10MiZoNEMxbG5DUEcqQkM8LyZkVWNDJlJsSVBAUDpzLiZcdVFCMC89blROW29GakUqT0tO
a28mX29MX2sxI3FKLFIoLjArYmckcDc8ZCJYKFxeOXFKPGI7Z2Qrc1IxbkdmPUFoa20vX1FLZHVi
LGpGOCRcaTU/QTdQdGpkNVZOLiFQQCo+SV9CbEBCdWpRVTNBXFxJTE5VKU0qXEJcWG0vJCtiLjIn
TnAnVCIrXmcuVE89Lj91LVNZYmBVbENzR0NnWU05S2BvQnEvPGZZWT9UQUt0NSw7YkFkSEwiU3NK
NGpUX1k9OkBwQHA3Y04xRytwIjo7XjdhWyElTSJOPF0udXEyOltqJlciJ1NKNCZjcDVFMSFSSlhJ
W3V1JVhyciRJdW9lUCdQcGMpJm1iRlBhbkBlSC9GMWYjRl9kSE5CdEkjdElPYSdWR3VkWVNjKGBn
KlB0SkVnXSNWZ21EPFVMMkooQ1llX2VxKTNFa1ZAb0xPS2NnN1NdR0BzNlkjREEoKSglUWUmMFJc
KlZAQmUoUnVFbV5tRj46S1dIaSo5YlZmMW4pIkNSa2FMTik1QUprIkNqUC42dCsqWj9dOlJkaU4/
K3M+cyxbYDJDQGhGUyQ2VUJQa1FhJCUvNkJRNlUsTWMwJzJLUS9YTjdeQ1syPlFUIkRPQCQkbWw4
aEI7a2hwN0ZZVyxnZGV1VmZVSS46PjVYcERxaVMkXEk0ISxDYi5tPC5ZIzpvKW1lXl0zUCVcKmMv
TldySD5DV0NvTydBKicwVU9fQylGTzdJW2RRUTgpZ1xiRU5AWVpHXidETy5LNSdNOydCQS5ERSEh
MVRdVXFoXD4mQTk+QlxlKl1LREc/J01OLi5jXkJpO2A3RjFqQDldSkdLSz9dYFkjcTdlYUoyPWY0
O1BcXDFITDFTJyMhbWk5WWgmRUYpWFJbLWdvY1JbIVFgWG8kcS9ERFQ1JkpxU2BMTDh0WzFSJmw0
TSVaWUVVKlpZL0JcNUgzYWJdaXExMFdKMU5QUEIkLFVAL2YvcWFhIUdWRzNdcFBBOU5gU1IpUE1w
NmBrM0REXDdtJVpmVy5XOSQ+cmNwaGRvOmArSG89WGtMT21VZVtRMkQpaWpdMjNJOWhxckJQSj1k
Kmhdb0VTSUxZJicmUThoblchZklcPWgubTxoa3FWTz1scFVHTUFVLUkjSWReIyNINSksIilAIzRI
IjQyVlxeW2AlLW42NiUrZWk9YkE8XEssVFkyQ29QdWs+Jmw/OkA4aGowSjc1dSFGKj1iTm0tbFNH
LSM9ImtmcSZVbSU+ZURJRCpIZTZNOCteQCZYcChObHBnLHEuKWhZX2ZjP2JuV1JxVS1hciJYQyxt
YUg3aUNsLD9MXXVeRzNoQDFMK1I7cTdvM2svMCVPRVBZaUliX0BdWjhvVzNuX2lvUFBPams8Llol
RktBK0opLkttK0xyZFllQTcjXzJCQDJacmtWI1xYP0BNLXNZPVchMzlaS0Ypbi1mb1JVI2EtYkQz
QiIhcnFnbG5jaVtQR3E6Qj1aQjh1Z1dNWkE6NEpuMzM6ViV1MT46aiZbX1dwP08iQlBAMjQ5Jj5U
QTZDTDosNmhvL2RFMmFCLiJYTnVIYEBIaDxIN2ohdClKbEI6UE9WUWVBN1E1J1E5PWJqbCI4VEUs
TmxjV2ROKTE6ZlsqLy85amdLT2dKW2YpQUEyb2FmYiJaTFVEPWsxWSpNXCxdTWoiJ2UyMUZFUC51
QDlhUEo1XmNzV3E/UCghJjAyOSFVMydeVSwjMXNBOm84REwrRV1gMVFhIjRzcmlcIy9YRjo0ODU3
RSZsVzJlVjU+bW5Bc01jPVQqMCllWzlOXzJLJGhrYVBGOTBELl9xSUEuZ1l1THJzRl5Zb0AzLFxC
MmgzJjlRNGRfbElDalsxJ2ZxcFpETW9JRWRpWy8tZCdHTGJYa0xNT1pgJjNbQHNHaVVaKEddSmpT
SksmYi9bZShIbE5YKSViNDBgVDRYWGkkTmdVUTwhLlx1Kl1xcSI6Klk4TWlzSWBkcUc2UjtLRWxi
YTtmVig8XDVDbm8lNWpBRFdgXHEuSiMyLUUiM2QnWFpyYFFOKTpoSDEvSTQrdF0mSD5rW0A8cCRw
ZklcUWwxN1tjSFElN2JvS2lxaydAOVFOY0JpK25jRCZPJCRWRGdbP28mVWFbTmVTcm0ucigrKz4m
ZVlxYD1yTU8lIWcuOEU4Vy1oUTJwLihgVT5rPS9XQVgqLjktLzxZLmJzZmc1SiwtSyEvNC9wTWxd
aEs6Ql9VKVAsKzF1LG9eYk4ucDBCcnVBY1Q6L1Q1RSIkTyZjR2ZlamApQF5BQzJyRShFV042MFtM
R0BUVF9HWzwsdFNHWFBQLkU2UTI8PU8oSzFPLlBPKG9EKUdzI21uaW9SQV9Fa0hwUG1DSWpGSTtL
Ky9VJl9kOVJQYj8hZXJyaEFnXUNmPGU9SEUsUkVuRkY6U0YpMTtkR2RgOCViaG5FcEtaLkpkMzVe
XGA0Rj0hbV9iWDclczFbY3JNY0tmVUFONlxDP0hQOyVGTCZzWkdbIihPTE5oXHJEY1FmK2UqcjhR
ZjIhMjUwRG1jcFolR1ZhKFRiKGA3aElAVz9OJlYjUTUrSDE7WFcjWyxycD5FKGphKj1kbyptQlBe
ZGJXbyNFaDdJSy8zO0I6ZUc6QD8xPlRhRTVZXVpPXS1pNVE+SjlWOClxL3A+cV5kPyZ1ai1Nbmxw
NmAoaj9PYWo6ckVvZW9vdVdpYi06XUJwYXJQIkE9SiRqJT5PZC5PLFFNUCMzdFhvIy1JIjkhLjJY
X25rSCQ0ZSprO1Y4WiFkaDFNT2ZOX2lUTmpmP2FrNVByZWdZPyVUbVk7NEM3Sm5URmxebmdqSjxe
QkclI05IX2Iib2I4bko3Z3VXMlRSYE43X2hvMkpVY2EkPCYtLCVrP0lrZTlnOStFJicyXjxuREY8
Vkp0R09bJkxCIi82P1hDZGYtLikyNz9YJydXTnRiQzpATklsX3BlXnB1byo7ZDUxR11dOk5sSmBT
L1EpcmQ9ZT1tWyhFXU9XTkpTW15CKk4oN0RMUDFVYXU6bDtZWj8xTlhdclhRJiZzSDtBSGBuYTsv
Rj0pVy83T3BVVDktN2JzNmxFL21fJFxmLUgxJnJYWmFOLWdmSkxaJzQ3KkFFKWA+SVpxOzVcM09i
RSkxIWw4UTkuUF0+P3MqQVk9ZF1DLzd1M2BUWyJwPyxjZWUoSEdQaCJZOiRhTCJSOT5gcEZfcmFg
bUNEN2x1NE49cEknXFtjQWsoOy9ZSjJlTEJRLyZGSWxbVEQnTzt1LFBUPzdZcE1UO0xycG9TPj1R
UkNkMEswVEIqJWglKk06XzVkP1g5aj0pXCxYcl5lSWZFcE1yJ2MmbXB1TUFZVigmRC1hXHMycU9h
bGRjbC9mW0UyNztnTzxCNnNBYHMvIWNPXmRIKUMrVWkhVDllNSg4dDBubldeRloyXi0qUydpNidm
XztvVFdIPjIiaiwpSDZJLkosV0lJY2RoMUUqMCE6OSRLUSpbJmtKZyhxcC9mcCRTTyQyQ1g/W3Ei
YmhwO0A7VSsubWFsKWgvUlAnWUNUaz1HVippclJeTz9pQjc+KmFMakYkWlRdIih0NFM2VSUkXURP
SHQvLF07YSZlamxfU2hna0xdPHVtL1YxNS88NXE1WicwRGIzT29eWTs1RnU3PzYwKVpBRkc5Smpw
VVVAOUFRcipcaVVXSzgiUF4iQW0+RlVTb2lcO0VCITdOKkJgbD8idVRlYiJrM2RZQ3AyNlVhOWRo
MUYjMldmXiZPJC5BcDs8U1FeYmFzNyg9SUY3UDNbM15XbDUxTTRhWGlASUdhPXBzQHFlby5lYmRH
aCEjJDZnQTdMVyI6RForJlFiTkFlSFg/XUVzNCxRKltsOEBBTU4waVolQlNjK2VNKU9wPFFvRzk0
UzMubDAzTXItLzwxWDpdXkRcVWwtbmY2a0ExOCQ5Tl8zQWpQOUU0amwpPWJoS0VYYFxnVmBpQiRo
YU1ARXU5Oi5XKEJGZWMsPDBPciVISGg3K11jQ1E9TSFsKFw6Q21pQCtRM0llIlAubj9lVjQtUGgu
VG9gVG9RS0lRWjBRNT8lQ2FDaWs7c0M/JHAzOnEjOiNRb1Q0NT4mPDc6O2UqWDIiTCNoOV1RQE1f
JCw5QkBUSmNOPFMydU9IPFVWMV49amwySEUrNSMvSi5dKTssOmI2NERzOChdWCcsVkcvZWhcJiRv
Wz50N0U0OlZWUnBIaGdDUVI5JlZJY2tQb2ZYVVhlLCw/VTo9VmxQaTYlIVM9dSJfPF5XTj0zYWI5
XG4zb2Y0bj1ZJUlNXXI+cjhbY0FYRUc2SmZ1LTBgW21gbzZSI1BFJ3FNal1EbEJGSFIlbW1OaUY+
VE09X1AuU1pmaDcnTTxNZT5IK3FfJkE0OHB1ay5DJ2UxSDhlUVhvU1ovUidUOm9AJCF1LS5sYCJa
aCUtNTZKblY3WFwpKGdML1g8NjFFQXFjJGMlcXQnJi9Cb0FZT2k0NFs7OGlyTE5nOE88NTZPN2hZ
LGQoNWIyKGFJY11JU3EyOCZhVGM9bSpbW2dEYV8tMywoaXAtMUojM1k6TzQ8dXVYVTgiXnRELHFB
Y0skRDRuRmFCRj0pbGIydW1zXDgoNltNZ1VyN1subydwNV9HSFVEOCpaRlZCLmhnbG9NNFo8NV9k
MXBNWipyIS5bI0VuOXMoT29BbVsrPSZqOiJaYHJMcy0uITBdVWAjQl0oNTlVc2JkWl5VakU6YV0/
L18/aWdcQCxNYichbVkuUUlvOS5jOVQ/NEhWNnUzZE5PWFA5KVwydVBcQktiTi4xb3BnakVJZTU5
LztGUVgoc1dsTVZaMW9SWiMpJFREbzdxWSVLSEp1IkhVSmxKW05WPilKbm1aZ1RCXFxuTVpNU0o0
VVJNSEA4YGFjK0tUb3Fjby9aPkNjcDNPTlBbSl0zLTFwNmAxYzdYcUdsUFhTLkZBMU00blBHKGFy
UEo7SzljMFZSXm87c2gtT146XlI9Y1JhRCU9XENQbW8uci85JTY4ZGdnO11mNDUyUHBMbGRaR0I3
N0xuZkRuZClOSVRZU24+c01lQFgsK2gyMHFJcEU1R0JcXVxaTkxAayxFNjMuIjpqbm9XLnUqOUAw
YElbLkc3LUNYMnJmPiElJyVYVC5yKFopYkB1KjBULF01KSNOOUFTOlY6MzdHUipLdUY1bSVdO0xM
XCoucEZPQkU7VCM6W09zZWc7Pl8rPHB0ckBZOVZVYCpJbD4tP2Y0TVdoPkdeXignZU0uSTY3dE51
WjFlPitGQTIsRmA1MXJUUnQ7Zz1kLj9YKz9WWWdUX1w8TXEtLSQoYikhbj1gXm9NVGtNYG5PVUZU
dU9rP1RpNUpRXmMibWdNR2FOMl5tPERtUS1TIzxKXiRSYXRyOm1RMEY4PTMvUzApPkgkW15fXDY1
MUl1ZjUpdVpsL1gqajpvJSFkNytGOnVwQDlfLTkoWVskU2pDcjxXcVtcRm5HWGJIIU5pZCEnRUdP
QzQ9QjB1UUVxNUlxNlVvWGlRXUVFXDVCdWwkcldhdDIjKFFUJmFiYComKWQ2LE4yMDRlXztaQj0z
ZixxRnFoIkBWP1UtZFxpKVgwOVxsTXBTaVdeOWlnWGZTS3JnOlE2bCQzPS5hMlk0QygtOXE/T3BQ
YG9tNk5YR1ktSGxEWFBGRHJITCxsYUombyRRcEshbDMuO2UibmJVLi9tX2IoPV1sNz0nOE1HXixw
WjdYRUI1clZcTUohKWFJQktmNFshKGcnNGcqQFs6YDAzbC42Rjc4L0JxW1IzKTQjZTU1TnVucmM9
ZGByamw0RW9ZWFBdMzZmUl91dGdNXzYzJVY+KW5TRnUrKzY8I0RTLSVYRHBaL1FDMC4zP3NFJWlp
IkwmQiljRG48ZjVhakJxKl8xNlhxTEljZDcjUC1wZEJTTlpqQFs+OG9HTkBnTzQzLD9rPm0vPyZm
MycpcVVTVTFOXShWckx0ISEpP0VPVmsnbl4sdHUmVyRUNyxLZiJSdG08YCMqQFUySm9uLEklYltH
J2JGRFoxbVhaKiUvTF9DUW0wNVwwI1loTHJqWXJOJVgtOyxeXW5kbV0rdSM4ZEx0ISUsQS5MTico
Q149I2tXQSw4W0JGPGAsVm8/S044IVpSNnMpJlk+ZU1zWFBpcGlvOnRqX15SVkchRUhybEMuIVZj
RFQhVUJEUTRvcChhbz0kaGJUQVB1aj8lXzRbUi8uVklRUSZgJ18sR2NQSW1EKC9WRzxdOW1PTyhq
VEI3VG46KzAqZGtxPGUuKVxiamZRRm8xSEwqPiQ/ZlVINEhHJmRBIylZQW49biQ8QTlZUi8vbD9g
Lz0jLCpDWXRcQUQiKGxrIjVpYXEvV2MocUUkJT43RnRbLCFJaDIlVzU5YGY6a2trQmZALUouISYk
JGlzMG1gaVk1UVw+YG1zVGtFR0dTWXM6OT5TOlxzZF4zNm1sO29sL3AhUlk0XWtOVUxVJEgoMHBt
YyxlbytPNCRALDQlOEphXTdxVGlgJEMhRCpQKl1NRjJpXSloLG1JOk48SXF0SU5PbmJDNT09ZS46
aGE+aipxZiUwTVIpZltQSFVeVCFZIiosJFwucUstJ1BgPDxSaksqPCpbKztFVT5nYD1XJWUnPGEo
QSViXXMjVTVVJWUrbV9bUCw2N0ZROkliYz9YTW03LU4rMS9qPjE5bj44LVRCZ3RDMWojUU01WEZg
UUVAMSMmVkU3cEYjUnEvUnVBIkRvPVZCPzdUIUooW3BqMXNTcT1DKi9nIlxvT2VIQkIzT2lWNEZV
QzorZkJILlQtLDNiITU0cmE5X0JoSl4jJ3BHIW1iNkVZUWBqRGdBLS0ybVQ3OXE6RnM/cm1EOWc1
UGxhL08zOyVYalVPSEJSRTVnUzo4OCU0QiFJdVZ0VEgvMT5CVSRvOnM4Tj5cJ0FNJUI1OC85bjo5
cztzT0FuTDR1SG85JG5TVm9FdVhHSExuKWUuKy9AbV9ZQylBOiZeMz1kJlhldF91LDVpWV5FXF03
S1o+JERxdDZkXT1fRCtRbiFpU2w5LToqKC81XlUoOkZELUw1dD0oZiZBTyVmXVZKR1s0cVA8bjdh
YGFJZ0lCVWxeVUhmVTtkKVFENW5eSzkwZU9HL0AjWU0uJ2k5WDpUal4rRDNUYnBIUzQ9SEQ2M1Zj
NSojWlJYaS9hU14jbiEuXSZCb2NcXylvLlA8MD9eIi1DQVJtbXRdaUk/O1IvJVZmZCgjcz9nW3Jx
R2hKU09RQ1JcUSk5P09WOTltJTcqVGUzT1NbImM+OD1NRGRxYyUjKFZZRGZQPEJDMDpDaDguPG9O
LE1BMj4tXz1YamRLbitDOG5UMmozTFVOb2thJE9CJmFhSFpQVit1XHVbaWk+LFEkZUgwLDknMUda
JEBBNicxbz8jOkVRQihbY2A/aWFiLFtlRmNZRUpeT2xIMGZOTG8qKkNOJTJtaVVQSUZQP0hzPVVi
UyVjOzxyUzcuL09UQkYpNXQ2I24zXVYnSDYiRzw0QGdBSS5aM0hcLF9tOSM9R3VNUDUrK2UyWEBq
OTpBZCNGWylrOnJBcTQ8aDIrPkMxNChgXU5YQzNQNTAyKzA+YWVdJD83LlhmNzVoRmBZQi4vLUVS
IUpfYW4jT2VvYmgpUmNDcSxHVk5FSmpPUW9AbixTdGNuLUpoVigzY0BxPVRvXlYrIkJrMDI1LDBb
RkYjI0BMW05qYjpgZ1taTiFgREpfSE5TLSlHUT5EIT0jK0YuWydDZjloXVJoLUA3WzNcMT5cXSZt
a2NNLWE+WkI6YCUmZjxlVVlgMzNNKT9VZmNiXGMwcz9FNDtnQGs+LCxgXUE/Rl5XK2Y9Smc9a2gl
aiYtQy4lNCdBYnA/WlFILisidG5jLlArYjs6MSxBQFo8NSJPM1Jbak1fSmNTYU4vbVNmRmdSKWNH
YCJUMWhZSlJGKUVrJXJ0NnFkJmlVK0U9TGIuVTBrbUhfLGFtTl0zaDk8RjpmVU49aXRHJExxK1Ui
YTRGcT4rMVhbSnFqLzNIcHBFKDs/cT1XQTs7SjVkc09jXk8kT2VILjQ/MWxCanJaclZWUEwrKGIp
JkdlN0VjYHU3bEFYJCozQSpBWGw6WEE/SSI7IzMhPEQmbDhNbkByIWMuUD8hbUA2MEFrMSs5XlNM
LlFZSGJmTl9fZDUoUTwqOENKPzIwaWMhNEFLTFhhR2FTOTgmM3MnNCMyMnI/TlA3bWhjUjsxWCMp
cEJgOWIjZmx1Rz8yMFRoS2E0NUhVaD8tRl4yNE5UJDRlNW5WXHA/Vl10X3I4bzYwUShxPGokKFVo
IUo6LSRubEVtb01ZOUNobVNQWkZBXi1mdDJAP0c3ZzVlTC9bTjtTXVtbOWUkIzRAbGZzQGc0YWhO
MTFLcDguRGI4ZCg5O1ppRz4/WWRlSXVkZGBoXSZhITgnPjVJVlFwIy86YFZGJDc+SHIlNShqbS8t
LTJkYUNMQiFQZktzZUg7RTdIVUcnMWFDQ1B0aD43RSVWazxqKSEoQz4tJWlkR0Q6bWkiTVFMPmpU
OU1RV0A6aTheRCdzczVRVENsJl8jLkUpL2JoRyl1RG9gZT9GYThsISpwWFI4IVpJRTQ/OUgkU0U7
XW4kO1lbdUFPaydMWkJsSS9gNHU5c2drSkJfJ0pzKWA8JlBoZGRRbDJXITVBTi9YZWMubjxEK0Nd
RjhjUT1pP3NTKz9xRWtAWy1gMDYsVT0mYWl0ZmRxM2JocnNXPHMiQ1E6JnFZJERATThVdWtxLlNn
NmBfN1FOOXVfNjVEM0tmJlxyTWc3SCtxbE9RbjNSVyJgbEZTSWlDTC5GZWdURGdyOD0pZFpvdV4/
RU5EXW9RbjJFK0g1cl0pOEMmZkYqO19eXUlFJG0wKztuZ2NLSylCaUQsY0hITjhWM3AkMmMuLXNM
LzpdZ01LQFZqZkhKJ0lCVUM3RSowPFdpUl1NcUFbOTtxPS0/R3JwMGYycydBWGIoVVRObiUoIlR1
TU1rPl9ucT1yXSsrTVFySDxgRkomV2FyaycpR2NxTihCIz0tIlVuQjZyZDAkOz5KQGxXbGpvdFVl
W0s2RCxjczxmLms8J0Y0WzBSaGRtKi5xcWghZEVSWjdvQ1hKV0xnK3AiIVYuRjhpWCI6R2Y6LzNC
Y2pVSztQISEmY14sKU9Fc0t1cT1XQ2pAZSU5Q0NBOm90VUYlYU5UclZvdWdVSTtGb286Mz9ZJVQ1
KXRwYEluQG88biEoZDs5ZkhSP1Q2aSMocUhQMWlEQEVwPCE1UStfVDBnWSZbNllRPkFENWU1RC9R
PTpvPCIsNUFDM0puYD5LUShvMUstL1tUaG4yalRZT0I8LjAlaFJFTygjaj87WC47SDZcbjlxKkJD
ZHVDdTRULERcZC5GTCJHIiNYcTJDWWNzJkJxQCxjTjZJNmEoODApJFkkTWhiSXFEbEg/RTptSG4x
SXVra15QYiRQJVMtJEE3Xzd1ZVdRL1tbcmpXWjEzIVRfP1UvNFthZklUM10rLztVWiVfVG9GLjRk
aFtBZUhDL3FdXV5aIjciY1o/PCljWE1BT2tSUHNSZjQ/aDlDMlhiRDdZWy1DdFcwLTFWclVVLSxc
LTxpKF4jTSRoKExsaiNwJHE6LGBsP3U4PSxqMjI1VmZaOT0pJV9xKiYyUypJNjteQS08ZW5LJ0xi
N2IqOHJnI21pYm85VDA0bWZtVVRrbnFITDU2UUUzPklTZmVaWjktQkBPNzhEdVhBNTtRODB0NWw7
WCMhTWFNbGczPSxRJDZSXEpxdXU2dC9UMUwlc15aIVFJXHMlPilbbitEVSlHR0NZV0dgWVUlPWxo
Sk1sJER0KClKUU9LNlkqbmErVF5DcylNbzs8KmtIIlhTVF1qPVBLNFxXcEddRkFHNSpZKD82dFFR
PWBjWVU7QlN0YEknNV87bE1SKWZfPFU3UC00RFNHRUJwR15IYkM7dCpvWUYtUlprSyFgKzo4YnQs
NlFOWU8rJV9ANW5sZDZRJ0svQyxWZ0JwSzFCRHRPST0rXUxJV0coQm1sNSxjb0okMy90UmUsb2Jv
ZWVVPWBbVl4xLjUoNGE3MmVkQGU4MztIXGhiJGdWQUNjc0JjQSdhRl9oMCQsQjkhK043PUxoJi5d
MExiW2ZCY10nIXA8TFFfMDIrV0FNT2dWVjAzYT8sJzlGPVchcyVyb1MlP3UnVjtlJFZITSUiXTE5
dWR0NTpgSGdAJTNpS089bk5uVz5vYUZfXUQ1VStYOGVbaFllOHFiVldEaWFxJF0jVzlPJCtEUzhO
J1paXSFuZioyQSZcc1ZtOShgOSZhRG5pb0Q8aVtjKC9OZURjbS0qLGpFOm4qKUBUIlo0TmBMRGdh
VzpcaS8/YyNJa1ZFaCpYay8tWVVJLmZKUzBhNitkOjhOcyRpZUo9XWhpK3FZZS5PMWJuLSdSO0U2
R2tpWVowbUVOdFlDKllxXywwY2liSi4zaFwuTiQmNVxoTGdkUmhLRiQ6K28iYlRqRjZjXVU5JmAl
MUwpQjBDVS0vZ21KIWklTzI/Tj9vWWZSNFBSUydoMCJMO0ZXYyc7cm9MQklII3VgQzg9MnAxbVgm
THVpQVM4W0s6PEw7J1c8XEgqM2Q8TFdZbGhKJFkhU1VkKS1LN1ZaRjcyRzdSaCNsImMpOnVSYVRC
Lyk6cClAQDYnVk9yPTpCWzJDXmIqZVtoK09NYVFoT1khNGxscWlmS3RbUGdRVzdIUV0jYSJDXz9k
cyJDTVdjYCNvXVVlVGRXREpVSkoyJjkhLzxWP1hFJlZcJU9jX0xIbj8/UFA2VVVdU24mMj4yKzI7
dS9uTHFYbD4yLmMzV15KTVFLViJeY3JjYVAjXEpMTWcyPTItREk6UWtkV0EsWDBya04nXFovWlNO
cjU6OCYqNHA8KGJrc28uJUUxUjFkTk9mM1ZQSnNXR1tQU041NS5COj9HPSJdXGAyb0lLWyY3aXFD
XUNqR2UqVSdRU009TGEnSEhqYShsLTdxb29tXFFuNlVNKGgjcHAyXCdDOzNnMjJJQD9pVmtvPUs7
OkZubTdhWUk0OEYhPEJuTGYsMF5mZzE0XG1PJiJNPlFSM2dgMmVyS3FOLFBbUmpMY0xbUSVfWGlI
QEBvVENKJXJfLEslUSdtLSNVJTNmPWhNLCd0LTJlKCIjWG88WGRjOXErJTY4OVpiOUhhLCtIVVRj
Zm4vIUNxW2JJNEE5WDxqb05HWSo0RkRnLFwvZnFvY1ZnNz5Ya0xlSkU6WjEtWmJXZiJxP0QvUlpR
LW9sOSZJRSJDK2UndVokMVMicWs/QkRSQkQ8P0ZdVlZgMElnUThdVlhkJV8hbCQ7MiUna0smNUpU
YT8iTV5sUnRTMFReY1pXRjVIOWhOZktdJDFHWUJsNUBeRSJrMFYzOFsoN09CRWJfWCxRMTtEc2BR
bCEhISJPSnJLJVsjVUlqST9AQVJ0NFtcLFFNUFlzXkMyWkwxYzEnc1BiRypsPl0yNXE3cTM/SDpt
P1Q/MWRlZm8/VzZHOyg+X0xpZ0QiJXBuVEdhWC84YkJtZ0lvUCJNQEArVy5AXU8zVy9jR1hSXkM8
QUFgcERqMy80RV4wak1kSWoqVWVxM1gxN1QkQmtvNnBvb2E7Nz1URyRFSS1URCk7dXE7R2xdZlBo
b1E5TkBYbSFVQkJmIShbcVIhWjc4P15RZGFJQ25hWDBrUXJaRjJbW2JoNkMoNGtfWEVCMGdUXkcn
dUozSWY4Q00pNDw8MT1lZWdDNyw6XF1BPmgsTzdZQSkvamxfJGZIKVJKZ0g/LGIpNypkdW4tblQz
Yi5aUmBEY0JzXnQoZ1wiTUhoT2pLPE9KKlZgaVdDKU1XSmEuO0InbUtVTU8jXmY9KU0wVyM/VChi
cTBDOzcpOU80KT1vTTI+OVlPKFgwSktpZ1lScnMhaWo3MGVDOVhTSiJSUWQnMl9zMUgzJk8hZzYm
LSFlOURWZTIjbVVWME0paD4hPDwqUks+PE01NScpMkcyczVLP2JEVWRlUUhRPylrJ1lpdERqUiZD
WG8sO0ZDVklML0ZRNnUmODVhUiVCZWVBZUZSXyRVMUdaPT1SY2dkPVtAOEhgZG1gdGIsUlo/Jjs8
WC5qKExMI1QnXS5Fc20+MCx0WzpSUWRkVzloK1x0ZW4kSjUyZyVkOlNyTFVHWScuazFmQEk/OV9H
OW8lITppaGEpKnNpVVleQEJwQmNpK2c8Z0FtOkZBbW5vakEiOTcnRnRVZjQ9KkA/S1s/STk6VVhs
LCFQQzhrdG5YNG9dIz1wRCkmWmJyUlxAZiltZFY9LXUiYWoxclREPFtqPF8hMF0jOiE1UmUmKTs0
c0JLYi1ZWzpIYSkhYiJLJCJeK3QoZGFudD9CQ3JuJ1IxKEQtNlU0IWZVbEElSFdYPGY1UXJRUzk3
KjlWaSRPSCw8OUdZN28xOXFpOlNVcWNhcWc8NltmNkI/cXA1S1ZgbyU/JixrU0UwVlJkRjB0IWMz
IiMtSlM/NlhiMidGIW5DNGRhQ0d1SFprUS1FSE4kN25UbkplcDReXHInTGZsUUBpVXQ7XDU0O0Mj
PlNrSlRoMk1iXmYzVWItSWtaPTJAXjdWY1Y1UGhLOklMVF5HVkVCO1VFUycmJChKZk4iXVdxQ1tc
Sj5ZP09pOGtUTlorI1hkQVFlSVQxJzRMWTFqWjVGdUpkUzU4ZVpUZiJCTCJhJjNFZ2BFIUYoYmY9
RGwnZiFqWFFMTlNqOl5iMEhWZGAuXltEMDdrTTtcLmIzTTFiJEU7aTJcaz9lT2ZHcU5eRmltKGc8
SE5iJHJrU1gtOU5iPGleM3JkdCdFX18rOEcpcjYsMFtNZFBVdClYYiEhXCF0VWA4TzokY0FENSEh
Jil0NElDNCYhISVPME0iWC5iLVtZTytrLigzY2Ymaz1wWzxkZzlKKi4zSFdtXDJJQG8mImIvam1o
JztCTmFqKl1VI0ovcy9YbGVjNT41b2lHY1Y1USVuWl9wXkwjP0I+PkdGZC8wV2VYRipNR0I+W15g
XzJnYSJaVF1bQWkkY1pYWys4I1ZKNGw/WE9IRTYqRjMlS21BUXRgR2pqWjYxRXJQSyx1LkM+Y1gi
bVMyPiZSZlZxLE5sRWNsZV9bXF1oSG5zK3BKImNqWjpaV3A1Tl9mMC5KPWxpVkMnT2lmdCEjV1p0
LEotYGZNPmpzJVMlX05nL21eOz1KXmczWjlIWnNcR09ZRzJQPilHV1JxKj50a2FNJW1XP0k8c191
Qk11cCFyI2AkKEgvNilxVShUcUgzbW8pTkdlZlZaY10+XnAiWy86cyglW0suJ0UwamZdYDtqIWlY
QCdQNz8tMkpDNFBOKGJpPlwpY1wrXTZnNz0iJWRUTkJlXS89LmA3cmdcaiUkIlUnRldhOz1jZ1JT
YjpYWVljKG5PXFQ4XSw3Z1ZZXys/TkkwSl1iQkRhIi4yakpDL207QFxmL3AjcT5vVCEudUZNNzVU
ZWRRMFlbVT5cOik5VGRoVzc8XnVkKWdYPjdrMTNQTT1bOT9qK0xKRmhlRlBNbDdtYWJCRVQhTkRV
W1BBYytrSTNZTSJAaDVtcXJCS0BiaiFWVDxFL1w7YUtXS2Y8KTM6ayJjYE10UlstdTFxbz1YUzlr
Llx0YWsmcCNHSlZBJnAqXyZpWkgwKz4uUnNbdCkjc1lxPGZpSSI6XTw5STpxIV5rak5GWW83Njdj
PVpKc2JqTy4sPV5BK0krcCVuciNSPnEvUT8pOzZpWWtUYnRiWipFNkFtciQ/KzldNjhmITNkcjpO
JT9YIV9vcT80IUZXOEBZcDgnTTpwJlMvJE5MMDcxdU9LNUkkZW1jISElTzAuLiI9P1pfWjROMj1i
QG1EUDchKCZdaSRnUy9lPVBiI2hNXDhdPyN1I3E7dFRBaHJFXCh0bjVhOSE4S2BQZmhrWT4uNkVh
Uj8/PDZMcmZdVVhfaFxDUmQiYEBkUEZOa1MvZlo0LEovdGxiZlpXYENNNDJZbWZXZ3AhNzMrN2FS
MXVrQE0icmlZXidJK1ElLlBoV1d1OC5QXWNaYERrNztKM2NyVj0oUCQoNktITG51SilsRnJcX05d
Pm9mWU4uOC9sPWdVSl9SQyQrQiJeM1gvJytsT1ZfPVtkQjsrVm9bPzhfcWg1ISYpKDQlPDwudCFy
Y1kpNiojWFtWQCslSUQhISZSYmFXTW80ISEkQzIma2g0RlhuXk8pZF03aWFIJE9mSlhqWk5XTVI8
Iy1JPjozYUI7KkVZLlJRXDZeQD9OImwsTis5cSpnKDJsdSprSHJ1Jz0nRmVfV1osR3Q3aChXRENV
Sz0lJmY5UVFoNEZSODgzXmdMX1teOihfZ2NTPzYnZnFnJycnQTFfLy5FPmNTNEtbXHRQPjBINmU5
MUhfMkdDNVJqcWxQR244biRvRDFbK1gnc1EocidRdSY6LG0rLXQ7JGYhNVdzSFhCX09UREZwP2pU
R251byhGNkRDPjlCaTU6VmEhOTRaMTZYRThuIkQwaEIkO1xgczFQOFgySlE2bGc2YypdQjpiJVJS
WWY5dUJDNTlqSjxAU1U1L1BjMXE2QHQ9JU5HdFFaKWxlJyEoTmtfKjtMQSQjKlVZQCEhIzlJOC43
WyItPSRgUyErNml0LWQ/LWptWTVSKS1YTmw4ckZPZyg5QD4/QlYjT10jXlt0JWgyczg/P0djMEsp
NllUa0pLRzpsWi1uNTdLT1olJk9kRiJrLF4sXVBBcCxyMVNIZ1g1cj5PUS9VP0ovaVwoPmprMlpa
XzkhV2gxZ2RXXGxlOk9kMlttL2xlMDwuI1VhUGAiSDNkR2tLYl03OEglMDNIJ2IxaUZsaG03PEQm
TGsuSnNOOGt0blhxV29fIlMkL1BFMnVJajBxV2k0YURuZllgcyk/IUUiaTo8JzcyLkpIMTFwRCEq
SU9VWGI7NkdjRTc+Xj5mISo8al1fbiZ1P010c3FRK18vZUI+XG5MWDduYj9yck9ySzlQM0NMPWBs
RWUkaWc4cyszO08pLiQtdC1GN0RmVltBV0FgWDRpVEooSnVjb24sa1NyaV46LnVHSS9bbTl1ODJt
aCx0UTcyKlcsMWxoLllFRFhyaU4mYE11Ni9KMlJdQGdBWVMqI1pGNiFfSiJ0PzNcMnUna2cpRV9p
YHU4MW9raUUhV1czOyU/YTdVNHJIaFIhPDwqUkstQyUnOylvaFRQREo3YmsycjVzMz1GbTAvVSRh
dDBxQ2FUN2s+ZUtdZCk3TWg/QGFAbC9YO1VcLXBeKDRiYmJWbHFubz1PLiM1Z2slMmJCUGRQSVVm
JkJcNDkzLFtXP0M8Zyc4YyYoaUBSajNuRmwtMS04NDdNYUQqc1JcPldeW2tFTFZ1cmcibG1KMVkl
RWMuO1onZyNQVz1ZVDhgUz06bTgsPHEoQyFcXWhtXVAiLW5NIW5idWJzMHB1JDRARnJEMTEmcTpr
QUtXNSgtSCIzNzVVJWVFbTJXSE84YCNsQS9IcGoqNmM0IlxGbjAjSWNvME8+QDxfRTNwT2QuXFpv
P2xDMilMXGFOW2E5NThoXjRgaDZcY1hmY0FVU3JNJ1JpNU5pZ19QQ0VXZlRLa1M6LGBeKiYpJkU7
UiEjUXVGUWlbb2RoVFpLNSEhJEU+bCtQcj5uV0FDI25FbnJMUz0rZ1RtJTFFb3FIXFg8P0ZAPmkn
IlRzZWNFSFpycSVvL3JWLFUxbGArL2lKMFViNnJBcHEqVUBnIVJhakAlOGI4Tmx1Pm5cc0IoO3R0
MlUtLlV0OmQ2N3JANTwtVyhIYlctcTJzLz07clZONDktV0ZuYFpyXjtNNz9bM2w9MmNpKiomRShh
LiwtYkQ1ZiUyZCEhMy0jYGplOHE7QT5dOCVsInElISElV3MvMS0ic0EsbFQwXnQ5YmFgYW1aZyYt
YCs3Y2lsMjFkRExHQCE/MzdRQXFXMVQ3RjFYJGdwJjVNZV80QzhnWVczUl0lUWBdRDM/IXM/UTQm
YjxTdS8oPjFULUwrQVlYS2kkSHMtOCFhKyEtMyo+Qm9KYlchaEtSblRuJDZvYVdCakwxLzskOzk1
V1QpTCE5OGJWLURObiQib25XJ2lIOi8tSzohJkkhISFpVGRgSlInX2U6Zm5bQ18rbiEhImlCN1Eo
VF5PVlRrNS8hKjo0LFo4dW1jL2BlcU8uOCtsXTcraFxwMEB1L1tXPUJETmEnM2JlcmdjcTRwclU1
YzNTUTclOk06I09WbjFENjkiM1AmSERmXU9WVmInTVQvVCo3LWpUbCFXVzUpM1phLT82PU8tM2B0
Ji5NISEpLW1PQkl0Y0Z1Ymd0b2tuMTwhISYiP09jPHJUWE5jRXIiOzdZYSJBMGYuSydtakZCU0pN
ZHJHRCVwRiI1bUldRFZeMCE6SFpwNCZRS1lPb1Y5ISEhISE5QFBVLSgjbilwdCEhISIvNzVmaio5
bGshJFtFL0NLXnRLblUpbG5vKFJPUDlyI2xqdEByPXMnO141OGFrXWpoZlghNU44VShlblRRMGM5
cmshJjQ4Q15YallzOU5GTilQWmtcPyhdWE9fMzY5L0AhISVQUy5oa0xmN0ErWSZoKF05OyErN1dT
LFZgMipANTdmXyErNz8zYGFsVW9GdEYrSyFycj4lSnJDKjwhISFrYl9KblFxUXVOXTwhLls/Sk0k
WW1TISEhIVE8ZiJodSFmNHF1ITVQVFcsNklvRyE2MkIyNCZRM0EqKFFaKV1qaGZYITVOOTA2dDVa
LTlXTkM2ITw8KiJeYDZmPVgrXFdwVmBXJiZoK0ouViEjJCNWQSxsVDBeZlZDZDd1Ry9cP28vYCQh
ISI2MjlQNDV1NTYoWmAhIjtJYkF1MVZtVixXSGg3WyFpUUoyS1NdIm9uVydNdXVAaGo7Vz5ZNE4o
YjEhISFGajhQQi5ZXGQvOTkhL3EpLzErUyFvL3U6UWI9TSg9RiEhIj5nYU4rPl0hLl0oKWhpOENl
TjYvMFcuZ2w9V0AkRjIqMGEyKkRhVCk7QEoyJztTQW49bG1qWVI0Q3BEIWMxXmRKOEIpI3NYOjBR
KVIlYU8uNEcpI3NYOiIhMztdOHFNYz0hISEiTFlzQ2NpQVBxKVsmPGQrcF8jNEVTKSNzWDowVjNz
V2FMPDk9IXJyPS9KMVhHITFHL18vISEkTVteXnVdQDtxU0poUDV0WyFJMDpFKiEhISFRY0BrLHNZ
bjMqIiEhIixyXDBPTmZNNCJdKikjc1g6MEdYcCY1UCQ+aj4uVUtaNCxqN0BAIk5vZiRpZzgtKGs5
REFQWlQtSkEsbFQwMFNxS1AkaWc4LShmTGJhLTNGNnVxWlNgMSEhISIsPmAtPG9pZVZdV0dLXipn
ISNRMC44LjVNOkBQUm9gISs5VVNQP0M8Z0chNFlZQidsYTIhISFsMSs8cHNnISEoJDg1V2RDJzQ+
ZTBoMSZxOlMsUjA9SjgxJCVwZidgJjEhISEiTDNSRkRiMWJ1K2JiKXNQUzEmcTxhYHVsVC8hISEj
PVd1c0xwJTZUbWAwYzlyayEudHVBYVQpO0BKMilYT0FuQCcsQU1hWGtbPG1yOCErOjIsTiFvW2Qh
I1ZwO203PiZRTHJmVnMhOElgNCkjc1g6ME5PaTJnJCcybyJpT3BPISxzU1c3S3JobSEvdEZlZlAh
JWclNlQ+W205V29xISEmYnBPMk9SNDZWSVthISElcmUrdTFbNGJjNj5gJGlnOnEpOUJsISEhJU9o
MEEpOyxQPVckK2EiLjJqSkMsTCVgKDIzLT5KOEpyempxKllYZmJBVF1jLCZdJGE4YzJvL2pWcjIh
ISEhbSJKSWVxLzpqNlRbIXBtYCEhISNiaWZZLU0sVVQtbyYjNzVIISElUFNVNio2cFYpcWtvLVEp
bWFgWk46QyEhISJMI3BLZEpeLiFTIkEsbFQwWWE/dWgmPGc4MWB0Ji8oYzs+LTJwPSY6WSFGVWoi
T0JEYGQlYERsWCEmM0NULDZJb0chJSV1JDQmUyV1JmtmJCldbCtZZCE1TjkwNnQvRFQib29LMzwv
dWRyLlgoPENcOU9qXGNVZFl0UjVTbypSYilCQi1iQWIxPy9kVUtyRG1WI04hM2lwRF8xcyFOSlBl
LlRXbWJHTlxZREUtTmFAYUdRSmEjISEhIVFUZ1tmZkU9ZTw3ISEiXUQrdSc3M0xyZlZzX2dpMTBf
WkRKJ19fS0RPOkBAN01gRDhXdW5hOG90Qi5xYkBdW1pINmhbUCk4Z01sdVdnN05ocnFZRyUoPk9O
PUozTSpvclBNIWlJODk9IksoQkBoUSFMXTNCQWVlNik7QWArNCEhIjVLMSw4aDAhKzgsIlo2UzJA
OzdJMSQhPDwqUjgwS19fJjxkK3AvNEZXQTMtZixbUzZ0ZExVJD1Hc1JjOmp1W0MoPV9wOW45bDMx
V2dyZEBpJD1QRDtWLl1gMl42ZiVrJmhBckBcYktpRidEIy5GWGYrOUBtcTYiLSwvKiNddEkhcyFp
YCFaO2pVISEiXyMiUF0nNW4uOmNhISEpNUk2RiVEMF1ALjhqMEVyKVY2N09AMnFWOF8oSGNmLTQr
OkFZSVcyZUR0UHVvbD9lKHFKKUFkSFJ0Q1VIM1dVOm01KGlRQVJWUVg4IUBeSyc4VypOS0lfMScl
MDs6MWRMKDNEc1llLktdW2RwXSkwTCEhISFRITxxLz1VW14xRFs8bEhjISElcl40PWhnaCQ6cmI6
b0UsKVA3TzM9KE9YWGEhayYmcFtxPiRHVSlfbkFAO09wXj43OlJRYmUqRC1rW0MzS040Wj8uUChm
R2hKck4nUzJLYlA6SkFIOz8tTW9mV0ImPGQrcF8haldaIm9uVyc5TUU5R1VfajBPQSxsVDAwU3Em
ZS5iNUNGaDljNFFEP1AsXitqRDBTYkFMSGpFLWtIZVZSOUYtMGhlT3VzJVFLcmgzb09QTElGaD0+
Y1lWXVxjMChxbFtTcTVISVllNCgiNEwpO3FLUDEqMSNqPilHTy86K3RLU2ppaGM5LV4mZUAnSj5a
V000OS4mQkFQcSlbRkBWLy8hISREbys8cHNnISEiQEk6Y2hRK0pTK1M4PVRBRiVVSHApXF8nXnNH
ZFI9LmRPYXRMYSY9R1FFW1BuJ1ZPJShKRlg0PW5ZMHRnPmNmO1JIcSQ2JnBDXCpVTF1GI1JyM1Qw
PjNZRihVbHFGR1wwdE06NUZcVUx0cnJoby4rakk8c1ZzPW06IVQkUWR1Jm5fVjxsaSVTLzZcUikm
WXBDPyRPSENbc2E7LWREdG08O15JLyRQaC5ecCpZcSFGVzpWVVRlTkolUGhnRDAqOzNpUWorRUch
ISEhUU9iTWFCW2lkIiIhISREN0xyaiRRKSN0PkFANihSWWVKaTwocWhxYmEjWVc0TGhtPF9aSFoh
LyI/dVlwR24pXEI8UTlKZk1gNVBCbkVZVkwpU1JFOWBUZT9KI0o0NEIjUlkuIWYtPzhfKG5GPWNc
b2lUYy8wOlFIaFdfLG0rXiRCRU9EXFdPLjU1NnRQQi8oSnVMWTNJRWtiM09MV007T1ldbltJKiE2
LVk0YThjMj9KLWRoSjd1OE5ZOUVrSXMhIT1xbiEjKGVFYVwpL3A7PyNeaS9WdHExUUlbKzZRK0Zc
OSgpZ00ubE1dTDQ0NDoiTyZwKWleJ1VCbVlfZFlKMiFcRDUtQj8lU1g4RTM1XDRrJSltbmZRT2xw
JV9cNj5bR2Emb20xYi9LMDgtX2Q/PnFHKiZoQVxCRGxsVF5hTDxKWmMlVGNYSWVoY1VXRUs5P3Re
Wi0hcnI8JDVXRmM6OCM1YVhoKF05OyErN1dTX0lkJityYXUzWCosTzpdLk9TbGJlamZaXkZgamZt
WCM4LyQxdCdDNCRVNUJtNUZhSFhNOmZvYEQ6cHBVRCJyIyNTXC5XYUdFZlVfQi5bN2RyOktUP2Yp
cCtlVi5nJFIqP0U7PmlnTDY+QFotSTo5RXI5USFcdTljYlVUPy0pUV9jOiRpZzk7J1AoX1MhISdl
O2tBTml0WjZNZnQtc1J0UGw1ZDIyISEjS0BBLmV1UjEmclg4IUtKTSZFIWQqcUNERFp0Kj9AOlQ0
LVlHUGtPIVhSYyF1S2FtTzBANmhsRFJVJj0wI14sLFRHJGJrWFt0VDJNSXRvVUw2NFs4ZThqLEFZ
aGFQX1gzRSFuNkd0JT1oOyJTXWlSW0Voa0RSK29oVUYlUGZkPiEhISFBXzA0bFlHVWYlbnJKayJc
ISEmY1skSFpVXm0yZUlsXyM1RmxkajsvJ2plcHNSY2N0Yms4MUBPamFmNEI/XXBnYSchPl5ZLCkj
JWI6UT0zbWBPUU1ZPENlYVMoQiwtaWZIQiNwZGxHWE5GO1hzOGosLjhIIVJDMT9eITJEcUNSOGxR
Nzg/TF51JGlnOTslVjApTSEhISFRJEhBMzwjWk5FaiFmblpRLDRsIT5EL2VXdVxNTFFXMUZrPSRa
L2I0ZildKTw7TFpRUGEhI1JBNmZQISUtRjpqJm5OYXNkY2ZrOE41O0tNaG1OZiRIWEo0cnNITCoi
UnBcNls9JSdBLTBhMFhpMz9SaVBNZ2w7YihXWWs2aT1SXGpdR2pzZFRXYiJtRi5FVWVXUChCTmBf
NiIqakMqMkV1aj1JVF4hITZiWmMpI3NYOiE0cHNCYVZZXDRENmVDSjEpRUc4Z250Wz1KTXJGcSxu
NDAtUkAtPE9ANls/J0Nob3UqRktRZS82QyNQU04vUllcakw+R2xgKSJEMUJycVFDNj5RcTQlby5z
TSx0b0lrLDZxcSFUIlMmSGEjMXVkNGl1QSVnIkBVbGFaW2JeL1cmbDNAbGdAQUVmIm5GQWFCTFc4
R2pfUWY4YVw/Lmc1cF81QnRnbzErJXIsIig5cCRkTnMpNW9RZytycl9QT0U5YlhIYE9laCdXPTQ9
KG5gSi9Lbmt1TVVHPF1lUExkcyI3IjgjSz91amVlIzooKTludXIwYFhfJiM3NUgwTEM4cFpPQVJW
ZU45OSUhKzY0ZE4hb1tkISEmbF9scHMmQTwzKDVlaExCTVVnI2E5IlVBIi5iJUs6cU9mRFBwcyUx
OTk5bVlDRzo0NigvYCF1L2hxO1xSaDopKkBUQj5sSk5zIW1QYzFZUSFoW1xwcG02cnIjWDtWKkBS
OjUrVk41cmFfKVNFS2I/RGU0JCM+RkVCbzMoNikkM2BdYz9jQ1hWb0g4aj5AQkY2UmAkNU0mYFIl
MDhhKDVwPVs8MFBPWSExYj5AVS8tPmQ3TDUmPmc2SUZpZCFDOkI8WFBRMUZQXmRzKmtPOS5hMU9O
WFJaTCpWNk4kSF8+RyciWic/bzFHIzBpSCx0aVhaJUwnN1U/bGxubC1MTzIhUEg5alBUIVkrbj8i
JnRaXlxWaGpHWHMhQ2VlUXNvOEtNPVwqayIzOStAQm1SSixYMGlzSmVRJjVrL2BtbT5cbGxfOyEv
cUR1QTYoUlFkZzBgUSE8QFhxKzxwc2chISM3cEA2IWhbSk1XWDRgWGo6Imp0RSRBJzVqOmZYMiFl
YGFEaShHKWFgX0xiIkNSZTg2XUU3cThKZUpkamopZVxbaEQ0Sk9PTGwtWE8yNU9sYU9LQjE+OUFO
ZTM5RGFqRWhxQFZ0KD5EcStkYjpNWTlSPG1hKmE5KGEpc0hWbVhNZTteYzteKEpUXDIzKmhtWyEx
TGEqM2VDQjxralhwSjlyTidgOEhpXGhyPXFBKGVIISIhTTVsO0hVNzxga0IlXmI/JTsvdGMtPV0m
IUVtVXMjXU1XZCVOayNDXyNiZ2VALEtvWS9sL1pPaHUtQyRnL2RxRGdDY0k2ZEZEVilYQCw8Y005
KWNHJEcyVmQhJkg1LyEuWydQLDZJb0chJ2tIN0dZME5MNSZrMT45WEsjRFxickE2W0ZQMmpXNGV1
UGtQMkFjMlVtNE1gakkkPTNPb3M+b2hNdU1rIiMnQEQvR0tVYD4+KGswNlFEPi9APV4hKHQ9KChO
X0EqZ206QlhQL1dZZktyS2Q0dERML107bGJKV05OaVR0OTJnc0dgTiNkdDhRRVM4ajEyQzVlITVM
YVw2dC1LbV9jUk5PXl4oUDFsMDEiZDxJSy1eZ09BbTQxUl5kOXJVNTVKWT9YOzxWXzA3IktHOFYv
bVg3Z1cyYmNNQVsyMFVEUzlSb3RrUXJ1c0xuOEpcK2hCbkdeZ0VyOyQtNFkoUjhsTjZlQUsuNiEh
JEMyYU4rPl0hIShBdV5FImNNTlo8VkpgIkMmaUJKTTMzYitsOEpwKVdAcVdPNDpJO1JCKjdVXE0x
WS1XJzEsTlFEVG0mRnNLMTFvS3A7PjQlLiw7Z21NIWohdWJbSi9UKFskJFotakUwU2w6NSkkMlQs
dTcoPS4vazFYVkpVK2wzViZ0Ym5JImZkb2BgW1Y8Oys7X1xeKkMxalBuaVNVXVVVVSlwJz9QVCp1
YSchL3E6UlZNTzg9cEEtNDxFUVIkJG1LdUQ9MD5EJ00+KUBcaVdtXzFzMlolOkhmJW1YaWQmbW1c
cVYvSmBQRUg6cTQrcTBVMF5hJy8jYCkvPFNyTzctWmt0XlZjZU1cNF9aVF4lV1B1MCMtNlFlbDxe
YyUrXmw0ME8hJiw4MmE4YzI/ITc3MlktR3I8OmA9b0IyMG1hRUsxOUF0QzU0c0tDM2dJazlXKDlv
bT04OXEtTShJaThgT1loczluPmo/Y2U8az48RTFuQyQhI2tBOWo6aWRrcT5wc11YYkldRCJeQ10x
NFJUJGIzc2RVPGBHKig/LyFsPG0pKVZUPGlmJE1cMzkkJVosMFQiLiFZUXFBLk5WImE4ZCg3Kz03
MXVIcThbUTpwQkNaOTYrZSE/WnMrUDt0bkozOV0rclo0NmlhU2FHYnBLIUtOSlhBWD5PTUw/W2xi
YGRtIjZRMFw2KCxqVnBZOUkmNUtrYC1QUFFeNURiP0tLNSI9KzllMHE1UVhTVUBRNE5rVU1DVWNH
RGpMLz5AUV1rSClORmEiJ0JaWDs3bjNPJD46SXF1KiUtPkA4Sl9KUCFxYTtNYEVwISs3TEJPVD5G
XiEyKVBCRywtKCUkP3VFRiphQlsyYWhdUydXPXU7Y10lXFJ0XlJLTXRDVU1DZytiL29IL3RQKyMy
Rk8/XiQrLS85WSxKMHBTUCNfWS1uTmAiclI8OV1qcFhXQ1cyaFJ0bF5gOSkmZjFDamNgWzk3Rz4x
X2dWJENTVzojIjZiSUg2NXEoSmkwLDlwclU4Yy5LVFhGM2hRZ05bcEVYPW80V2ghOkNsIStYUmpm
OUVyOjctNlAobUI/WlFuS1FoazZkQV00Z0AxY1lWLmcwPysrPlkmQlNmc21palI3QSFPY2U+aXEj
bCtQV3JOI25aJU1yM2ttU0VlZ18oSDVbVGguYUJDbmZTXkhbSFkiZFErV25LVk0vYk1ZMSJVOE9g
cDpTVjpUY3AhS1RlWEVMNjUjNlM8QkQiJj1iLCg7KSdmNi9wW0pRUXMhKzdYOU4hb1tkISEhKixa
Nk1mdVdULGlfTW1vR2VJQCFPQyw0cTArQT1gYGBmQlonbjNHZlZINzJoZ0MvcjpgWF1xT1lsR0tT
Nlo+UEAxMVFNQD9UUnI5ZyxyMkNoZlVxTyFHZC5VI0osUGFPOy5GVm0vclVjI05VVmlnOWQ0KD4h
XFwrXT9eOCY5OlVVbiUzW1Q7MyxlTU9jIWVgbjJbKURcVEdHbWpwIUstVGtnLXNYOD1kRDZQZU85
JSRJbjQ4S1AmcC07PjBTWUc6REtRYUtCcSUzITdBSklMZ1g9T0FbZEZiXyooVEhRQTo1J0pCT1dA
OFpCbnAiMmA+aS03LVVZTy5YVWhfJmAoayJibz04VTFVPXA9MixdaTJULVRDPC1LWDNLQmNdKFM+
VkQlUzZTPGZkQVE7VTRWJW1EXDgqKkkxbXNnbCgmN2Y9KD51MzosTW8pV2s0JGxVRiEhKXRLTjlp
YXRScTFeVmQkM2ksZydkc3VpJy8ocT9xW2tRQ0I0RDhKMCc9MDgyOS1aLThRLFViPFBnJjdcTFtX
NU4mUWEuVEpwViEjcWw1ZGQuJytZcWNVZi9gLj1eN3VrJiVgN2EnIyZvVS1yYSYuJ2klWSc0L25b
ZmtPM1xJS2svXFVBbUdPZiplPEdWPFhPZGAtbzc9S2dTPGRgMFJeV1hybi9VP2cmVSxVcF1JL1Uy
LFwpL183akttInRJXVU8UGhpc0FSPzxqNEFDWzo+TzBQIl5OLzE1TkxOPFZSaSE1UStcbT5UMFIi
a04sNiFydUdeYTpwQSEkTUdRPWZAQWRXKGEqWkhIZ1BaKWEpMS9wbTZuZ084RSloSHA7Xk42LEpS
OW4wUk0+PitqRTtEKiNpREk3TjdQTVhLZGZzTldcLTtBYF1hQV1kQyREQSJsRCU+clojVmY6OlJg
SiRRR1VnUTdQI0ZBOWxZQ15SY2U3WyZCVTFyaSZtXTkxPFAsWnRXRWVgWjppMWwiLyhnPjxGPjAl
OjpaVnVJWjxmSl5XMz0vX0RjJUxXLkEqSSszJ0ZnZ1tkU0lqZylVSXFaZmxsKT85LEoxRiRNPmdF
Wjs6QjB1L21mWDZBamNMXXAmMF9RWXBSP0QvISo8bltqPi5rZmAyIVBKLWddZTtNWkBoay10ZGJp
WzVCcEc0JzNCJ2InVEhEYlk6R2BTJ10wY1tTMUs1ZFQvcHJzQlJHTG5AIVJdTyU+L1lTR1YiI2Rp
NGhDZF5vcyVjI2RtTC4mNCIuVSFWLmVhJT0wcEZXYlpiMk8pV14tJVZUYUNCaDReKyZKVk0vOz5Y
KVFVM0QnUkxuPStqJVBgYEc2NU1cc3QhQDwxTF1HazlkLT0xN18lJkY2az4sLEshSF5JTjhGaHBS
YS9lWlsvT0EnYzlHMT1OWGYhXFtSPz5ocDg9UVlQcVg6My84QThNcllJL0ZLM1dLazFcQ3BMOzNh
JzQqbGs5UEFGcEBgKytOYS5VJT03cHEwY1dZO3U/amA3OFlpVjEsMldPPkFaKjxua0phYlpfU104
N0EiZkZAcilsLitpYEdBYmwyNU9IRVtoPWltYGIkRzNtcWM/cT0+Y2xLQWJMWjojXT1rJ2cnPFJd
QVJRQk0tSjVlR3A1YWxsal4tNyx1O1NZc1NCL1NKPXBaPiU6aFZOcEs5ViUpWGRJLmZuViUsJiFK
bnRpQ2wpT0daJyphLHBQNTAoLXBqaz1wUUItcygiJG0hczpqYUMqOlcoJC1kPml0PiU4Rk50cFFI
Y1s/QVI5SD0kXlJKdTFwKzljQkIsIlApbURdJDNJYi9PNCtUW2VGcTw3PSIqITwsOlteb2pKRyx1
bUZdMjRvOVxwOl9IWmAnQXBIUk4lMVotTF8oTFYlR1EzLi0yQDBqXTNPVm4xR1ZtSidnJ2clIm9f
KVBJTCtGY0lOMzAmI3AqNXVHbiokczpvWDZRVUAiOTdpJW1iYiheN0VbSzFtVjBxaSlJVG4zXSI1
YTtoYktpTG4oaHJfXDRKWkJuJDlxUDBuWFFhLiRcT11VS1N1YEdeMjBbN2JfNks+XUswdWItW1Qs
MyhqKV8sMWhqNiJeXC8rYGAyQSQyVEo3Kjw6bnBpPkBQNXMuRS0oR2k+WlxvaE1CSjByRmREKE9a
U1NwJnUxXVVqZmxOazxITVJkNElqOURoUHVdIjIhXEs2SGg+NjQ2UiVCLy1WbzlsQjlLcllhTWBE
WV07N2kxWDlbQk9ddXE5azFQQ009XTlQJ2Bdblg1RS9ZJDJzZ3MjPyRtRG9pQkZCajdeQV41IUhT
QVVLNWpzQ29HU2g+I1M+NFZTYWxNPzdpRzxSNi5gUz0oWF1gPllhQGtmKV42O0oiUF4kcmc3NzdR
SDEyOComRlN0MkBXQXM2WE9mYFpQaClKTVJhYT5FSWJccjJvLigvQXRuVDBnWWVcInJIRGhedGtv
MklwP2E/PC9nUzZ0WU9aM0hgXHU1KjtQPkRzbm1CajRqRy5iR28/LEMyU1ZNM0U5b1NDdV89VU5v
M19iSFFxMGYoPENPOFU5WCo0Zz47ZClxPCZMY1hhI2dyVS5OXEBMR0NWQkMkQ04kXjY2YElmUSx0
XjdtJ2l0OFExUGNWRE1iPTNbTTM0Z0MjY3RSRFRuOi03KEA3PGMoZkEmJjhQPT9BNVgiUSUqMmpr
KyxVLEwvKkhdYD9mVHVQLTgsTylRKjwvVmlMNnA5YVk1UDhcX19eYCdCZldYbF5xO14lWkxrUjpa
PjBnKSdyMWZmZVtzUztbajszOVFobVg0TSUvcT43PTREJiM1LkBNJGZAaFplI2xgV0gyRkBZZzUi
YUdeXC02Tzg7WDg+TEFrMyFANmMuWmNuKVZWNmVaMz9lKStrVTNzJipwR1dUWjZgc3UnWGtxJiZq
O1ctYGdVPXNbM1YsT0RdIkwsbHUwcWldJ3RxLDwjNVllamJTJ2dCIUJbZkApIlJgZm1iNzhBOmJT
Zy5yN15DIyYhSj9HOGZnNF5xUmgkY05fM3EtS0ZPTF8wPWBqNUsnb1RxQVdZbmhkTF1aS2Y6clFT
M2VvSEs+NkJGUkc0TiFMSE5CJl1gLyY8UiNFIkg0dSpdb0sxaSFUXkBsL2M7OTsoUVJbXWJPKl46
QCJVU1EzLVdBb0FuZjUiTUFlIWkwPi84Yj50WHJWZTwlV0YlbGBsMWsuTDgvMz5nNjBwb21WOXFp
KXMkU24oNiZkL1tbTE8nRCwwJ1EqJyMpO1Q/MTFmQWtDQGJgRFBXMyNrOWwwW0slMmFJT0lKYSki
XSdlTjZgL0BrRzk9WC9SZE9eYS0rJDxDbThEVFVONyVjJVoqa0wiQyNdZjBWWFklVFFZM1w6NFlS
Xj9tYDYqSlNva0RHR19hIlBpJDgjRXVTYGVOYTd0UltBcHU/S1heIlZSSGhIM0dQOEgyNkpqZkws
a0ROLGhGSmhGcHVGMGFZQVBCbmRva1pvNGFsSmpiXXVqZig5UGVlW1BpS29xT0gqKkVuNS1SPWhj
aCxfbVw/W2dOLD1CYmoucGlMMkFxZDJKJydvTyo4Yjo9ZStWMzgpY1c/UnQ/VDAwLUhZNkRncyxR
J0BAaT4lZGpyZ24rPmpjMVpnPTg+LmIxV01xV11dYVBGNHU+R1c6SkAxP0dJM0dbPSVOJmVVXU5r
NkhCbEs5bz82VDU/VmJdOHQuOkpJPD4ucUE6aWJfPTZIUWBuWTpdYi1OXiQ5KCxaZ3MlcS1uUkJQ
UUVkY05lZVg2ZjJBXiI+Pmp0VGZva1VCdCMlM0VWLzFIOD5TZ0otXGVRMSIkTDMwb2lMQScqdFgt
Rik5JUZtKFkjQzxUcWU8OSEwcFVpTlI5WDtJXTgzKlBJXUFbN3VVWStiQ1E3N0Nka11wMVhIQUcq
QT9UQGVFbW1FYE9dakB1MjtGZ1RsRk8ldVVgOWMpSTBYUFVCP0I/MXNZK3RdUXRoZEhQR0RKPTU7
UTpvVzFCL0lrY2JVRD8uMlo+S2ZtI008O0o+V2VFJS4nIkJJbElXbGVSWHUhYlVUP2spZ1svYTwi
QEtzRFpnQyNwZFhBZFFgT3MlcSxgSlxDSFpSSGdBN1xjWC8ndSQyVEVuWVgqTm0nYi5tcj9dbiNk
aF4rJypdPTImWEFpZmMlZk1ZPWNuZC1GW0QyZTpjL2ZIYyw7NF8lQU9DQGRKIWc0RmQ/ImtPTSlb
bGYsOE9pSFcqU1tXaVRnSC1La0VYKUQqcW45USk+TUdCLHMhQiRJWG9EJzZLLTJETjx0LCVxMl0m
WjJiMEpSUls6VlVqYkhMaGpGNWA7SiYpKC4jcjtfQkkobTprcykqWjE+JV03IzJRSzQ9Xyc2aWwk
RTspLWViMG0jZ2RcdWwlaFFzXjJbZzhVUi1OMT4yMUpZV1FwPWMhZi1fQkonaF0xVDAlODNuOSYr
VklbQypARGtrZF8oYUc0LS8xSWtwdSlHSGViZUghUENlQyM2OmgyZUxBREA2Ik1MYVBHUVstbVkx
ck5xQWJUW3IpbFprYF1dV2JaIXRBXWAjIm9gS3VjMUhpMyQjamUzLzo9UGhaXVInSkNOPSZhInNv
W3RBck5rWmxxKTJQMkQzUC5mWS9BKl1hSUwrQydDUitfWSM9ZjljXD1lL0NCJENeXFpbOyt1NzhB
TDk0PS1CNzZDV1pqSFVQQTxNdCQ0clFvNmFAbDNxYl5naVtBIVVGUipoaVtKS1k5UiRvdSJaNyRj
VTBvSVdhNFc2cTxwMSszPnMqJkxvWFFcbCprS2Y8TzdtJWEvc3BDN2M8R3QiR1AlRiQyXSIkKlQh
bnUya1xzVkw6bVAkJk9abWBKZChaRzVrXylIIlNXN1BfVFQ1bjpOIlMmWigrKDlRS3RiX0tKaktb
L09BTi4uMV4iIWpJQCV0LlAnRChEZXRXSjdBUnRyUGM7SVlCUSUiKkFKXWQ4XTtCRV8hZmxeS2Bl
LzleLCg3STo6NUFQYEVlbTZmQjArQyQpYmZqOXFESTEuUFlBcVtDVGFzSnBwJkxFS2FjTjZrLVgz
bV8tWyptTWNQSjA+K15WRUNdUiU4JW1EY05AUyc4M0FaP0RGPl8lTFFgaXJGMzZCRidbPTozKEdQ
blhNNSFeRjNzdFFIVk1oWk9cKSI0bl9rI2RHcm1iTmIlTCQ3KGRtVkoqKCMuXU0yb3NHT0YjPUZY
UFU3QyZHTiIsY2FkQDJrL0soYWRTNEs8VTMpczxYXCVDOGJKWz1pby1IaGkwbHA9bXJOayNDNGdj
VUw5dSk6YSxRSS9Saj4mZG9CLllpb2FeVjE2aypYRmAlMEczTi1jR2ZVaCVeU2lQSG0nVlcvZWNV
WUA1JC82VF8qU1lEWSI7dE8mX2oram08WnNsYnBvSnQkMlNZcTkqRTVsTmdcRGA3NmQjUCkzWk5d
cTlNM2tCLlhCWyxVWzZEazVDVj1WbEdpY01JMl9YSmxIKCUtMW8jTDFmUDYkIldLYlV1NmMrRUpc
ZEhZY2hWI09cZExQLlRUaGVcPEtCTHRnMScrIUAyJmssdVkrc1gtTzQlR0YmZjpKPmQnNyk+Z1gl
YiFbOFBGI1pcS3FVbFdQPFBjbEVkW1BOXWlyQEU0TUEnZWxnL3IlM1JFWzwwI1ZRMU9cdTZyOCU3
bT9AMDxIZ0MiST8/QkdERlUmbjJzRCdDXmNKPUphTjhla0xeTVklPFZEX21fLV4jaUM6aWhcS1hS
PS8lRiNkWm9NUVpURGszR1VQaTVRLHVra3FEP1Q/QlNWKk9AUyhrcW1RInVEPEx1K0YqZXAsW1Ip
Tlo5aEIyXmozIzdhVj5qbCpxcnVeaXBITDpjSWxNTksmaEs0M0YzNlxhSy1JMTZxUXI3Q2xhRSts
bjROQUFEc1JHdTksODVpKi04LnFTUGk9Uit1P2hvZjxoXS43OEBgSTxYcS9bb05TXF4vMydhJUsy
NDo4L0ooYz5Ac0hAYVtAZiRGRiFzImVYPUhgZmxhLitOcy1wUTxcSCRQTlUrblw4I2BRWEBPMGcv
WUdDQTFaMC5iN0tdb2Q1K1okUDBFUz1zTSlIRjo/UFZpMDNbNFxLLlJMKjw5b01jXCo9VUZiXEIr
ODZZQEx1RlRcNHNQTFBnaVJKLEY+JzdDMmZCOWhddS5MbUw3IycwayJwIT9fV1siODdvLmdGZnM3
VGAwVjEnPipCYkAwYztzRDgjNTg3U05OVFNISzI2VkZSSkFNQz84JEg3WStocTFkN1VBWTxBbnVD
bFxVcmJpaj5ERzJOMjVyMEUzVjJZWT1UN0JqRllZaGpcXzBXJ1xAND85WyFrPnNnYmg9QFRgOU8x
LCk0OTpNRiZaTDlKKjw2YDdTQyRUWiVKIlUrMHBsWW1Wa2JhXWlQcz42bCxuPCdPU0IpZnRdMTtj
R2ZuREp1OG1aZDFoOyVgdFtFaz1HL3NqNkNsTGswTl0hb3AnKy1XXUJPLnFRX2dHPUglMT1jdEtI
byM6WmgiQC9bcnIwQz9XYG4vW2QnVTUxYXQqJi9JMj4mbShWVDtpLk9rRWdNT1pTJ29cQFFXTHJl
MEZIcllUSVZHM2FhV1IrRl9eSCFbTmRQJC0ja1wuSmEtYXJRMGNDbkBWOUZjOixbZXQnaTk5WVBT
QWBbWlBQPytZPG0rJ2g7ZCpQZnU7UDAmPG9EKUlzUUUxSz0xSEw7R2ZiL29jYmE8W2kpNWw+bCVa
YjtLYnU8MENXRVwsIVdYY0JoSENKWlFYSEVuL2BQO0R0Z1YsYmZoUWFENGBjZ0BfQDFLSE4/W2FT
JDo4dGlDTXIoMzEjWlVEVm5jKjdqLyY3cGtbXlE1IXFuQERxTW9PUjk1blojYSJFdUBtZ3BJaT9R
Zjxdcz4sNEVHNjQ5JGZIVW9KSWFpbjlCbVtmQkwkaWBFUmJSQl0/OUxwO1FTLEtFOTpDLS0iPyMt
J1JmIjlQR2lyK1V1aDctJiJiOU5qVyQ7WzpQRXEpczJtclNqIUgqIz9NVUBVVSJOZSlALkhoS3Jo
XEI8YmpBNDJgLDBqXUxcQiRKNlw1Py4xPWgxZGpTWFUwakZvRis+bSgqdGMrUF9zNDlOMzdYLUtR
LHAtQ0A0RGI8T2RhIkxnS3Q5KzZIcFVtbChIUlRLK0pfR1B1LCIsUjhtJy1DLk0obU84MWNNcEQ6
SihfUiRiU3NrUz9JZVltSmlZNSxKJWZEOS1FKExzKCFPSFFbcCRZW1xQRU1wLzQ/PFs6YSdjYEM6
I1FcXGY1PitOP1FENUQycD1Tcitwal1yRWNmSyxaQWBjISo8K1NeX1BxVUxUKGpIUiVAam5nL0ts
ZkEoMklCRWVwW1BNWHE+SGlsOC5VSmVNWHFxMEFkKVhQaylLbVpKPClpLTw7Tj5iP1Zkb2JxSyhF
SipyI1FPYm9QZj0kLUFSXExpIUlONWRzUlczUG1SbkFsKTFBLyRtYkpXWj8oSDdTKGJvWTNwZlwz
KChRWCQ6X0ZwcVByVT9LQChhVDRWV11yPHEhdDhobWVMXCRYSSFpKWQzbTk+ZHQtLidbZDlTNlFp
PEozdEhgJF1AJGE1WT0jVFY9NzkvX0NbMj01Rlw7RE9tUCJzPSRuQjdsTzZ1Rm9NR1MpJ2wzKjto
XiFuRzEzOmp1ZFNiTzJYZTw0LWZMY2pkWmpJXWpHdWBDMkhtLmxvPjRdKWBQbTxAOUUvX0QpM1dd
Q3Q8L1dOPmFtcE0uR2tYLVQlYVFeWURtdUEwWW5ScVokXUVYQCJCSV5ATl8xWiZMPURhLjwlcjVm
VlIlV2E3XS86LSgzWHR1LWE5ZzdjcWpJLmJLPHAoRCNNVk5GMWNwREYhajssYzFOKUNjY1VQdTdB
WmpJIWRzVjJeWCs0RjVdS25wTzs4NipCQG85LiVOL0VaRWMnWD9TIyE3b0FlI2AiZkBTUltSW09E
XlhobiptNzg6aTtkRjZPNVREaF0tbjBobmtiVWNoNlcpITpHQUlyXEBPdUh1XnE+TmA1Y1grdF07
amNjMmNtOTBxTGY3OGBec2plPDtAW2wpaVxfWlFIUS4xKGxEIjlPMEglYCI9MXJBa15JbVwyaT1A
QThXSkVyT1ZJcWZXcklObGtpQjpuS1JfU249Yz8hc2hyJD4nPURfVFg6SnNtU2FTKz9YaW8jZit1
PTAwPGxdPidFcksmSjJcSzFGPmEuNV8/ajprSFRwN0UkSCs3SzldaFNSRGhZQCsvTC9WYCgmK051
cDhgaCs4KFlOZCplZ2xMIUotclhLJzonJT8oZWVyWlB1V0c5VU9YS3JfXSVHOUsvbm10Q2FPXUEr
VCJRSDJTbWpHSEVeQG9YKUhvb3IwIzJmYmQhcEFoJkVxX01scGNaXkhFOnM/dFEpb1VIOWcvJlUo
YD1QRVs7PWVXRk1BPW05KkIkYG8sKF9ebDxLKiZMWC0jSHFmbk1CL0s+JWstUEBMYkFuVTs0ZFBE
YjQuNG1kYU1CPXJJaEl1KCVhJyhPVD0/MkxcPylfRlpiaVBvJDA0KzJrNHBKbTlxXHNWUClPZFFX
ZVtkLEZmZnI6XWs0WWwuaGhfYTFMMEwoMyFiNWQ1MGBiNmREc21Fb2RUMGhUQz9uOEg0c1EjJmVV
IStEKWU2XT5APTZLYks+VjRgN2Q3YjEzWzZkKWZnY1chI1U7dF40LyJBU1hKPVlrJTcpMC02VXVu
JzI+TEAmMVUuP0VbNmhnSWxlZmtqP2BhK3UlWi1MXjItNWVeZ3FrdSlhclVpTEIxPUwzYC47X3FN
ay4mTDZYcWpXPGZSQF0hWDRQSCkzM1orZFZdOzlVdU4qOWYvLlokRHNkLTRSYDhTK2s9XigzUUdL
dSo5VXNOSig9QS4kPjleJlpwS1EoRW5ZKnRiNWpgKDpJN2deI2kmLnMwZDklbC4oNnJEXz9RIUhh
JGJAJj5rKUo2K0syWiFQLVkqRTFIbTYsanI1STw+NmZkbGlyUVctTkVqb2xKXCRkSXMwXnM+Om0u
aktYJURmVDZiXS9EdUUsNGQkSFQ8c2szTkxhNDRaQSU5MHQ9XClrNTJoY1FyWnVVOjwoJ18nKWZr
KiwlNVNqPGpDTTZvPSIqM0I0ZCEmWEVHcGUuWypIQmpSYGxRZWZFL0BTdFclOE88dGdDLl9eLm06
RiUqLTspNUlmST0tVilLXzEkVDkuI1hoPUU0KUxLWj0+Ki47S11cYVgsUFdMPitcZmVlO3E4UWZw
WjppbSddPGhLTUJwTyU3ST5iP0Q7M2c9OGgqcXVRdUg/KzVaMGljTm5VSCNcSWxgPTNcXkU5Sl1y
YkRzKks2VFlMaElVbjlvWzdePF9faF9cRyFeMVFULDtWdGc5VTg/dEBVcyo2cTJebSJAVjFnQW0+
Li9nPktnTD1cY2ljc08mJCtCYUZHKjVlTChUNUFsSCdHL1o1T0xjZ0A4VlBhRkdhZ1hMQyFQIk1j
TVNqY2U0NiUsLk9wbD8sMWdDLmpmbSpvMEdxOlw4KCU0VXIhWyUpXDc/aVdhMi9eUj1rUD1PbF9o
MkxcP1dFOl1lTy1wWTExNVN0JFRldFc+Ty5BJC5NVkdGOVk4MVxhU01QTC0zQVQ7Uk5jQDQ5P1dV
VFltM18mWEhURlJJVFdlSUdlVyx0aEtnTzVGNitPX0lGVHNgam0lRHBULEs+VnBxVjhsbVEnJVor
NUFrTVFQbTBdaSVXTlAlSE9WSVxccT5eXlA2cUVzIyZmKktPZE8uJUllayRHQVMuZzFNcEFeZ1pj
UjwyLyhzVjoxRz9MIU85QUoiMWpcdWNJO2NtY2Y9X05dQDo+TDRAQSE7PywkZFNVPjhMIyhgXzh0
a0slT0BHN0VYZkJBKWlLRmNIYG5CO1lQPzwzRk5taTh1QmlWNTVAUTosJ1U8cFRWOHFBLVIiakIm
TSF0Zi1NW0JxP0crRTIuSUZiXFdZSnA7YmRYUmplKGByN19FKXQuYzwzUHI4V2AuRjZTYmxkV0te
SWo7NmJFTFclYkQmYV0mS2tcJG9NamsrLzVJUCZgYSMmUSdpMWsrVlpURydpLFhETihHLUNZcmJO
IiwyQkZRUzJSJm1WQ1xISUpePjIiIylNIjNgMStcJSwvWXIiNXQyZDs3OiN0SSIjNTtdQ3JzQFEp
NEA0MTliJz1cUkZqXDxRKSNfcGc+Wm5NUG5kM0EkR01BIy1UWC5XUjBUMmI6XlRPSi51KkhmJUlR
cHFIQGhrPnVPTHRQZ0FBclxQPSkhTUpEdEdxM3VdazFET1w8ZzovU2BXIyxYKDk9TT1QVV5gPVVZ
bFgzPkxGKEtZU1pUIi1oPXVATzE/UiJib0xbTy1KJWJocFVHXUZOP3Q+Z2oqZlRHcSNpcmsxWWZV
JV9NOy1DSysnWUxqPjZsViYiU00nO29jNWhEJXRiMko6cF0+X2MoK05PbDpkIjhjLiNAYFVZRV5C
X1RrL1ViXzUlc1BDXltLcSEuSk4panM0SzQhdEkuOlJObV9ILydcNzkuNUQuNW9zT2o9SipGT2oh
USlFKGF1JksocD81b2E6OlRta01RXjQ6UnMzZkdPbWBKXyc/SmcjQlNJNjg9O1JsaEtMQmRgaGou
QDFQNStNODE0L007PCduUFs1OXBmQFpwY0RcOksrJUlWPk9nNXBgYkw6bHJjLk09P0xnZyhXWmcw
Uk1iNDw3LDsvVkgtUj5tWVNoT1VaTyptRHItQitJZ0VbXEAuKSNkVy1KYzc3WldXIypaVChiVEVc
dFppUShnKSNAMSZsJi5oJ0osYWBYWTMqTlxpPS8sYClqUkU3WWsqJjgxT0FHIk8mOzlWTjlALWFn
RVZnNWQuXmJjcEFlbCpgWCNESCErO0ArUiQhKnJNL2pVcyQpUjsuMTtyMiw3XS4uPTQxMjhHcW5H
UGFHViVISW44WSYmV2xKXzFQRWUvYyxKSicwO1t0KmFRcERyPC5qYk9HXlY1PDgkZU0pJnNXO2hB
WDJobHVXcGpELi8kJjtILnFiRUJeOCxLVydBLkddOWlwTTQ8OUVHNFU6K0BfYylEciIuSyE1J0o6
N0ZdJTVRUENuLkNgJj9VaFg0MSQiKSRyKjFBcDo8Z1o+ciohLURzNTYiUipQJm9SMUVWUGNUO2tQ
Q1VbU0QqUFtTcC49PkVoUUEtQSpALyFdKVshLERLJ3U/R01rMFY1NVp0UDAoWE9XQ1IuLT10MTRY
NzpKLUFaTSlWWmhHMFg3SVdrcXRHQihzZFtBV2ZaamwuQDdbakVHUU9iLDBmalFfZS9iPycvYi4t
JD1ZXD9TSUhQK1xgLV8xYEArYjAyM11haEA2J24mamJDPi9XN0RwJCRPY3A5JSIjMVIqX3JWT15C
Rz9hJy1wajszcS1gPmM5dWZYW3BhUC9vQDU2RDl1dDQmXltgRixHaFxiPyo4IlxDQnIzKCZKSztw
K2JoKltISjQ1XmtALyovKFpMc289QE85QlpWXGAiLDpLZGdyYVNUX181K1k5MiM6bVwlJio5V1Y1
Jio+ZV5rY1EsPUhsOmleZSsiPWVRKkozQik1KG02dTE/UVNCYT90PkohOSwuc09xLjJaMG5eWCs2
aGRQbl1BQVljXTUjPUksMi1oXyUjKXAkIXJhS25NcF1sIzc/ZitcLGt1dUJqQEhqNSIzPUxYQypC
VkJEWTVbQVU8PUBHdWInMzVJck1rQFZYMEReUWxSIjhyUU9CO2JWTDY/ZC5AXS0+LyNCWShoM2FJ
bU5WQDknJ1MqSDQtXUZNSG9bPkkmJERqZEFDOm5mIUAsUzdPQHIlJF8kZjYpPGVeajI2LHBhU3JC
WkhQRFFXKGVyTT83Q2A5bC1LbFooW3AzYzxVUStKSzpkWz5FU0xPb1UnbTlUNzlxUU0jVmYpSmlv
Ujo+Jk40dFNeNGtsLVNaKVBzLmtJYDQ7MXFsbDpqM2RJXW5fRDhjPiYhK08kUGI8Oi8lK0ZyVmA6
a0ckLmNZM0hHJS0nWFw9YEo9QFA6cy5sPGZQJWEoQS9KdEpiMS5IcyVOVmIvSGFuN1ZASVVVTGs/
ZShqWjIlXEIjQWA5cDE0OmJvU00rJlZUb2JcLGRZL01VR1txVW8zbkYkWz0yaTZrSHA3O0lGYT1R
ZnA1XW5oKzkoLmBaSGc0YDk0YTl0IzFpTToiZWptMUMlb1M/STZKS044SyUtUzI0WDkpM2UndTFv
OylbOmxcdElEQTA0MGpxXFtBIiVrZGhOayhpMCw8OCVtJylYWlxDamAhXC5Ea2xCNVBGRWJqT0c1
Il4rYEA9ci1tczVAMGwnPkw4RDkkVW0mRmUkUkRMPjZiJj8wb25LK2RUWk9Rbm9SXjhZRTBqMmBf
bjY5KFFNKCk8SSpfPCZHSzg1I1cmNW9KLywwPFkpT25oQ0NfMypiJHJDcDtUK2tqbWtJR1VeSGxT
aVBScTVQLDlUU1JrVTtUZGIyZHE7VCsjIjcqKUwpT2RqQD4oMW1wNmxHNDY2WCsvVzZtI1VocVon
dS9TZz49LihmOnJtWTM7Il9hXT5hZmtWVUVpLiQmYy82VHUwRD80c2gwLW1MZVpDYyRUJUlhSisr
ZzIkZysmVD9cUGkpPWs1cSV0NENvI2pAN1xCcWhMUUE5KlMuXWAsVFpnVVNtNGs3VzBVUSklK0Nf
WEZVUzpWLChUOHUvJSksLFYlT2VyM1JwQj5EVXNadE9PdSJrN2VuYlVKWlNqKFJWYXBBUGk0alcq
PmUoKDI9anFVYSR0ZGM1az9xbFVZSyteKFFsXUAlJC0xdXVJbTBMVmRfXWo7bEtGTjhdI25sJyEh
Xm0hKXNkS05SSFFqTmx0MFwnPFhDIT9kckZyJ0hqUFNXJ0hTLFJeb25kLidoNSRgYSVwL0c8XCFE
PG1nTSNdMkxgXzwuJCdicC9eREVXZko1MDE9a1JLVW8wNmB0Iyk7YyYnTCRIaSVSLF8jWT5aWC1u
OURWLigtOCRQYWlrcytdRU5NQWhTLGlLaktjb1k3IS0hWTFFSVE8T1MvIVUyOV02YU9aZSU3O1dO
XDNAcl08XEBfO28xPmVVT3JtZiEpPikkSWEzNnQtWF1QX1I9ZVpPWShrIyY0LmU8SDdLQSZlS2Az
MGIvdD08bjdtJj04Vm5hcCRbcldUKVIrUyooSjFBbzgsa0hZQFIrWU9dIyhDUVwmWEg5TWVPPVhF
Y2hsMmRwbXNfJmtnO0dqOStpWmZjJi9rKkgmPC5zZzRrVFJQXjchaWNsSUBaYko9S0JkP3BDa2kv
OS9uRi0zcHVePVNNLVNbOnBtYVhmZ0AyPjdnTGFQSkAmTTh0KnQmO0toVT48YmlNMk4+PDFFbDMo
YEJPWkFlKUNrYEw3Mj9mQGlsIW9qOTg2OD81TFU3W1kzXTI1cykwXjgxRVhfcCtXR05mPEJtUShZ
JWY8UHVtU1ZEYWhQRFQxcCJaMS50QShDdTQ/YVBOT0dPSytwMDpfalkmaFhdaSYuKj5ILDVlN15V
SE8mUzw6JW9eJUxRK1g6V1JLOVsjdEM2PmkpWy4jIz46LEspRSgiczJTOCkoJGhWTkZDMFpjSTFb
REAmcWZpakA+NDs8PCwsLm9WXl0saT1aPy8qI3AoKV4rK0FdVnFPQEViQiJmaSU3M0pvJGMrcFA0
TzEqSTJQY3V1WWxNTz8iLUtkbkAyS0lzPUNRNTEncCxjM0FKRV5KQjYtMlFYNTV1ayZdKnU5K3Vq
ZEZjXlMoaEgvIyNxXFtgJ2UwLyVFdWxxJ040bWdPP3RzLW9YIjVJIjhwTUNxJWFJOlpQU2MocUhJ
PWdUSmglRmQqVUVdMHBPNScsbXAsRktbJyJyKGVlPWlkLXJAS04hbkVJWmdWa0lTUWsoSldNSEZG
LFtJYy9MZS1WJ1pUaGk2PyRsKCROWEVBNEFiamJTLzYlQEUxM2sxQlYvbUVIcWo7ZXIoOU8uPi88
bSQsLE9LOERycDxtRywyaV0lO3Q/UWFNVCxmYi1KJSJSbi0pQlIwZiNzSltHTF89ME9lOllaMVdt
XUNaMGZLRUBJPF5SJy5WVUJ0JjEzN1YyXSIvPUo4UE1mODQ0ISokLHBjdUgvUUoxYUNhcFE3MGMr
RDxIXj9EYihPaExAVy5pJkoiYE45bS9gW11XUlc6WStxOU90TSJgIm4wPGZjK0hQQmA1TmBXRHEh
aDBaYmFgJHBkNEU5XT5FWSZcNk0zaGwrdEclLDxabXNhLG4pZHBXY3NWTU43U0xYRyhhOTUlajg7
MCRkMCpvXj10NGs6Y0J0RWNxVmM9UE9gK1JQXFVYIkw7XHQnW2traWdxa3N0aEJGW0lJWCYwXGtv
WG1JTFpsUnExKURVPyxAVExjKScrV2YzNmRDNkpwWy9kKGNudGZbdGJ1cCJCJF1WMjBZYExCSGtD
OSwlXFdVTUk1aFhYL2JpU2BDXWlQIywvOWptLmlXVWlHKVglX2kxc0hha09DWmhwU08+QyUtXiVU
TVMzb2wqcGhOaXMjdEM5T0pTMFlNUnFfZjxpXyhWY3ApQjRjVVVIMWZ0PjIpIVRzXkU5SixAP2A2
MlEsUF5KPzloSiJMKnVqaVA/X2UyZT9BIidVLjdpTTMscUQmdW5aayguQ0lbSFpba1hIVk1fQUFw
UE48Jk8iJkhgIWc9KnNJZk1yIighamQ0cVgxVlxxayIpPnU+XWVdRFxIbGxDV3MxcyxFPGQidS1z
Pk4sMDElLmpvWXNaPE9lQGheXEAkYlhqKEJQcV8pRiVaQW9TLGxjMm9FLVFZdDpmNkRcTj0vKzs9
ciRlOkBGIklcLnAubzJELENTInQ1I2tRa2lbYy8kXmZANWM4SE43Ik5tSyxHQTEzbSY1QlhoImVq
cTNHRStsVHA1OCgmMitHcnA6VGlsRWtFSU8haiJMRiE/SE9ZaEIzZzw7UiZnTk0vXUhuQS9kWWxU
O15QdWpkLFMvbktUSiNzUCooaDxDLz9OXl43IVg1c1BELm1TZyRuYVlgL3BJOTZQX2k8X1g8IUc+
LUImZElvQWw8bXF1Mk8yWC5sb1xsQXFwbmtKVlpXJV5XU1MyNzNjSVt1R0Z1OUgjY1BKJmVfU1Fs
KipOI3RcT009aidsNUpVQEA/aVddaG1oJ1NYVVMlaWA3cm0ndUtoT0QmZD1pbiZuWlc9MSxYUSU7
ZmlTN3QrLUMyZDlISU07MDxXW1FpWG4nSixVbnNzUTpGZGMqQldPQ0coLnNAWGlIPEpOR0E2cFBN
MjgjPkBNO1k9J28uZlxdKzRuZFdWRkl0IV8rTWhyMltLMWxBIicuQEtMLlBmWFxablxwcjdlZSpZ
dXNMNEM9LylKKmE4QVRRVE4rIlpRX0JncmpxKEc4OF5nOzheWjZqRTInKV5tRCM6SkZDKCk7cUY4
PDx0RThJcDt1T1cnbjhnOTtRJS5qcUpQL1UxOSR1SmsvME5lPipkLCJlTGAhKD5vZVVxVWIka0pY
M2wkMSx0ZSlEa0cjJkU8TVwnZlwwTjdIJGNFYDQoOmYoKEYrUFddRipkU0InKlUhM3FgZGJMVmtQ
bVZvNk45aD84QzRVKltTOTxFPWFdMjZFclZpKFkuVyZrQG1QbFloQCgmIWVIZElrMylsVVU+K1tK
a14/I1hlZXAoOTIhcl5dMlFLRC8yL2hJY2tjV2FuLGhHJ1o9TVovQzJiImxGP3Q8V1wkMjZiT1tZ
PWtVViRwWjUnWUxybzYvJUk5NkVhIjw6QU9CWzxaRUhcaCtZdDJISG5dPTInJlZxNkRtPi8oUl8n
aC1AWCc6VydgJFBaTkErWCkhNktDTCklbT9JOVRZUEBnS2I9bE1PS2ZCdGpJVzJYV2hydCptIlVi
XFc3NyZLSTI4c2xPYz4iZm5mMWtISlc3TEtPIzc3PlBgUEYtJiVTOXRhU1pxTzsnMDtfWDpKJVVM
MCo9NSJXPVpKTVIzRDYxXVlSK15Bajs1ITwwM3RYM0hgMV0+W1lpVFNiLmUrND1wPT5yPUtyWCNb
LSU1ZjlpbDhbQSlgLzljMidLc21Ub0ZkP2JxQyxtbHV0TGg6dHVgUTEmYFtUbkxTbUk/OlxkaSJv
ZVcmMDwyMTVZcl1QRy91TVkvNXVnXnBfWUU5Z0hQayRySCdOK0NddE1ONyIhO2BoSzdrKl80WTRC
TnVWOl5ALWxdQWs6U0JUWk8jYVlxcnVMJUAoXHFnVlUtIl5LMGBwV0FsbCc9Jix0R1FYNy05YTdr
bGNKRC1iXVMqPmg7bS9kUCtXRWhuRloocyJlcFhWX3E/SEU6VCsjJSI6P0I3TG01PzV0WiokV1FR
U0BxN2lGXkdddUBFKC9JVSpmVEctLig2OVgjN29PdS5EaGtwPnFibWwubCpOVzlHJiFUOUJsOm4m
OkYtQDNGUUdCSSVhTkNKKUhNKik0ZjAtT2FYSis/dDxPcnJRUlonL1BDJFtvWUUiLytCJ2NZaDJj
TW9sLG08TVJFI2FYOGthXTdAUT8yXT8lKS1xL2BHOlNSYSxZIih0ayxIMFg9LGZOIXQqPEszc2lb
PW8/WC9RMWxAQy9aT18kQkBRcEBoUjRaWTcuLlBwMjc2JF9RcWc9SEgtXShmP1I/TUVLTTg4IWBL
R2ZgOlIwWCUqLVUvPWYxRGFYTFw9ZisnOVFkOGdFRExhXFFIMSYuX1VFcjNdcGBuZG0nIzk5bVJv
XSJVZyFHWF1ZMk9gTUJPVUFTajIqb3UjXEkjIWooRGAqP3NCT1MvIVU/Pzsla3JUS3JbI1xaJTxL
LTo4JkskJVNxMSlaSWpmRSRIO11vODBtPV9nbmppZElQM1dhZlN0cExsSz1yL3AiYFZFQDNaWmAi
X1FwSFY2NEFHKGEiIUslUk1CTHByZFlJIzMkXlFob0drIUhTO1VKQz0iYTtjYTBkY2JdPnAkYWFp
YDhtL2k9bkAwbEwpPz5SXCpbXUFiQD4wUUZATyovQGhFbjBIODZrIl00L0RYJCZEYypFbio6JFdY
OVZaU0wmNTpRdC5xcUJFckA1Uls8YmxiKUEjcUNMZzNIMVVXKmBvNnJjSEhHWUltT1xZPjxcaT0z
WTU2QV8tIzBUbilqITVCR0NBckdpajVbMHMrI1N1Y2ldXGhELyVLaFU7Y2cual9gPixJYFRKbm4l
aUdzZm1oMEFJVVQ+UC5LWEYyQ2NhTyg4Plw6ZEFTImNYQGBzNGxvYmQ8RFVmSz0/SE9HW0U2OGxU
MVI+KDFxO086Ym5KUTlpNFxqbVV1WTVDUEI1Rz9DNiNGZDA0WmhZLUYvXlk+OzVIdXM+cmNSOW0n
SS1RWUJVLmQsJWMrWFVSJHRYN0NqI3NwO2ArX2VpZ2ZeRy9hOihRdG0/TyZBKFRxI2RiMC9DWDQm
QClIN09FI200TG5zLElVZjkxWkYxOFswRklbMlsjLjRAZCkvQGJmWGk/MFVqaC43RlNkWyY5TiVt
Z1lSLSJwXUNxdEZuclw+KSFuN2lFRlZaaGU2JCZJMGouO1siV0JQYUVCW3NcR3EyOTVLa0AxQDdg
ISI8ImxCYHNIMjdYc09VZyNvMT49bi1uUTlUWnMuNEE8IW1wNCohXCVbL1U9TCgnRENOLFQ/R0Yi
LicsXTVlK0s4LFk+XlIoWFJDX2RePk1jSScuKVsnUWIwVVl0IyRvSCJDQytBK14hJm88OUIkdGUv
WShEKzNWVF5TblliXmo6OzooM08hNDglVj9AXFdGb2VmSkRhOz5mWUojOU9XblAsK3ImOHM4VGYl
NGdHTWpKIiMlInRQIicsIkM4KjhjbCk+QmRBLD1LUClrYCNOcz5KS25QWDYwMW9TWDAjPW5XQURD
bC9WZ2FQJG1tdGtdUjlJZl9QSmFpanQrPG1RaWtwRVNWOVBhSEsoMCpjW2NZI2hxYWEmUFk7SEhv
S09IUSk8QnQpYSpBMzNxdF03VyVQUjtoSyhKUVBcZHVganBnPisqVG86ZTkwKExcNmZNL0E3LzAt
SVJZI288aUspYGNUP2dgZUIsZ0NJNWcuQjhARlo9PFNWSkEtRkFKYk48YFspPU0ubl5bMF91I0lJ
M3AsW2JGISQnVio/WjAtSl4/V3QrMi5VWyJxOEhdKUBlQSUqTmhWTVJUSDI6Lk5FPjUuTzotW21s
ckBwM1pJNjomRjhcUkRzJklmVSNaOEY5SF8pO2FgbE82RkQ4JnM6Z09DbGtwZVBJSmZeQyhkaS9p
JzlVSEVhPC5GNzZsJTNnWnJZKHNYcClPSjw8IVdOR1lWQ0QmJCYnJWknb2lZJS8oNEMtbktqJ0gi
M3U8S2wxXylSU21pKG04cktVbUpgOXEhU3AlP3RtN01eN0pJNkI8S0JuUGgnRzNxN2csXzIqVCEo
bzlgOjNVYmRNXVAqS0JgdT46b1lEOlU5YTRWTTB1QWw/QTElKTNlV1dIST5KXlQ8Qiw6O1xoY1df
LlNXdV5ncl9FKDUsSSFnWklcbzZgKVFFPURRLUgzXWxSITtmPmFBImlZLF4xM0ZBNzRwMF9HMkNw
QSNUSDI7UTFcMTBwbDw6aTcrJTI4TD5Nc3FgIjw4SzIuNUtOV0dAPnNRaSdmZkhxRT1NLEU9KCNQ
c2JYS10kYE1MLlg6STphST1maCVdJUZsViNDJklpayh0Zi1kJW4+LjMnKGc9XVM1bmxnQlVwImVV
XzQhP1w0IS1eT3JdRUxhaWRIdTQmTEphOGQ+Si9hc2FnbyxKVE0iZT86dFY+Qi9oNF1cZFpjJG4v
TEswWD9kaEFlRElIOGBNL1pYUDksS0ZvcnBrLyhcMUNocFcsUktbX1I4bnU8YzBUIU5sRXA/TT1s
ImRyImI3KFtbbiI1ST5qJUFEaFA5JzpoVzhvOVRHYV4yQS0mdUteWTFVUjkpX2dKcUtTPVYwQVpP
dUFdUik8VkQlJCNOKDtVV0NoXzhwIjNHIlsyYUc1aWA0Wi5vZVg2MG1hWmdCYV8mMV4mTU9XYldu
MSpnbCpSKHBGZFUiJzxDXT1xZCktTlo/NUtbNU43LS09KWNpK1dwais5bjdRLiVqIj9gaWZNbytA
UEs+LUQ5ZVVDT2NGPE1sN2p0dWFeWltVJU5HXS9Ab1pMQCVAQEEhWTJpZDlLOTpeKzdRSiFrOjdQ
QC4ka0JzMihoUjQuNmE+Oi8hbDZnLVFwKD5TZE4yJCJAUy83NkRVOHNVOSRRLCxIR3QuKCdWMmsv
LyUoImNfO21MMiFbWkg+S0dYbm5gU2E/YDxBYjU8QGhiM3Q4TC1ZX0goXTYhPlY8NGpSPnJaQW5o
QWtxInQ1Xi1HPTFgPi5icWliK24xNUo0RG4mPDZraHNIL0pTVl5AcSkyciMuK1xIPDhBKi5GKiNY
XVl0S3BoSy5kQ2JpXFs8aTdSUEZsKzhCYXArXTBxI0JVInVGWDFTTUU/SGhRXV5DQ1tdRzBvO0gy
LEpnR1VlUkpYQThWTz4kKyRFYUlGMXIoLiUqK2MtQyJyJkZEcVt1OWprVDlIaGVUKEovMig4PSNr
S1IyUlhldVNYQDwzTmY4UjIxQCFub0tfVEIuWE5QTVpVa0I9R01cVUkpOChdaFE9Y0lIRmJNMEg9
bSgrS0VZPzBTMTppYlokaWkkaT9yT1kmIVwtalY6YCVxI1dCQy5MYTdARGxmKE9lX0FWPGJUKURI
VjgoSlx1M0FRRmNBJ3BAMyJyck1kOmlUV1JxSVEoLmtCOmw5US1hMmwxbSg1R2ApNVwyVylaT3BW
WEFDOGxTV1VZaGAyYUluXm4hIm5SSnQiVk5iTGx1UzlNdDFgPXMiRlVnZFVqNzw0ZjhfJDQ1VEA3
cDE1ZF9TT0VkQEg0L09tXSZjPC5WWDwpQ0cwI0VNT1V1ZUklQkJdaDBEVWRMb1xuVlokYkZQL1VA
RTIwJ2hlXGY1LHUxL289dVRiL2IyWWA0dDh0NC47MUlZWjVfZC8rVV9UOixCMittN1VZJ1I4aDIw
V1EhMWpQJSFPVFs9NHMmT1YxJHUyIjwjJy8jZGRkTDo6T185RTFxLSk0Vj5CQCw8KFohMT9PI1gw
KyYxblU3OkBMXDwvUFtFYGdgQl9fN2w4L2kncTIqUl5BbV9aQDFrMj4pST0pVXVFWVwkM2hAMTBA
LF0wMlBsWTNCPDdIJVU4ZGxebjNBRmNrYCZnRCNbPmZfWSpCOkFQN0xdQHUnR1JyQTM1TigqVUlu
MTEjYjo4YGg5UGczV04jWlQzSyIuInMpNDg4NiU5PTxBJichXGFpQUlGZjVscylYMUZHOT1vJ2E7
aEIoNzQ3RWVjOHAqKmU0WzNPXSJRYCRjYEo0b2dGSV0hXHEvO1JQXVg0KTFzSVVHZWA+VSg/KCUt
NjtnPD5UVFwmW0wsMidAVVozMkouPysldHBDYGZgTyVsOE1MLEBfcjxPJDorSl43L0trWWRhPj1Q
K0VhUzQ3byQ9RXQpWkklSEZrXXRiLXRkZnEuTz0xZ00jKCpiaSlPY1lNWWAtZElFPStdMldLKjlI
ZF8tXkFwXiZ0cWltb3IrNnBxPnFXJUZHLDtYWy1eW08jQVYlOTMrPG4xdV1DRzpkR09tW3QtXiRM
UEFJQjBKXGQjQigkbkU+P0EkOj4hYS1aRm4pMScqUm51PW4lJylVSzY9MC9iPygrZDs6bktPQkJM
YSs3WFhqKEAuOHRJOWFIXW9vakQ7bmRUTmh0VjpyUTFMUTVzZzNtS208TTBucT9rTiJZS1ouIzVc
LVREP2tFcVVOOWJQbjhEVCdTUFU9TGFVXGwtI0kjTGlfUSxwXFxVamttTyJbaztnVC81UWEsaEpv
Zy04Qj9xYWBkWmxYaiswKD1ETFgyWlonQCJqcVs7aWddVCE1dWVjZWEqPlpeQWFiYTRUOzohdScr
Xm5icz10JW4+LjMmblojW3JWMmUoX0FwKVQ4WWohTjQnTFlYLGU9S24kRTtPLGohUSdmKjslWEAp
KDpUYWZkYjljIj9BUiwqVUxbVjxFNTcyal0oPS1NTWRxU2xONyppUWVHX05Lb3NKP1xnRV9PVkgt
OmkoV1VoNDAiRU1cNFZrQSxmXExubC9ZS1RealliLG06bDptLUBwN24qUGw/L0k/PSlMNj5uUWNf
bm5YSz1ESXNwTDNPJiJzSCspX3UmcSE2OWhuRmApWlw8LidBLS0yaURcKGs0JTdPYChQUy5rSlQv
XmstblxyXEFsPXI+PC0nYnBXLS0jZms8dDdfMCxISC5fMys5YT0sXS9fdE9dKjg9UjBXQ0M4dEou
Pk0rUCckVjRjcyg8bFpXKUZJPzkjZkskbl0qPTpbK2ImdTNuT1sycTIxVDo2N2dCYDNMcGw4cmY8
VFMsTiZuMStdIlkvIkhEJDtKImIqM2JRXzRiJWw9M1RYYUQ6b3RFbF9KK1NOUWQlUFJcXDVyNlZi
dFNNRyknJTtVIXUiWWxmQFstVmF0KiVdJGRWSyNfWDgkLVFTZjE9RjhSQktmOGBQUi5CQCVqMT1G
PicvU1BlQlRUdCtXTl1hNUxfcEFfRF4ydC9wO2FlbV9FNzNCdDVrWiMrbkY7XUNlaCxOPihOJ1w7
YGwvWGtRMDJyJkU/KGpIdScxLidUJThndStrOEpcZC8xOEBaPWBwciVvWz90SVVYai83RGpDLzlU
OmNTWEciKnFXQzAjX1c1dVIobS00VnMlYyUpSCxxOUsxW0NeYDhQK3UrLGs2Ky1ZMWBmPiIjWkNd
UyI8TC5qJGxJKGNiJllEckxbYFxUZ3J1cTh0Xi4nR2RPaVNvOCQrLUNCSXReS3NLPmBXTVcyOUo9
MlpjJ2pRUD1GcUhjZ3E4aD9Oc0BKPy5sWkpOLEBTUy1aKTFROVQvVEd1MTlvIWwqYUYnXk1Pb1Vs
M3VHWFheJ1ZZTVM+Jlc+VyRaNlcvUDo1N2NSQ0VuQjYhQ3NuUzJmc2Y1RkZNQi5pWSdfJislPysl
b19LKitgclNASSghSTJHVD85NDZjbUY6ZHU1MklPIi9ycltfb1EmNkxGQidHZCRhXkRCJl81TWFI
X0VyTlBbSm9Gbmw5UDRtW2AyVWBBMlxpT0xSLSFcNlV0WS1zJiFQTUhOQ1o+WT4xPFApL1FvZ2xN
NGEoLyEkcWJAZikjNiZBaC0tKyQtUUJQZV5DZiNPUjtpPDYrRi89cShBbiJRMG1FPWBDWkoiWz1h
VXBsR15qJmYhLy5kQyxNKlFqLzNHKm1jLl9kQyZRPCg2VW01ajZJZ29AQU1QRWsjVjdwYF8rZVNC
QEFsNSJpNl4kazAvWm03SCpxZVZxW1IyaTNlPkskX2FbSzpQTFRCJkFGRidJZjc9TF9XIWVzbDEq
dCxcKnJVcFlRQ2szQ1klSDhkJTRCSyRDJSRCaE9OSnVUIjFhKE8/MEB0bjY2UmowVmVZT0EzLGNQ
QV0zKTIrOTRmZWFWSWFGcFgyI2hBOykoTSdBb3I5JigoUFZlRyhudFJZZ0AoXmdyM0hUS1owZWtM
PllSXExMVGUiQCNMKCE1UkdXI1hUaHJTP1slJ19yOUAiLWNdQzghTGhJQ3UvRlhdSUduVmAxOydf
UTg+Ni1DZyZlOVxWYFJVU0E/Zjo3MmtlUidCYmpEWjE/QmxKPDBiUkRhWiFcc3UzWWJaKkA0VSdR
LlNnWGBNNkpZIUokVExNTUcyazBmSWI6aDksQi1aX29WQ1ZOL1gkZi9lYS0nST1xM1kmWHVUUkRA
LU5bQyRMYSFLOkMhKmM6KypoQUtpbClqa2s9MG1ASC5YKlJQYGwwZiMuajpmQyIoMz9EQSovaSlU
UEYsL0pfTEM9SjhsUm4sKWJSX18wVVpWSCU2M1dKVy9OVT1cajBuW2osZS9IS05TRGovYnJcYFJJ
LmVdP2BZbXF0ISImYEoxKCpKM1o+QFZpJUwrO1FCZ1hSMG45OHIjOl8wb1FAIllrLGNGN29CRENH
cT9KcnM/UTpBPUBYUitqdUdGcEFRIUZVV14iQGREYCZMR1FIWmcpMjc2Ri9SYSg2LC5uNyxzQlpv
WiN1bUYzXG9oTSgrLHFPLl1aIWBxODJucF85OVQ9R0NKVE1FLnRYdSNdJVVZZXVCMidEY1k8LDlX
JE9VNmQpU0duNSRJR15nRT4jSD1dJG1dZlgzaVNbRTcqMEsqNmphcVI9Ym42WkZrKzkwMGhJQCM8
RilaLkdqbjZfK1g5O3NQN19vTkRScDsob18+LlMpOF4uZGUtYUxZRD1xTz0+K1JSYlpFZUZhQFhU
QiU3c0hHWUltUjdnVzBGUT1acypfXiNMKkssaHJuSGVRWCpvWVouMChoIjBcJDNqPjQzMjhQS08t
ajM+S1VtX1AuYlY0bm9MXStwK0kkT2w6PU1gQHE5RiZcQDU9b2tKMzZSbmN1RmVgUFV1cSxFSi4q
SFdkSCVUXS9VRyxgNUQ0MFFpZkBZMHU/VSVfJFUoUzMiaGpeZ21MJSJaOjMxUGtoOG1SMjFiSnJl
JV1dSU5hLUlOJHVRXyFERihtaVclc3IyJkg6MykwL1puP0AkYVFtLEBDPl91MDA+YSFoMlNmaDdr
bzk9YEREaT1STiZWWmhNKTpdJ2diOF06NzFBPEJXKVYqRWh0MilRUUslZy1AMyw5OiQ5ITQlWS81
YVM0ODRVUjJoKE1bRzlLODlQTEVvTWs1Y3MwVlUqMEg4IVwtJUtpLGRQdT9hX0MjMElPImprSixf
aVJnO1tvRWVAbXE2LGBRNmsuMi9XIyNtTHRyWiZFZEgvXFFGZllGRVhoOkYnTydyQU1PPGwyPW1B
Vk90RDgtK3M7Xm9iSl4nOz5vaixQYG88IiokTGZgQU5Mby47IlIrVUZSYUMxYHJPQDQ8Lz5KRGAi
RnFPK2dcTnEzUD5gQjFHQyRGVlFKIjBTImxfODo3MiwvZz0lc25kO0U5MFtRXzZZJlE7Uk8/Ly5O
UEM3cTFKIVJwPzpockFmaVtyMDRxKU03VGcnLWleJScndF1FcnUrLE8rIzUuZV1UJG1VMj0wMVAs
KTJWRFMpO1hsSEtDUzZLITJAWnJDalFMWEpfZj9hUigvZVg3NWFhQl1pSVRFVU9NNWNYJTBNL0c2
bzRQITRfdXArZSsoWlUlWT5UX0ZjI2U1VV9rPC8tcyVTcSU6ViRoM2sscnImaHFXWl5cVypKYlJU
SjdLbmkhKE45QE8uWDBIW0M8RXJtQjgjLCUyN2BCWlpAUiVeUFEvcFYnZWw3VSNMJCE2QDw3ZVY1
c0FbYkhhODhWQVdVNEo9J0hUQFAuVGByYVZoMy1bLEBRTT9BVzxTaiRkc0UnYmJKcTZ1LD4/QHUs
VC9CPDJ1QlApL3I+IWVEN2lfWkBaRUFRZFNvZik+ZSc1OXF1YFRvRmUyN0BmQ1JGNj9TW2dYWEZH
JXVQO1hLXjE6WV0nYlxjPmA5cWRJY1dvaE1BRk5yUUk/V09XalpbWihgUEJCTU0iNjA2YV1iVF43
K0wkUjdJNiFDaHM5Mi4mL1Y5Pl1aO0tAYV1vKyRIOi1aRCIhbWxTTmYmME9rUiRKJ0lbLCNWTzE/
NCxKdGlKJ1QpZVttRjZYXiMuMShyVC5iOnJddV1ZQEdfX0JQYEdlVSIsQWE+XTtbOzIpNmI9dE02
JShOUDsmQWdeT3FDajo8MiJ0RmskRiJIK0A0bmFhXyM9bGNAT0BPLFlmYF1EKUlQKj9iQmRTVTlK
UC9gN2YjcmosKGhuPmc/SVFFOCRXXEZdYzNUMTZVLz0pSW8tPjo9LFlRWkJZMEIubVh1alxcNUo3
UmRncU9VOlxtTmU7SVNfSVYmaEBuWiE3IjFkOyhRcTNxTktdXG5VaUUnJG9eQ2tvYU9OPU83Klol
UEJNL2kvPVNqJ1hfa2MnME0sN3JyOzVLZkNyO1FIPGg/PE9qWVI8Rk4/NF1EJTwiK0ZuJC0waT1m
Xmc2X0RBJnRqK1BUdW5NLFNjPy9kWSFbKTVcQ01GYU1gMGltQGIxcSIjSCY/WCNHXj1lJjhcLl9H
bnNVWUI2VEc8TC5OXCw2S3RiQkVbRj5UUypdREZWSWJnQCQ7dTU6SmNlczhwSiI3P2dcaFkkaWhc
LVliU0goW0pMSENycTtFbCdGRyJkLTohLVBOMEk5UktkLCxycj46cV9vWlk7TSUnPGRKWjE2aShl
cEBwITpTKl0/cm0/JmxASyNFdVY9VkY7ZlhwPTlDWyRkPTdgT0tabVFQI3FnVmxAJk1MWSg8czY0
VignKnJTY0lEO0M0SUw9Jz5YYVE5PT5bWmtpb0NRVXI+Z0wqLlEyZz4uczRJZVpqLzlQWjVEKl1i
NlVzS1JyMTUkdDpFcFZiRlQ3MzFIT28pM0whTSJFUmhDWTpNKnNWIkEzQFNqYWNtRXBVM25NPWNV
IUdWaD43cS8qUGhTci9hKGhebWUqMjNCLmdEISorYSdHYyE3bDtaIisjSmpvWUNoITM1M2lXaj1X
ZDd1RSEmJ2JYJDpWJ0ZPNSNuaCNkMz9KIycrQWsqak5jWD1mJCxaNllRQjFJKSYvbFpKOUVuRSwn
TTk8JCFwWCopKUtQPj8zZENjKUxXNCw0MTFYcUZiNC1zMjYscWM2I18tUjpLOTo7XVBMLmc6RTk5
OVxZJFReST5ZKFZpcixPMSVlZ1tQYTs+IkZJbVBQPENUPW84ZktRWkhFYVVoayFCNW1nTTJeOCU3
VDk+RC1cVTdEQVd1ITJvS2BsJENuLSZCXEQqZTI5X2dEKXMwc1ghXzBqWWI4Ujk8YVEkaz1JS2Mh
KmBhYlgqckJQS0M8OkxWcDckQTU/LjsvJ1FlR2luJlBKa0lYaSRvQ1MpR21tMGJvME81TmBOblY/
JG0+PE4kaVxpVjlEYEZqKk09SkpSNjJwMEtTXFc9Ki9WOl8lUVQwI2VMYURmNSRSaDghOTM0Qk4r
XDA2RlciV0dSPWcuZmo/aFonNXJyXTAiTlhZS0k+T1ktWTZvaGYzb2AlVSFmdE1cYzEnZC48RzNW
YnRFaUtrQjlVPC8xTExxTVM9S0xTJ1BCPm5BJy8+bjhDR3U2V0orR28pYWthPWhmOlgtLyIobiUt
R1poUEFTVTBEMk5ET1s0Wm1LTy1bKF8xL1FnLiklLDtjMU1AJ0hgbGY9T1FWVT81YShKJWdrYm5I
XyJXIkQvVkEzdDIkY3E3ZjJEO0o0OGFyMEtrZS5cJTxZaTkxSzBfQkIkKjBRKk9qYihLYjxQcnQh
NT1CPkZIbW1Icj5XMlZvbTckZE41Lk8/ZW9eVTRlWVUudVwyYk5gY3VHLytTIWxTWVglYiZyaHU4
I3VYWDJpNDxMK1o0JlVhQ01VPWtaRGR1RSpyOWUuZCNNR2cxcWZrLD8kKFhIYkVUbGouZmpBJT9H
XThqLE5kUj9NIWUsX1hAaT8vQzdrPWhbIUw1UUNrXkApLWIlSz4sPkJTQW90TGw8YDtoLDJWSHMk
L0xoKy9YMGhqSFBXcUBpbT00dS9vZWZKMENTakhtO3VZPVpFOzp0QUpZOWI5MG5XPlFyPDx1LUFU
JDZnTiwvZlJPYVlraU5OTFJGN1EzSlYrci5SX18+NFdPMEdjTzVyNDcxaSguWENBRDdrNTFsSyJC
KF1hKV1vaGNtaHA6dDshKiU8cTYmLEdTRTsoZ15jMnBlRj0hXF9vM3JyOzJadG1pSUZoWl1iMC1J
cWlmNGsuMzg8bnIpKDhwZz50KDA0bSwxTnBiR3FjTyFoKmtvQUIwX05NI19nUClkQWxtXituJj9t
OTNNa3NHXDI+SmhVamBNVWg5QzY6WU0ycCxWTVdWclRkPSo9NmAsLVMkLDZLZjkzST1fPWouWzVF
MklXTi1LSGA+YVImKT9wIU1uKF1idDpNTUBALj90QlBRRCZuYXM7KUMyKToxaTdbWVBYMVUvI1Rp
ZWtuZiNCPFkjVV1IOyteSiZYbXQpJj1TKFFqQD5HTSgiazRVXlAzLWokcTM2RVxzck9iRE48YSdQ
Sm8oXzp0SlY7RGE1RzE1M1FwXlxMJTljbiI2L2JtRmVhLEFeRHJdUCtodUYyNGZLLnA0V0c5VU9J
V15Wa0RLJWFtUSdEZmhiLkUpRHJiRFdiNmQ7MilIbU9iNE5FMzw1JGNeUXIhQXQ7K2E6bnQzQSMs
cmYvUkpUOio4RmpXR3BYYWo3QkFJJkwoazVaPGpVcyNlbWlbNVNRalhhRD5dOEAwcFRjKGM3KXUt
JG8vQU1xW1IrSGlxRiIqM3VGQTAvUiRWIV5GNiZgMzRYPEdNaj46YmlxLyRuQisyYCIzNEsjPE00
anJtQE48JzJmNUpNJk5tJzthQyQvcWJvalI2XUEmOzd1XFpKaylwTCVPb3ApJSNjUCp0byUoYkRE
TF1WOlNTbUNSciMmViM5VztfVWhraXRANkliXEJaNi8wKiRWZWk1Pj9WQjo8TSZkVFpnPFFaLC4z
YW4tbjVGIyJMNFcjJ2hRRWEyVjI3clVoRW1WXCNBaGY0J1loXT9dXlBFYiRZWygyYSI7Q1xcNjRC
bzNwTyUrQjlJYzBmYUhGT2kuPyxZVkRfKzYmNC8jS2pqW3B0JCZbbTQya28nXGdrcztoXFM+Wm89
TjVgc0RhX3JLdSU4bylnJVROZGc7QFo0RmRPTkpgQEJTP1dGbjEtZWx1JT1KNT90dVpcSU4haDRY
SSksZWMyVDFzN0o9IW5nayhAOztVTSJLUUhDaFVvQE06aiU4SkQuQEM3ZyVWVVFsW0xVZTYrciU/
IU1wNnIrX08qO1tBaTtqdFJmREBubigycEEkV2whZE8iclpfQCIsR0YwbDhPW2AmTlkvNWAxNz9g
UGUnT0MuZzpmSzdYYiYuaEspS29IJTEmWVUkJmVCVC1ucCwzUztdQnNWdFQtIiRlK1c3WGwtLEdV
Xl5lJlA4R2gxJF1pP3B0cW5LI0QySzgtSkRXP2JFdV1HaDdFKFNHZSNIQmE4XzkycEI1a1ImYCwh
azpMKzlTazBxX05vS0ZyWiQtRj9WTzYjV0xRQlhaIWpTXyJLJT41MkpfN1AkSDgpV1cnLW0qRjtw
Mls6Nl5mNm9PTWA+SSRiTl0iSUdWZ3AxW0RpK3AhMj0nSzJKRzZXQ1xGUDltTjNeQF5PXV8kTmdQ
Vm0nPGlpUm0hQkI7dENLSlQ8Kk0+MXJhL15rV21fQTIkMWA1O3ItYXVUYmIpOkliZW5eYUlpTUI0
KGxkL3JCLGQsIzdBIUtRbGAlQFsqaSEscm1ONjFxJ3AsUy9pJjNgbygmI3FCdSwzbDZNYmQ0LDZP
Sy4kKDAqWyc5QFA7RVUpZzRAKTxOWC1JYWBUYXA0ISNUVjtEWCFXVVw+RkdxNmE5X2tnRmIyPjYm
TlJmJ19RYTshZFw8VEZbWiRBbGk7bHBXXmcrXWg2b19GRDRjIyFgYWNnaGZyOV9iYS5QJiE6ckI1
JFhvTyFAS0AtbDVcV1onMmNDW2xHcCFIMlFgcnMwT047VFdlNFJEOzMwNTNGZiQ+JnFQVC4yRCoz
dT1LJSk8UyxgQChYVyZKdUYxS1w5P0NEXTxwZTBWJmRDJT0jUGZeOURYOHJkUGhtIl1VZ2RYKXA8
bV1Jc1lRa1hnOEkvPChLVFdycSglKCI7alJpb1lHT0wuJGEmRl0/My02dV4iMzFyO2VOX0gyRCFg
O3QnSDBeTycsPXNDJjNJXDprMzN1L2xQXD4jYkFRLD9xZ19pbUI1aydSWXMsblBPLkliRi5bampW
UEstSklNJkFWRGlDbmxUXF1JdHIvWVQ+OV5wLXNbcF89SzEkTkBOPDhUOFVDRSNVMVtfNHVDQHIk
NVRBOU8sYFkuPSpbJytlOSs6UTN0PywyKmhrNFY5WUlPWGZrNy8+WFY3dGFqaEtMLzlPNEVURWc1
ZWlVZixvUCpKXWZqIy9ecWMiUzdWcycta29mSFNfbTNtSSN0TV5EKmFDS2JyTFxyYlJpTEdrQUEx
LFFaKnEtV2RUXCRVZjZTV11ALk1iQEguMDdrTiZHbVciLjRVbSpQWmtTRDtxR1w6TEplWzlBU0JA
bUpCWF1SWV85M3NZOzZhNkdrPWBUTC87alo+KXVMM0YhZSJYaEZsQHAiJlZROz5gMCMxSzNJO10o
NGFcZz5CYUdxc3JVWFR0VU8qbWxkcT5bXj9sRF9AKzsrRCs+aTRNIkdDUGdiSTYzXy1QPk11K1ou
JW1FTy0qU1xUaylgN2VgU1JsMWs3Slo7L3UtWzokSXU7JjEoZzYwc15mQG9bR19CSCJkJ0ErZENc
VkIsb1VeXEhAVTBBPDNBaUZUSHRLWkgqdEM4dU9fKC9cYi1kLD43PzhMKXJPaW5iclc1UmgxTUJr
byYuVkxFSjlwcWIsVl9VdUBZJVJaKktIVTVSV0A5Xj9KXzReXE9VM1g0UXA8QHJmZ1FJNmVjMTJO
Sy9OJT5CQGxkKSdRPGBMbittJzg1MGQvVG5EK2RnOEFjPUNMJCRPUGcvWnVYI0tYQilKYERuazpH
Ri9sXiFoZ0dBPDIpS25kPCVNY3VPZypMXDVZKS5mLDtsViRnR1NCcVBJMV8uVC1bcHEsVkhmJShT
cyVjWUxjNCxBakNtNVQidW1qXTplXUo2JU9TRi9nWVFUUFEtIlYsI2JqTHFbUFs2LSdVdEhdJkxu
JDZyTUxZZ0UvPlAqci8oK0UyWWpDTjNAS1woWSRzIi9tSmxULUduSzsqP3RYcyQmTVhMVzdQLURZ
XzxdMzRZNy8yPE9tIlJUWG4waGFWNFJnMUd1OlJyKUAmPEtUWTtPJWorR0VkTjhqM2xmc00mXzdD
KCw+UHRVLFNSJS85QDluPEg6N04lSlxFZUZaLS5RNERGXFQ8R3JzZ2FwLDg2M11jKnIvSERqUCVf
Z106cEY7RVNlSy5rQE4sZUhUXDFnM1lIRnFjZkIxPzpeLE1kKnFqJ0RTaksxQXIoVSJXU1knVlhD
LjxlYTJGPWdTPWFgZT5lLDxBNnVlWk89JkUrRWpGbTYuSCY+L3QldXVNXmxlIShYZC1GRFEyIU1T
KjEvTGQyZ2RSMXM2c3RHUzJMT15PP1MoPj48bkE/UyVRXmVOZ280Xm1IQCRjdUVCJ11aKi4jQ29Y
Zyk3SjkxUl4/MSMqamg4YTIxWClHYE5sL2NcJ29RcVpCKF1AO0RMSD00JT4vKjc+YyxxRlg/Lkpm
QSZoKWZVYiQjQi0tTUx1L2E3WS9ZNVxCa0Vnam81JV08MVE/XEwyPyEtKmhSTlEnJ0skLTBjcDFx
S3RcMyg6Zk5tQl9qLGNoKltYZlRWb3UicS5AREErUCwtQElpcG1GUkctM01LUU4tay9wXCVuPFIz
MShuJiRUKU9BQlw0SisjVDJHa3NvbWlKUkRESDpUQiRwS0liYC5EUmRqLFpCM11xLnFlNlNTYUJs
czZENU1XVk5WaTdgUktvJkQycDsuIUUlZCFpNWw2Nj1XZGgoYT82JlFiOCcsSWZaMj4tcypRKytN
SVxRNE4nYDY8OipOODZNMz5rSkJfV0Y3MEk5RjEmXU9lOTI9TE1obV44XD5WcERYQipiOS1DYzxS
cjwwazNDYW9IYC8raURlRDA6aW1hNidvaWlALC9qUixQR0hqQjsnPHMoVjlQUCZPSShEIWwrdEhQ
OGU9ZkpIYzdIbU4oLk01aTBpKzQqV2JCJUpLPEdOX2FgMD1xKldKVy0wRmFFUyUiLFZnNCF1aCk4
cDpSbVNlPCMoO2ZDU1dOIi8iWzVTQU9HYCRcPS03NVc1VGsjdWI2LldORzxFbl46TjMmJ0hgNWQs
YVJULGprODZCcCphNExFQT4pOnVrTDdJMFxVQUVqO246aUBPUERJbi0yaFlEaSNQVSI9JjRRa00q
b1okWEVVU0k3JUYnRVphaGYmWCorQSJFZGFwa3IsNlFDYzMuPD8kaDU3ajBnWjVZT0hnXVVJTThN
aHRFVTpVLWNmMF8/Q15eW2YvKWpeSWxcXjNaVSNZWkMlaiVFJ0QrdHApK2siMUFnb0QybShZVFdM
LEgjMjhEdVU7a2kuc1lnaWxcNyYvXDVtNUVwOChBaFhyTm5ONkhpIixgV2teWSxLa0gsMEZnTUsl
MS9gWlc4XCZwXVk+PWpvJ3M8TkxlXE45SzdBXyorJDdtSitfNkJPYnI6XC1xPzNqNk5JJ1YoY250
Ym5QZHQ2OENkUVhldW1WYk9uSiIzczRuYC5NM15qJytyOiY9N0wkJG5HRnU3MUYsOz5hUG8lcmIk
JWVnODw/KihiWFlRNkZUT1k3SjIwOWZqRjZTUWkzMDVxR2tBRmtIPiNTQ0JsQVhENWtbYFlSQEIl
YD01V107TXAnJlleQ11ePE09dSk0a0pVZmQrbSUoc15SUWJZMHJxOVZka0MraG9yRzByWWEmUzFt
PCdDI2lpZzc4Jz0wQ1NFVCNmYGwiWjpYNVVBcmtqaHI0PlQtaHJTWkxyQDVCI140Z05PYiNaWlM8
ZmErQzdMZ0M7RjpcXmNyOjVkb1tZJXVHYTRNVlxhKS1Ycm5sPE5JOCguZFA7aU89J21lbVVWTGlf
LjwucF5QOmNoTVFLaC1tJUFXaiVjQkI2cGBVSiE7KVZfYldhW0ckaltCbiNva0dsP2NqKE9uX0cr
aDtBWlk4SDNoJ1hrRy5ncUshMmtSTSo1Q0hfbmtWSTNYWyJPL0JPUStGWCM/dDxPaEMmUTpMMksh
KmQkOGEsNTcmOkx1Nl0wSzRfRy1ZXlNNVWQ7RT5uSUorZGJpIjBiXkpJTnNqI0o0VFJdXjw0O1Ba
RjtsUzEuVmJeZS08QiZWZXNFU2o9JjouZnJaKTheQ2QxOC8hayc9KExYTCVPMy9UQm1BYDVSK1Ew
bTdzaVNeLzpDdFllOEFFTD5yaiFTVVQ2QHIqXm5TNVlDLEloImU3YE9WVF9rVjFXaytSUyxVUEZq
Ml9ibGJvVU42PCZKLkFPKixJYk0xcU51ZGIhcV1hIj5tWnUwVkM5WEQjT1w4ZDlBLkBtSSw/KWJM
JilNUmxLVGwwKyZEakhKIzlucGo1JlQ4REU8Y28vTUY8PkdtaEIrLjVrUzJsNzBbWiVCb0dYLkpg
IU5qblh0XG9jNCZaSjI9Tl85XmhUK0JtISgnS2pDayMoWD9yMkRAYV4/KS1RJ2hmallyViRbZFs/
N1o4amQwV2VtSnI6OHNNQ05mKVxxVl9lT2lGPyVaMWNsNWNZSEFKRicjY109UGYobjshbUwtWEFo
WS5LPyxTXkpJNmQ5MCdNJTFBWWpVdWU/J1U+SG9cMDc2ZzM/NVAjV1BjOzQ7NDJILEFTXllec1do
XGpBZG1BLilDQyJhbjBrRGxTXlwtcTJxODEsY2twR2t0OFdAUG1aZ0FXP0dbX0QkMSM1QEhaZDxi
Wy9yPkhNOiJNYi1DczAuNyYrJDN1REFiaSFJQk9rQCYxNG9qRDtDIyh1XjNPN0k1QDwzNGcjR2sh
NzYuZ0xyRTsoNytuInFDaGZDMkokMkptW0VeSS8+Tk1PRi9SVk1PIUxBWW1IVCVgcytNS3EsTm8u
P2xWPlFRYFg6ZU4zOis/QCFubUtdNyVPQ1xec2VXO2Q0SjRGOlUtQlwvOiRhWjFHNTNNbmRNPC1D
YElnPk9CNzpAUUwoWC1FKFY7MWFFPyhoXnBQLz1iI18sVCU7ZUEoSWkiUTljLHBbcHVuXUk8ZnRY
QFxiLkl0MWs4LkcqI0hFLGIpKis2PjZPYkVAKTlZO0MwRTIqMyoqMXNiQkk+ZTwjcSpjYHRMP2hu
XUsiImA/a0gxMS9VXUZQK2woZTdMI0poLXNOcD9xJWI3a2IrQ1grL3NoNDBQQCh0PVxVQmg4bDQo
NSw4RzFlcT0nQXBTako0OE5ZQmgwKzlPJmc+ZFI1czhQMSJBaj1oMT81V0p1WyEsU0oqRWRBUDZD
P250YV5dWDlQRENdTnFfQSNcSE44JzU0cVo/I2BUNU5DU3JRMmZITyZJcEhtb0wpPEtFLj5Qc0ZX
XS0jMChGRm1mWGFzY0k8XmdGYVlfOlxXPjptZV5xS1JoSUZvQWJWRmMlZEtUUWAoNiExJU49JyMt
Jms6U0tUWDsiKEIoYEgtWk4oIyJUbkhDWyM9Mm5ea2tdQTgtJDZzNDlkXmZYJjhYVGpULVZSOElL
TFlJJ3JybzVsXUNJMzBwX2lmInFjVzZuSjswRzQoR1ZmM1RvR1FCQUpSWTsraVEtIidoMSlfKG5b
YUJFMD8pLmspKztTKWQ3WjBFJ0lrRUM1YTlONEolTVZPWU9adDBWbjAiYCJtJlNVVTdJKTwqVVdp
X1snMTxfVXMqIUUjOkROcEUrQyldJDozNCROJkkpZidXVk9YTDxLY0Y4ZidGSz0kZCQrXiEiO1lt
MmBELmQ9ZGpcazdTTyhlPDQ8ZUEkQV88XmNScSg0JCFGRjZPIzdQXnUoSi5zcFg+IjVKM05hMVEy
WjRcdFxsKFxHKyQ0RlVJW2VaNDJCVW89bjUrMXVTbjVDTzUwRkpNI2NfOydjYW5kTnNYSjR1clRy
dWYyODc8ckNQQHE8RWhOVDEzUlhoOSEmXE9KaV5pc20maEVxVGM5ViE2OFE6cCkzSllNdElBTzxH
InJGPjFnNjpAOkRUcFppWWNBbyYoL2dVUiU8QVY/UVldUDNXMHBfLzxUb0onQ2FhPFdtXk9AZzFK
OC0xT2EmYiZSa0FNbloqXjswZEc+ImQrMGskWUY4aiFVMSJdPjg3SkNRZTEzcjBBKzUwIlVvLEEr
W2JtOyhgbiQ/UXE3XClBaj91WExvdTtNSHFlRTkmYGglaS9hTGhGRTVqIUBCRSYyPmBgMmlILyQl
SFtcWGIlNTZJYjFsQSosQTMsKCQrInItXiU1NUA5YTBoXG1MKlgzRkU6YDJqYi02Wz4lSFBkVmBi
MzkhXlpEUXRgQHE3ajQsNDFtLiVOU0RRITpKImNcMkNlQkhSXz8xXSNyRzpKKls9LzEsInA3Q0Im
W0xrV151aFgxaSJTZWdYTzA7IkhBMyYiMUJfUiwuV15yKENULE9VZVBpXUN0ZkhkMzVHJVNyZzly
QHVxVWtCbiVQNz9cRiZJbWVZMS5eSEVkPUI1aFlQS04rdC1fJV5yTV5rYSxsRWwlMmcoKDlJL15j
JyJNOEJvN24kQiQlJTE7byZsMVc4QD1bZk9zMV49JiUoTTNwdDUzR2E/NTFQUS9MJ0MsIVszLUE5
R1E+X3FOYmNKSVo0Mjw8a05aKV1DYDs6Il1tK0cxUEAkUydVaFJvczI7VkJCJlUuZCwlYmNGJTto
cGxcZkZSY0kwcTNROFZhQ0klPE9dNCNVP0E+UydxNDdcVz9MSClRKCddXChZUVhUb2toRlhbInNd
PkRWSlZpXGY1RzhzQjY7UXRYMHFTLUE2Z05vMkhfWig5dHJqPjI6JG06KDJkaChdN0BdNig5Z2Vs
S3UoJWJaLTZIMD1DUSNNIXFHclFxT19YQURxcGZLai1RV3BTajQhRDtlQWlNVVhYI18+QG1FZFZj
aUVpJSlRL18yNCFyaERjVkJQVzc7IkRoUHVjUFo8WSlsTiVEPkdBQ1wna1pQUy9IK1svQEBpTFFE
Uz1iLU9wRkUyO0duNDlYQ2tTJCc2OHBCVm9yUnFPITZQQ1tIMDRUVTJBcFBxYSlQPHMsaVkhKiwk
b05jLDxLJks6UVo5anNLcGpeLExlO05zcEU2ZnVIdTAya1VGPyVgWzpWUjItRjxGIk5SWTAuQVFV
dE5rOlBncmY0XDwkUjEtXz1vQlleJjczdWFpXjxLIV5DWCgpQDBYR2lhV0cxRzdraVFPKENYLTk0
LzZcS05tdSR0Q2M2VlY4MCwsYlYxVUJGZj1bP0hFSjcwYUYoS1lKUl4+W2tkZXBAb1VEaEA1MWFt
P1pmSVYiZUtcT0IyYzhzaTokUWVVVWAvTCpIYUZOdSc1WDZRV0srVyojdTFENW1vPFIrKHMnaTFI
a2dXTDtlZilqZFsqLFQ1Q0VVXmRAcSVqOlsuZjNnWGVbQWNWYSVlUiNzLCRPPzBmOkE0UkA7LEkv
ZVBMdThzaDAjclo/QyJATyo0IUQ7QFlbbzlEYDZHLC83aFk2NEFJWzNhO2RPY0xtQDpBJCFbJD5T
a19fJEJzQj1oLXM3Vl5fNVJCdVMwM0E5LFRQbzA9aHNYZHEzP21RX04vWUNrUTNbb0UkbitBYEpZ
Ll1SZ1hTY1lOLSJiVk9nVCJiRFJrI0ZdKzJPalgoQWEvUTg9UCFTTVpQUUw8REhnPjNAcTpVa1Ew
WXBNQ1pSISFKPmtHNF4+PUwpKShwWU9BNz5iLHEiUyFDUV8sRy8nYXUtVDpJcFlicjgraTo6Uzxd
TGdDR1NkWjc7OU1KPmAuZFxRXmFDRj9iXEg9VVkmNUZgUSJhLjBLR2cpQGhlRlxkbmtzVkhBQyNF
IV81Wzxib2xOUT1qYC5eMTdFIlYzTVVFPCRaImc5bDdPXlxSTmdcZFduS0NCP1Zsb1pgKmxhPWU2
Zj08ImdKWSJwLnUoS2giXUw6LlYmQ1huUjhwU2k/ZmgyOXBWWEpbWmAiViJPXlMxJi9oRGdBc01V
OFQtb25hb2A5RkVGZUVgOVopUy0yK3BzXWs6TCpwPmZQTCVOSTBiVzsjcnJoTDwtbDBtUCI9dVVG
MyZHSmwxbWozQnBjNitAW2BCOFFvPy81TWkrPmJiVExwVG0/T18icUBKK1Q/SS0xUjhpXmUvXUpV
NFtkOFw4bTtfVD1cXytKa1hJVj9mL2tiaF9TJiRpZEBjQTcrWmRgXmZAI1UlazZTQ29QclxEYEIs
ajNyT0JrLiVJLkwkVik3Nys7VWFaKHUtNnJXI1dORDVTWS5QXChrKG5cbV1vLERjJCMtKyJDYClw
XkkzRlFJQTxccFchJ25oNmkjUXFLY1c9WG4kWmJfcDNmSjNZME1HKzs0JS5SWlRlcXJvIjYkc21O
cDBEPnVTQHM6OVcoV29rLE82NyYxKFE3STlIJCFUWU0wM2NxOTQ+PEpsJWFWRzZSXyE4dEEvWDNA
XDNuRUEuWlBcYSkyVGhJWDJeNiJGO1NNRCY9KldZM2AmaENwP202Tk9mcDlWImImUmdOQlg0JV8r
ZEFiKjJeN0RxVGwwZiEiQD46Mi1cVU5qTmM8PWUwTD9paSkkPlNIQWNBZTdHb2xxciQkNFJ1NiJA
UFM8JCpLLCs2cT5jSSpuREFZT2NDUGk2YVI8TTw7VDE7NVU3QyFyMGYjajdlNSYmUXFUXSc8N3FZ
bXRYXlhEP2RVcGBTM3FpXyYxSjtqOEwjViNOKi1QPiloOTRGP191LTNkalpJUiMwSllcX1lXYWIu
Z1htcCw/WnVXUC5mVDRCOmguWyVnOXBvKyQoVCpmZGAkaisuU29IMDxbY1kzZnJOXlQiK25CQUQm
WWpaWnRddWBRISFuQzpTRENPOEJtXkJhSVtjSU4hcjpyTDcxOGRVXEgjRWRNXiNqWTxoKlM2TDJE
ajhZYT5YLjA6OVxAUEohYCIzXihBJSdHSFwoZjoyJyV0b14xYmlNal1JaDZMM1ZuKzFvJWlKTWlr
RlJpdFY9cWw4OFJqKkklUTosVCk2YixoMzFwUmMsQEguZThJWnQhIWRiIVUvUCt1Z2xjNypBL002
YEJhN1doP1ROQURUSzFpRSo8Mk5EKDtRNGJDIUJFO3FTPS8lMjYpQjNeP0R0X046aVBKdFBkPl9L
SGVpPGU7J3FVTkwnNEUlSS5TVCJgWCtfUjRyWzoyRHBvSVk0YU46WTNATSJqLj0vcSI3TkVZRSsn
J1gsJVBdQEtBU3RfXkNhRmswUnEjU3VcZEJaVDJuLiY5R0slZzVkLypUdVViK2pZcSNbWHNWJ2Q/
ZihKLmRwWmYzaF09O1k6KVA6aSY1JEgvIzRJN0InaDRNSTMhaSlTQmw2R2U7TlY9bFc0VEcqUVA3
RFw/ZFppcCY8UHM/bz9tbF5YaEBRNmkzUmxRaCdNY1IjTytLMmhxImdULW5GIko1czlaRCFjMCZM
amEyZmgucytaNENjPkY+WWpALidjO21DU2daNGJuaDUyJUhEMDs8XDdqaywlZCdiV3VtZUs2OiN1
STc7IkUyZm9DTzE6RjxxJTdeJyEmUmonQjJJPjJJLVI9aT5JXzk3VSdaIV8tUmwtN3FUYCwqKCg5
JGNrRGxJKzoiNHEpOTNdR2otWTtNUUdTVjorTVRhSEpkL2x0SDdaM3BzMjVRLioyRVheKz9XblZb
Kz8tMElYYlBiPE9QSlIoJ0VyL3VSJG0mOVpFdEBPKissa2tgJV4oPWg8dEQwNl9JQzlYVERjai1w
PkFmLEtEVUY3OmtFY01lRWttQkNzX0ZXLDYuSj1AYTFlQCdsMyxyU1NHXWBMXSReXUg7azsvLSZu
SWJhIjhiVmVDS0lJQS1tbDtWcV1hXU1eYVJnVjU8azFyTHNWSUU4RXMsVi5JNyM3bW5bXz5lI0lU
QShMU2RyRWdsJWM0LVspI1tsT0lmVjRjX1dKLilwLksvdG8wZXNCUGlUKy43OEZrdDJGOExqRilh
bE5SRS9DNl1aImkkckh1I1hDKT1zZkNUZzQrYVdSL0VPbGcqazRTQWtBYl9VdUQhRD5CM1dTZ2kx
cUQ8TzxGJG8uaGdwW1c3U251SmVQTjlETy1iSDNsJlFwbEB0WFZjWVBFPTMlMGhzRzlJXyVOb24n
LVxUIUtVNVI8Nl0va2ZaalUjJ1RrI2M+MjdyU0lIJilGbChgPi5NKFtucjFWailVW0dcYj5xTCFE
SlY1YTdGPjozW0xSTUIuYytGUyxqWGVqVzZtWElVPSdtaV5gTiQ0MmJgcl1APnBjNkJAVSElPm5y
UW1dKkEvI1NRYCRUXCMiXGBVQj9hUS4tREFaJllILjRTcGA2ImZbUzdqN2ghMy0rVmFVayg+Y1oj
TkMmImFGPGhJSUoqMGNOPD9mLTpVSDYkJW8wJGMwVT0pUzZQQDlXUXM/V08kVGw3aFs7NnRUKXQy
KmUyI1duVTAnRSk0bkgmLic4PEZNYVQiVFNFKUVtSTBwPGAnMyxqaWRyNnNNbjBuJDI5UW8hTTJC
ZSw+P288Mi0mIVQhL1lzLy0wakQkTFU2Ml8yallqZ2tqal41KjVYTjdlUl4+IUZtdTlIK2YlXyJL
SWYkXllTIV45alNEcGpdOEE8SUNrTDJLU0IkX2RuV1Quc1hwXzZdbTxDJWUqamooIlpwLTo/a25Q
QU1uOEo3XU4zZzBGQ1socTkkPVI1VGJMYkw6RjE4R1EvOSpGImpGPFRXSFZqSzk6OzU1V05yISMk
MFQxVF1iailjdT51SC1PVDlPJyc4Kz0zLj1jTzghWk9rL0EjbVBgYWNkaHBlKF9oZUxQRlNDMlNc
JWo/VVx0aGRWITxeXFFjakpwU0Y/cEcuPkxwLD1OIWwiOzgtSzdIPz40RkpqIWcmWjJlNmJzby0y
US9WRFBUSmtSLWRRNixsSFw1aUA6XDlCaVEha28lUDhiOWwvSThFI1s0K0smPCpdT0VTUjMxamhL
WT5YcUImISJjJi4tXFUnIyZCY2VSWEc0ZD5xSGshVmA1YmhpX20vTzpMMSwocD09MDtrZzx0PV9S
PUU9NFBVbl1JKEovVW5zLV1vNyE2PFoiMUw8YDtCTmtwbjhWV0Z1PFg9bEBBMS0kXElUWyY0IXJv
amcqLkpyP2ZXKDZPWisqcGwuYUBtTDYmWWFwLFFCKlNIa1ApSz04IzIkNkU5bGVJL21KYExFXGhq
STs+YD9ZMXNbTTciVUMrWlsoLjx0KiU6TTdiZlVEZk06TEs3SGZcRjNCcGkhWC1gKlEjN1pVV05p
b2M1XjYkalVUP0ojL087WCVxNCNSWC1pbm41Y1RKL25qI0hfMjlHUEtFVSVgOGtvVzJETFNPJmFW
NElnVjJccz1CVTBCLGwzUTI8SEpPYFYhN0llUDtCUCxydFd1SHB1QTlIPldjIzE1PlZaUjhRJzts
KUQ5LUlESmZsRCI7OzgnJEYkLjFHT0klQUZMOjkwN0JlQCY3biYnWEJoalM4Ti9VYj5SRCFvUFw6
cScxMzNxQzFZbGZCc0osVm0yTWYuYEckXmVfIzQ2Sjc7LDdCMzZaRj1GKFcsPCZgNVQqZDxdRDQ5
SUdVMVxbMScrQE5GXFVpIzw+ZnM0JjY1OitBYDsoJnIwbD1sPlpVP1I+ZSMvXW5bX0Z1Lko7MV9R
WE9EOWwoVyRMUHNiNkZeWERSb1pXK2RWXTpfXSs5b2txP2AwIzIhITNPRmJvO09dazw3J0ZVcTM7
IUwtWXRvPWlwY0lwR1xQVGIvRmA2SGRvMC9wL3NFTm1OSGFmJWZLJ24xT15TPygwWEdmTFMhLUox
WTJAPWpwLmFrViUzcEtDSE5YZTtdU108ZkglZ0ZAV1lSRUs5OyRxcUMvckdmLCZ1L1QxWUgpZTpk
dTViXGhMRSMuZG8pSTk3KCZeS1ZeMVk3SSNIXDY2YF0uYjRRNlBBQidxLkxRbl9TYy90SDo1QzNj
SkExMDcnLzZEPCZoay50WFNVUGInQTczaGhUKUphWyFDPEk5WGlCYDgiSHV0SmpFN3JsPS5fYUpN
RGYsXVMpUy4nPjQ7STFfJW85XT0nVj5nZTYzcnQjVEIxKUIubTZcMEtcRjYyNmshcE5HQUlnTmA+
YzsjU0UxSVczLWBeZVZoTFokJl03KCZqWmVWViZeVlZRcUFTZUhzRipuM1IzJGFgbiVQLnAqKVlD
JD10R2NaKiVCJFszIlJBWiNPSjtxWkJzZ0c7KUg7LDtIYVVJdEBcPGZmPFdoMSs0bnRnKU9GbWM+
dTItPzU+I0NyOSNTMkFzVGdrXS5wYnA/YWFKS2BtR0lbbStxNlU0XmdeUTxoRHIiQHE+PCRqa20w
Iz0mXkJgJFlla10jPGBvbGlGMydeN1g1WUAoZDUtME4iIk9vXVB1KSotN1ZCLiw/VTtEX29MTS0l
Z1UhO3BedVBycGQvODhbU01zSEpgMmo7PiJEXlRIO3FTIUdGa2NDYCk2dDRBOFlhMkA0RSpGaW82
Lm5WIUwyUFlkSEJBS3BCKW9lVSJybTtiLzVLZTJKKWZSJUo8YSwxZ1F1M18zWSZDaW1EPmIjQylO
QCRRQ1JAb3VtRThwO0pXSjVFWkg0MTBvRlV1c2g3UlJFPGsvJjZIKywzR2JaT1x1KWYuW2lJJTRG
ZiskJVY6cmQsXHElbVYnRk49Jkd0Ki84UTJ0ZCtpMV4uKSdWXVZyc1FJI1RvXkglOipGPWhAMzda
NkpJPyg1J0ZSRWdWJ0VzciFXNTksbl9sV1UvOzY2JzEnV0Myazo+OSVASHNBQjRqazQhLEpyWGhg
c1xZT0FVNy1DOSQoVztkOE5tPk9bYFk7X19BQUgyIilTcT1tPXREbkVySTtgJU9cOzJGai8sUTgv
Q1lBQjxTZk9dQnI5ZW5wLWFBK3RQdUZeKWRxPy0sV0k4PEwvWjY8Ii8haydTUnNTKiM9ckxyJU1s
T2BjNWpZbl51WmpwRUx0MURkZW5HUmYuVyJmanNQYUdpIjxFOWNgXWd0OCdbTjEuP2k4WGEvITVp
R1pwKmkyKyNVb15JWDBXPTQ1YFBOOiQkO1szW0tRLVFvO2c+KTxJVEInMCwnJC5iWyM6aUYkOFRp
XC0+aDxyQVppKSZCQCNVY0xbIWdnSy5zVS0vKk81JyVtNlZkSDIvJXFjRlU7aikzZzJgWT1aK0FK
RHVKZyY1VGY4LzFKMk4uck5dRktDWS02KyduSVA6QG9sc25WUDNOPEdUSyhtRC5VQFJaQiNSYyle
XWcnOC9KSGAqY3RybT5cQCNQKWxbZjBHb2EzRVMuNGNkR2tnMSpdInRlSWs5WzhEXG9JK0pISVNM
XyU9ITpSNjVxPV84LkE3ajprVjZjSm0jS0Bsc3U/IilpZ1NBUm9DKHIkS2s+WG5eJV0hTFxtT2Jj
Ll1oKidZMFVtQFhpW20jZUZiR19WRiY5UGRFc1AlbUBdTGFkN0BWcEMqUiFIIkJYImM0KCI7RFM9
Jy5fXi4xOF1faEdIIjFDM2BvPyc+aDBWRGMzIVZ1LV5uXEFUJW42Tz5MZSNydURMSl9vWkxaO3NC
R1YyKURkY0klRFhdPkxZcms7YlwiTmhQbmhicms2KzUudCUoSDgwS1pAJEJTP1s8QUxsKk1hcFpl
QS9IW1xVbV1YITwlMCFALFUkK3A0NjkjLFBRXyskRzM2cylPKD1rSkMzZkUqUlpGRSEqLG47LzVC
IWEmTSJyNUc+YE5TdElZTl42cC5ONT9kY1FJWnE7R0dfaUhYSC47cWMoQzlbMz1vN0FPaVY8U2lc
YFQ7OUgnQ29dLEkwSzIwSCNtLkVVVHNMJjwxXjJbak0qLUMxWGUpR1FOMEE9O1VGOi5XcCU4YDpd
VjAtWisnanBXL3NESj5fXERNcDlZYl08PFg0RkdBN0ZDVSVBLTVwMDJyWlw4PXI8LVBGPlFKOWwy
ZE0jdFY4TUxkUlpVJG5YWVkuY1hLJUlzV0pPM1pnLGE1I1RWOXA8LTpDTz9FJTxDZDBsYmIsMCc4
NGVQJSFCXTpjPj9xQmhxUiZlaT5wQ0FVPW5Aby5YV2onWVlTPk4jWFpsZXBOLzBZW0g8c1JXYVlW
SVlPRDcjO0VHNDFVVVYkMTBOSCtTKFR0ZDBzVjxCVE9yTGIuWChbVEZBIlxAYWtCOCRhQykvPl9E
YlhRMS9jcyQpanEwVl84bFtpOm5oR1dScW1LRGE0cFhkNlM7JHRDUi1ubz5odWUsU0RrL1FWaFlB
RzYrJ2RzQj5QTXNdM1VFTlBxMztpb09sPU4jSXUkNUcmRzgiMUwiYlNqXjwoKzAhQFZNIVJ0R21A
WXIzO0A6S3RjWkFPVm5USTIiSXM4JjVXcF5hJi5eUSNyT1BFQjJVJnIpSDdwXHVBMTczaCxdKT1x
Tk1sNylHPFdsUlJQMHFCcXFZJT1LKzJJNCIhW1dHTmNKPiYoQltdX15kVjwtbCVtclkzJSxlXEZr
bj1TPyNIMiI7V2BoaFhRLlJvXyczLSdEZTBYPy1DYFJGI0AncUIzciRQXy5HLUgmZzM2NnVSMFsh
OWFbSG9uZ2NcVm1GMWk9YSwhW1YiY01OLDZUQ0leb00pVVg8OTY0bV4jKyUkdSxsMSdzPCVFOnNP
RFdLJjkkPWM3WkNWbEhsVltDTVhLLTlaZDtLK2lMO2RnXTVbWFNcW0FdKzkiU0c1TG5LPWAsPWZn
M2xKVT9gXyxBayknbz4wRmYtYDAwYCI/cjxlOjxVLiVJI2hoPDxhQidHZ1NiNEwyUzNPKlovSzJW
ODU5PVw8TVJpbmY9W2xTRD9pRDs6WFknLGE0NTFFRmZCPGdgTjk5Ml5vIkVwSj4kI0MpX2hsUG4o
PSImPjdfLzwpYEY7Oy5oUitsRG1hUEkmUFZdZylKIUdncSVEPDQwb0ZldFBbMSQxJiItR05RVCtv
R3Qra1tPXTtrZVk4bUNAPGQmUmpKZmptOFZOXl9TLExiQ1w6MEpNS1EiY2xRS0U5VCFgOzgnVDxn
IixfTzNgXywhP24tdUkmKCpmUjBOYFFGI3E/bXRwKUJkbEtBXWouczk9WS5DWStLRm0ka1NERmIy
XDc1KikrcTtZS05dP1pRPzIjaiNaJFApZDlGMSoiblkqSlFwTT1ONzxTMV5TQFIiayhnMXRqQ10s
JGkmP01HJS9qPjQ/cy5AITZKOGFgTGhvQisobixIbTIyPixIPj4pS3IwRTdcTTswUCVbVCUjO1tH
IUpBNUAoY0RTQEM9SE9QVlEicDNINWgnKHBtbEpFUlxqZV5bU1NCVmd0Mi8/WClkXCFGNy46dW1k
biorKCdfTD0yKUsmMHMkSWM2QExAYG8xVnAzJVJDOl0sKk1EVDpoQi4zW04nYSd1bmtZaykwak9P
Xls5N2tNI0ZfXGQnKVslb0w6UiIuXjNYKSpbMz9NQG4pV183czZlUk47WTtrPz9FZ3BnLUZTMzph
SDx0cCdIcjFhIV0hM2dBMT9VV0BNVUtdbFckYlJMJ1duQzllR0QmOV1vRytAW1ROaSNjXC1XUGIh
O0JqMzRWZWQtK1hVXzU+azA/JGphOGlRMWthIkMnVW9bZEUnNV5KaXIiclsqKlolLyVcMEQ9SSxy
cmdVPzolM2wsQz5KVk9GLmthLDFfQSdhS2BoOCFVaWxKcG0nNSNIYzJCXHAhNERFWkgrRUpNJV44
PldiPWtVTGMmYC8uSHJNcDBmayxDVjRrQCoqU0UwTXA+QUplcy9OPyg2b3B0QUdOWlhmWWpSJS0t
XzR0OS0+WFdwSjM/RWFROycmcWhRb1s/ZzpAJCJZbFAtbyhET0hsQm5GUmVBa0ZCUlMhVEQzT0lV
Z3RZZl4lZmAtMF06dDw6U1ZQODIiJWopcSJfc2hTWiMvNEonbztTPTtmPmFpaHQrM2pzYC1KQE1a
VDpqdDJmLyM7bzVHMVM6LDVmS2c2MU9ebEYrPDFWYkIjYDIjc25rQDg+VUdFVUNrPE90UEhMMlpE
VHFsOkwlMzIxYTpFczo1XCFBSFJaNmhfW1duXkk5I1InNiIqbF5wRiZTUGJjKVVLIyJGJHMjVCRA
bExcKGRlZUVWWkFiI2E6XG0zQDZxNVc5ZkdTXmFOZlgzMyMuWlkpY20yRHJcMWcxIl9USjopL1ZE
WC8rO1BlZUUqYVs9MEkkMlViNWpoNGFJMDdCPiwnL0JWOkpqS1ghczRHPWZuQV4pMVkmS1dmVkhW
JUNWYlJTXmpPLyMxLygnbERlN2tvT0NBLVkmJ24hQ05AVXA+Wm8mQllVdGhpImQsTUVjXlI3cyRp
Jy1rRWhQJDNrO1ZWbGtfcFczXSFJKjxzaDstOXMjJSYvNXRuPzEuUj5NP2JOby1vWFRdSDpNPm08
bG4ibShdTCgrPSM1O1NHRitMS0IxOl5YPiIoKkglKjAsaEEmUURiT29DQTtAYWxJdUZnLG8mTyVO
YF90XGNQKipDb1g3V1U1QEV1KnNoLDshQVtuWWxzNnJwY0UnIUtaTFIxIzdVLyg+KkY7U3QoYmdR
YThqT2FwJURwaCYqR2gxIzlXPmFQLEs4JW5fOWUtI0kxRUJdZi02OFdwWmxhcyVXMzxNYUtmSSdB
KVpvbGwsWSxaZGAiam5tYlY2cE9iKWZcWT9AQFtrUV1dXjtjbFIiKjE6JWEnOHNaaVEqPUIlXmdZ
RS9HVi9WR2JbJUgrUEZcSUwhJjlhQm9DSGZRQ0hDKylkKzM3MiFkXHMpZ1VibmpIW3REJlBqT24s
aUxSSCJBXyNsbVBeamxnRVhGMEEoRyVIQU1Gbj4rOXJcZ2AyIVExZ1xiUUVKaHNYLCJDWUphKVwt
IzhaX3I8bURSTEYrRFNfXGNMQyJJZlc7UjJPaDIzOFQiODZCXCpEJnBCcUxtKkMiN1JiZFIiLkM4
cFdrV2tkay88XDFTYnBSXEhyaUZTOFxzSSpIKHVfSyVOOEtcQ1ZSK0ZXYXRVTDw0VmxrUT8zKiJG
Vl5FcjFVL1E6XTkvI3RsdGpCUyVsIV5xQTI6WW5FM2tBRVFvT0EoaGhJVkVXWF4hdD8rckBMb0he
MDMoW0M0PE1BbCU1OV1IcCdCcDdARVImbyJfUWEwbC9oU2hgWE84IjQqZjprTTlxQ3VwLHBsOVlQ
UlRNcDtNMmE7LlA5IiNlXyYtYzNWY04xSDlfQGhyRXEkImdFMFFvVlZFOEIzXlNKNU1tWkw3c1NV
aSRmIXBDPnJSM1JYNisjT1dbR0ZIajI6cClBdTglKkxTLGtZITs3NFBGdWs/bWokPWlcb0I3bipq
cC9zbkUjPnRsXmE0RihFYDtrRiNrRnVeQk1POmxEcyw9QiZKRCJUaDskLk8nRUE8JSlUL0EtYiRz
KjFVcko+ZzI1KnFZcCFuLkdLRCcqXEFbYlVZKT4jMyxlUShZZ0BDcVteTFwyQGkkKixAYTBfLlZB
bGRAazJgaC0uazJWPjtCc1ZhP1c8JkctMlM7bW80LTVsSks+NmBtSF0sOUluMF1uUiQ4QjctL1RG
XD9XJHVpKSxgTGUnNCFVJkMnU2wvS01uTC85QjwvcnIoX1lsNWdZVlMyJCg+TU0zIz8vbV9HQDJ1
YzBAQV5yWmRPdHBgQ1c9JGVEUHBBQVpOVWhDOSVUaGo5Nm0iQmRjXU4+Zj9vJ2h1azpbUGBMY1Nq
Q0pVTmxKYHFvTk5YaixeQk5YUmYiIkU9KkQvUj8/MUVgM1lhLjRtMDtkMj0jTSotVShHI1RjNCol
ai90WEkvRlo5YT5WSkpTLnIpNm1ES2h0TTZtKTBpNXAlMyMkdD43LWZdMD0+NXM0NEtxYmtYMCl0
Vy5gZVtaSCFxa2Frb0dsUV0iKT5ZYWM9ci82aGdCKVRXLExTRUxQQCpLVDwzWlA2QS0oLkEmXmxP
MUA2RDBvcUM+X0kibGZSZkAxP0ZDaDhyX3FBZDhRJztkcDVcWFhZMyEmQi5xYF5tcT83Wj0xQC5c
OjYkV0ctJnNlbkNAaCkuSHFOW3MsZy81OiI7WCtedFlOcjc7MjNvKFYrYTpzTEl0YFouZiNvSkM2
b0c0XDIsWz1eQi8vY1tjQm9ebzs2b042LC1RY2kkT14oXVlbY2BgW3RKIkkzbEE7SGcnZCowKW5l
Zj9UXyovbllUKUJSO2AjN1YqPmBmWlBEcyIvOVxFNTIrZl0yaDA3TFpVIXBXZG1jRzpQNSNoJ0My
KGhlYV1aPjFZL1hTcT5eSUpURkZEV1o+XzhSIm85J2tIT19JOkZHNUs8akZlLC9NaStmYG1mUiYi
RyVFSkFUdVJCPkJgSCJSbz5oNXApUSs9OzYxSW1OazhaUSxCW2RUcDplN0VwbUc4ZHFkVkE5JGFy
RlE3K2YoPTszMzdFJDklcUp1MitDJEwpKSk9J0BzXS4yPytEOi1QRUA6QENsIT1nRXBiTzQrbWEx
PV9CblBcRikzUENQTkZEKTFwcWAsSixkZEtccT9kS0g3RWdNQWhcdTxSaF1cMiUqQSlXLyxeczZw
Qzs0QTEwQzpRT0JMJV0yaD9qVVIsXixCaUFYOGxEMjA+XEIjZnEoVWs5bVo2NkVkaE0nY3RkRkpQ
ZTFWZ2M7ZEcpXz90NDJUJllmKFxjO09Kc0dOYVIibVgycGwwV1koIXQmSkdkcjVvMmdGMl5JZW1i
WE5kMEozNmNNMFgpIWhfQXFZL2ZvMl9yRFFZWDRBO2NzIThtWGg5XGI/KSo4aTlJYCdaUFRGSm9n
YV1sPyZNKkxXcnRlcixSYEArQjJAPHVpSWhNOUV1JD5Ycix0SHRbVSNhLCYhbkEkOz1WUWdiKi1I
Z0lsTEFIbSJfa0tMSilnVy5LIigpaFFnLyIpMD45bGBiK2liUFthKk1McDldLzFCLnApZGZYY1RP
YTNzajQpWFBEWD01ckcoRzVlV1VAP3ErJEowLG9hOC9NIVMkblhMZzA4WGEoSl45TjVcPylbOGs/
Z1sqIV5lSTBPWTs3ODZvJ289NlYqWTFWPHA3UzBRNVdIND9kM2EkK2JBIjJjSjlgPWlaXlkyW088
UDlKVTQrRS4nSjBdI1kiJjFxRXNOWFdMR2lVRSwxY14qdV46cUhDL2wrVCVVSiklQiZGUSNhXik3
PEtBLW9uUz43YktUXDEwJi5gJ1pGSWMpQk0lNUVVcj0kcFZGQFtDWSNpSCYvLnFvXCwrOD9wYDlY
Pm0wUkVlM0IjLjwpcEdETSkwPkE3WD0uMldZJk4yJCU9UzMyazJJc1NhcSNNLkhLY2ZTQm07LjEv
c1M6WEhdYTgwbS5MSjg1cC8hZXBbOCprbSEwTFBCKG1CUElKZj4mPmNVPWBiMktTYSctJERzWTtx
JEZDPlwhLWMuYmxtWHQ/KlNcNyI9J11dIUBBSSJsOVwlTyp0Li1lUSJCPjFnYEBIVUExMkpIYT9P
TVhwK2ZQZ14tLFZCSiNCJWpbYFxWKCUnbF0uZ1BwYnRDKj4+Yz8sTTZzRE8mLFNDbmg/cSpPXVRE
ZFNibFljK2M5MyJKVzwsVVNsW1daME5VOT1xT2NjQCtiKCxUKllLMC47dWQnPypdIjRcUypBYCU8
Y0MlbjpfKERgOVNnNG0pQENOajhuTyJRMGA2aFJdX19GaiRHJVRZZXA7RyxmdS48J2ZPa0soUzlq
Smk7UF88XzBeM0hzWygwTDlzOlhrJiFYK28sWSgpPlZUK0dwQ0FtTy5ZLU5tbCsqRFEwTzg3SnIz
MV8pdGhHaElTIV00cisvTF8lTChdJ2VXRC9ZRihCM2BvI0ZGVHMmQkFJTGk5aUgjIyolYmVhJkw3
ZyNDI2tdJCZcajl0Uy5uNHFtL0JhSjpARm9eanJHQ00vV1lBcjUvdG1yczonPSViaFFWVVhNNVhd
NVwrT29jSSNmajcmMCFQcVpvInRBNHFrL2I/VD9HOmtFMDw8Jk8+cVZGbi1QSUFpaFo9aXAvZVk0
JG1gP2FgN2FYPz5zIWpIRkhzL1EkPCVRQmJbPDRvWlFPb1VgVWhdUzFFYiowajcoMzFzYSVpWUMj
M0cpVk9TM0ZRI2FlWTxfb0hhUW5CLSMlVGkvX3QlU28hakJwVSdeVUdTQzwlPF4jZ2hOXSQzYD08
MmVjISFYcVooXWkxZGcocXNPWFktLzhDbyNPJFxMaDI1L1slNT1dXi9oQUFvQklSSyk/WUREKV08
RCpAWEstKDpVLDo2Jy0la2omXnVBMlhdUExcVWJvXW5TOz9jPTI6MEpbPWVOcForP2tgQEpVZVwr
b1w+JEQ3Pi1xSD1UIitNaFZdJEF0WTBbMzRSa0tLPHVFT0ttSy9ySixaYlk9Wi5nU29sSlBWQjBg
ZVYrRTEuI1k0JFVCTiI+NkRGXGQ1YHUkUCZbO1wtPWI6XyohajRtU3JHYUdUJkRyKSoocDRyLlYu
a2xDaW5WTkZRLzRqZ2ZablEnclxnNVkpVXAsWmdDSGlQZG1JbnMmUjZvNV5dZE5eZTlTOUo3WmhH
T1NCXC0sKCxncjRDNUQyIyxDRiItJXFcVFFCZyNlbmkwNG5xZkA3KFA7UHVfcW1rLFxPVWwvOkV0
SXBcRSc7PC10bzZQUG05bCY/OjtGVEZkTiFKLz1pLktYQzZyVEdeaUJcXD9lNW8qUiEuVCFOTChY
TDVvTyFTJkAnLyQqLjhvTk1sWkVqL2xEMXE9KVVIajUvJzUjTCEoRmYoMVxXckdaYj50P1pQL2NM
KExhLDhqay1fPClARTM5ST4vO1lrISkzbnRvQlRmYkdLJCZwISFPVHFOO1wmQEtLLVBDaCNDKUI9
MDFLXF0pKFZmaidZRmUwSClwVj9nYFZwR1hLPDY2PzZPbS4oUDphczQ4WD4mbUtKQi1bcjEsUkg3
SCMmQFYkN2Apcl1qO1dsLE1JSUxrLDp1RDxIQmRJLyROPkFrMWhGPS5UVE1pPkA6NSFuO0pOY0w7
QjwiXSZsPGNbdXFZPzVFNSNeTks7ayo9JUg2IXRDZz5la1oqXz5vW2BCdTJrW1AlSG1UYiVHRjpg
XTNdNVsqTF5nUD41bTVsL0wlb11PdHQtU00lPCZIOE9VNSFiczk7SmtwaFw0TCYsJlpoVF03dHFH
XCtBNXF1bVg3XFA8XFdYQUc0LFRhJXMuJ28mL0w5QSEpMGMkaD43N0ovTiVNLy01UTohaUVGJWY2
QC8yMkVDMlRdUlBdVSRBbVNKW2VCaChOTyw/Vm5jdTEzaERNYWdrIzZnKV0/bG0vVjQvUz80ckY3
WG1DZmU+Mm5AZmtbQkVub11ucmksNFZDKHEuT0omOWpwVzJsa3M1LzxqRjg5K2dtR24hRStPSjFc
WkZhZCohLTt0Pjc9LjlOKDpFWjZtOWVeSWZIc2hWSl40Z2trQ14yTFo5SmpFWThMUVs/UzFXLVhX
PFMwTltfRV4mOV1bYCswXmRwbiJAbmU9PT9ObTE1RDNgbEV0K0QqM2FYRy8wS18iITxedDRmdG9B
YDs/TilhbGlDIWlxQSJGbk5LXWpkcC1nSz8/JSgjcjdBME5zNlVzJ3RIKTtwYSFZOEBzZi0sZmVQ
PC5jaiQtazlHUUwqPktZSDFeTFY0alNuY1tJUWEmcmFEUCw4MnBtOysmMm1wRSU2YClacUk+QyVH
YF1fTkR0OEkuQnA7Z2xOK2VYUCxZMGZKb2wzciI0bkhiZ0AqUjRCR05DWkBxJ11LXmkhMEkvVlMm
LDgxPnMmV3BlcWhUPm9gN1hTIkxNSVNqVmdZQk1zWzw6UyRKJ2QsRk1VIlU3JFxfOyFcaldwbUJW
X2gxWVlIJjxMPVkubS9TYGAnYXBnS2w1Jyw2S2NZLjNuSTdlNjBdV2tLMGQydGJbXjw0UEMmbHI3
KGpkJzNKai82TDklYTs1Ji1YXjY8Xio7UEJMR3VKLUEnZEs2aVlTdC5rZT00R0UlJWFPbGxoXlJD
P3RGPDowNDc/ZmJ1I3NKXCJLVVY6cltmX0g7OnUkODhUNSkmI2dFbFcoaktHSC1eclduYiVcSS1u
cToscUZqYmJmXyhpLSRTOTxVOHJMKEsqVDZEJ2NRTEMzbCYwWll1L05yOyhFVUJhPT41V0JcZV9O
Rk9aNl0mUXByKyFSQzE/JG1iTGowM0hrLCskTTxZVy1qTjk6PD1kbiRgOyxuPT1acEVOPnJnPCE0
ZU0jZS8nY1AwRSdOMDhTcCVIMz5vP0hdRCVfVTEiczNDOmctPSElVjcjY1drJTJxO3BtLyhsbiYw
U01xW3UpMkAhYlxwQyFlbSMxMzhMa2xKV01eS3NxX3EjUUY+RyUpdF4lKmp1aTdaXUtKLT8/Q1Y1
WiNrQC0nNSVFP3I7Qk5AZTRiP1pkRlE0XHUrVy4pODQuKWEuXHRJVUhKPyZHTShQazc6X0tmKkFY
KV1pIihmL3A6UXAuRCF0ZUltWz4mRS8+bEpRTmJbWVI1OlQwOEFrVEBOV1A8VVQ3dVRATkxLbi8s
bDVaMSZNQGtaVzs4PUtkVzdPSHFbRGQyJ15CNnUsWGk/SmRydTRdNk4/JFdNTS1OLy8zS0xzLVRd
WWwsS0hrOD44IV0iWUEzISxGMisnaylEVm5IYy1OKmBVRjQsMCEuMkooT19vS2xcKE0rPU1qbXA+
XS5LJyhYb0MoUSFoZzshc3BPREFeXEJXYT9TYFxfQmdOVVdPJjZSVDZTR0k1JD9ZSidcT1Q0TU5J
RihNajtCcG1VbSJVSW1mcyFmNiw9Pm8sIkZkMU4zbCg6RGh1Uy5pbWMkWlYrJGZRQWFyITBvMGtO
MV5hdDIsRktyZyFPVSVkXVw6JGg9bUUtQ1gzKl43RCVJdS9DOChWdWxFNk44MCpGR3IwXS1SZ1Uw
ZiUuckZDdDVeQWcqQHUtYlVjViVackRxdUU3XSk/WlpVN3VRKiEnUGslN1RGKm5uMFJTMzYmLzYh
VitlbVFSOXROKyQzNkEjRmk2PWdKcEwoOWA2SFYhQnRHXCppOEIzUU9ALFA1IXVPaENsVk5TaWRl
bl4pIls3TSIrVzJPdHBgXVVLZiloOk5RMWNbIzNmO2hsdTU4XV5uM05jXVBtZ3ItQjVNTj5QJC9y
KURFXSE9LTZILFtuXS83RWg9Mk0mOVwnOWU8Iy9OTVlTaWpgN0tBMGYoMTldXGBdMGAwMlp1SFEk
R2A1S3A3LktJWzduO3JcWioxTm02Z1RPRXQ4TElWZ3FkMktwP3F0WGM/Z1NxUDpLWytMRy06Lz9m
XmJqKzZNcWJWKD5ITixnaUtUVmgqXjpQKWhFVCo6IyprQyZucT5aLSxnS1tkOi5VUClgNWlwYGYq
KUFyR1pbIUZYXmA9Z0VpKmlEXTMiKTlJanRvIjNUViJPVnBAaG4qO2VJMCtUUE8iK1JYKGlwPElZ
VlZOcCE5PFJnQyNiY0BrajRgV1szZkdyRzhbLEspWidiO0A7KCcmSWBbXiY4LiVvLnJFNTs2WnJa
TFdBOlEnPFRpVSY7Q1c2UUJCcy9bKjBWPFcpaEVISVIyZE05WTl1NWJPTiZnMzxPRTlrI0pEaUs/
X3UuXmVRRl5YS3InczJKXGJZZEpuUFdLazQhVTBmXl1HXHVWc3FlZTRESUdnYkRDXDprMUViKUUn
czQ4WEJYXkJyLGUmbmlTPEVKPykzdF5jO1Roc2AqLDduPmdFV2k2KHA/RDFmaTc1U2gtSSNhXzov
JyhpRmxkUmQiYyEiakY4bGtvMyZ1YlRLZlo5QGtGWF8oTCtaVjpsIVRpWi4mblxYMWtcQUwuQGRe
OUNNJlVkJ2lRIycnLmM0QSlxQVFCIV0pN25lLzxBJDY6OTdzK3RzRGFWRyptN1ZrRFg2S3UyaCJm
MFxob1BxQFdrMllGOGtQWi9sME5udDBhZiJpWGUhND9hUUVRSSFkOC9dKS80WlA5XkNROUFpSnNp
Nzc+UmRdP3IyaDZub2s4JmUsSTpjJlpSP0tGYCw3RzxDXjlFVmk8UjRpREIua09COWgqUjhaOVxj
N2tUckdDOyRBTzgtXkk1MGhNIS9XUCExQS5UNGw5ODMqM1clR3JQZjMyRioxPEY8P2VAQjJuTEA6
ZUJmUUVUXzwsUzRJVkBkQDlJamdwaFJyZlNyX15FRVFHb29NXiVbYTtnUGFsUXRNWGw1PSovJ2hQ
IzMtaHQnb0p0L1VGZ2g1Q2FnLT5NJEdLWjgzR05ySVEhSnRCVlVfV29jQjEhX29sbC9CNVkqZDZa
bFIwRU8rdWZsXyc7Q05VQlwzZWE6J2E/aExoay5AZV9EYD8/JDlebFJaajYxJ0twTEZoZGwtQ1hX
bDM0OTxyKVFQWCxDJE5hNG1wZy1HYjslampUXVA6WUcoKFF0Q0U5ViFMKiYtJ2ktSmNsTXMuN3Ux
PypYdVdDZlJjVzIpZD1sRDYoQj5vTl1WLVw+ISs2OnFKXmsybChQPGUlVyFuQUxwck1aPztZRDsv
YkJsOm9mNSk5STlic0dLKkElMWpfYFFOKnRccUdqPzBqMkZoZXVZYz47MmFHS0pxUnUvIjUvIXI6
WkJBYzw7I1MrI0guN0BOIVM6TGpEKmBBQFJHK2NSOzpnUlI6bkM5KWRsVksxQEpyYjlnMmgvcGk0
QmgydHBbTmVuWmBWcjI9QVlsPkY7TDEsKFg2KllOJkBKcCxMXycrLykmSjhNNE9lV1ZUdG8iSFFn
clhRPGVjZF0rVzJdR2k+ciUvI1ZCUDkwNy8jMUVuPGxkOFFTXGRyTE9uKzM4S242b1xzJEUpa0gp
VVdTMllNYj5QL21zLWtgZFhOVU5FYisrOjo4YUdcaDNfZDpldWleOkJea1MyMmZeXyg/KClNZ0pd
NGNQRldOKiFtQSdoIysxcD1lajRKKTImUS5HN0E8JShOYm84Zy4oKGMuWjdlIk1NLzdRPk1AWUJD
al9CTXJGJWhAXTRrR2tpKm9UNjsvYVlXRVUoMixiZVBFaDRUUVNeY0dQMCZ0TnAtTlFEOjNlRiM+
cS5hTDtmKXRpaTlNQVRpSj40UjxPImo0S2VxbF1uZENbOFQ4VyIiYjtYOF8rRFUidUUrQ1pDXj8t
YCpCNWo8c19acEc4bDQoPlYmO0FrRl5IbzElUU1bNTM3Y1dDPTZRXCJAazM+WUNiPWBmJF81Rm1V
YylHJ1pEaSZyZTVhNU5EL1w8Oj1xOmFGa1YhQVssUjEjPFlOTkk8IXAyMWpRbGJYYlEmT0krNTM3
LG46QyQnUnExS3U9NTkvWCxOUlRQMUQ6bFIkKkw2aDw2YDJmKGM/b1ZaVyJOS01qYlcxU2A5MzhD
NWgkQyR1aDBZTjlsa0pwYi9RIzNTW18lJnAsKmspRUM2TEByKipIdCxrZj1zVEhTKERcZlA8Rm9Y
O3MvUDttOC4vKT9hbWQ0IkArRUszNW9yRC1cOW4zLGYiMW9IYFNLZyElISI9QzZRcT9HRG83STFR
KGY7PTtQSXI5TGkxV1RjL2loVmFSQC9Db3VMMFZgTS1RQ2Y+bSo4LFxVW24jP0oyL0RHW14wJSgh
aVBlSGBjNXNSMXBnLkdOOTdPSyJlR2FcQSxhNCleJWdBRSQ3bDhcTis9aykjY3VBVWVhSyk9OT1n
ZXMuPWZEU0s2TGpWUjRYKCtBWUJwJGJjJW9fNlQ9JkhxX0JJMVY0TTlSJWxHJFhSOiI5QFUlQVlB
dEVYaiw3PU0jX25lTW05bFtoVzhgNXRUNnJJYStYImk1IjUtQlU7XUZFSzJSTXE5J2BHXykzbFFN
ND02X2AlNHI7PUVxWjkrJG8+WlgxaC80Wl07ODI6W3RoM2pNVztpUSxeIkcuKSdscltCNVdKLjVk
K28vP21YMkZEdDc6YWpeJ2BjSzpaWVBDTV9CYWdJVmdKJW9JVGssQzdjZmU8KW9MNWYqLSxoK2Uv
OyEhazREcyYwKyQuQDRVakZ0Y2BnSCMwMVlBXkB0LWhwXTA1LFktXGVqJEQuYS5FVyFHKFlAMVtY
J042cWxcQiVeRyZXPUBNRz9JTHRHLzUhcEpSYCFZQ2VPYDUrPW9rXSY1M29HNkNpK2coUlhXREZz
ZCJdOHJAJEBcIVY0Wy9rRz1nQCE3NigxSjNsYW0zaHImdVhqaD8tWVFMTCQ4LkVgcloiQEUqLTki
Zyc1PTpScl5kNjQuTzw6M3VoO2RYNUVhPEUxP2hTNVhcLk0/JXFGJ01RcnRhJW1rYlhOQmBAJSwt
QyFaXltcIVJWKktBXClEXDxQNDIiQk1VWkJVVUlMMUs8OGxHKnFSQHQ0PzVZdGk/IUlGOEYycDly
LGk3NDlkYkF1MV05aSEwT2VLJ1c+R29uUkdFZztsXTstLlVIIyUmZk0qWXVwMDEuRkNlYGM/USRt
RVhRMHJCOEA1IUFRJUBPLkNHLSFUKmIvUidaNFdEZDImMCFCQnMray5SPkZSTUxdUmhyOjRlTVMp
PmM2ZXQ2W1pfKTY+TyIpNW5pQmJHVFZdL2BdbVdQM01CUGBlUEAvJ2lCT1tybCxFcDdFJ3BbSiRC
LictTWBWMjhja1xKbFYpIjhGI2YvMFhzOzEmbixwZzFzc0wxVkA2KmFLYz1iRFpJU1s1LDkwbFU1
NVVyNldoOFdgQy1DVTlPbDhfbnBPOGdZTi9dJHRmJGk0aW9VQiRJUFtbUXMvSSdOTV5IOmBLXWBU
OkRjI05kRSk3YXFgO15RVj1Oc1ZCcStpZjNRLkhjMj0kRGgvIiglVVI4KFtLKz00b0M+KixAPWYt
WXQtUV4hYlJmVjcjb21IIXNyZEZHO1ZwPiouaicwU2FDOWQzOmFndW9vIUNhdGYvaXVSXFowN2Ir
clNSOGQtL2InMSsjUy06NGhBRj8xKS1XXDxmX18qWjZBJWRFZnNfcHFIITVGVFVdT3VEUUNTL1s5
O1hsaWZnYzhnSy1mcD1ZRGhaai08IU47WShfMDhkcydjbDZ0QXAtWF5DWT05RXJyTiUlYHRULE82
c2VrMmtbaEU7LE89VXFEO3JcZlwtOk5MWU4+PT0kVUBbW1dEPDA7JlFhYz5yRjwrQGZKQ0QsNkhC
YilvZz8/K2BGR2IqUEsqIkNmTCQ8VmV0KlNKWC5kMyYyPyUrWWJFcXIpYEJwRzRmNG46M0FkLChY
azRBWTJuTElUc3Q1YSsrLCM1V2VVKTM9PyMkRi0jJGpLciVVMmU0Tj1nT2MkRjk2ImQ+PD9YWjpZ
QlhPVV1Ya0R1NDFNVktAYi5fIm0uVy5dKyk8KWVJXSNvYGdPamlBajJUMVBObVZpOFprXkBbJlE9
KUViLmtLJzwmZGIoUj1xSE9vQWpoWm5IUCNmNScpODxMWihOdVhHPlBbRHVXXUc+aUVARTpvLmNU
Yio3dSRlK0ppLWUwZEpUOl1TJj0qc0xNR2tOZl9pNCInLCtAcy1vaTlgTWpINzIrMClqbFVlISZF
ISY8XWRVQzFKa2FTXWVdMEpsK0MhJD5hYzwpcDlWRDUsXnFbbVFoJC1WKWBqPT9FSzk4JSlBcS9D
aFtuQzI9Pj4sNko8RSlkMSckQ0dOSjVqJSQmc09AbHE7SkFibm9IbTdCXmFTWFUjO0BQNEcxWmpW
RUVFWDxpKUpOOzEqbmdHIkw2VysyTDlZUz1kMHUtQTBzW1RgPy5iWFU5PSEoV24uZ1gjPEg0KGpL
JUcyQ1lsInAna0spS25eLTI+UlNOJidva2kwJFs3WlZLLjZqcmZsYGp1VlptIzpkI2tPSWhoSyM5
XmBRMDJvY1dqXXVOW3VvOlQnQEleOCpGdSE+ZUhNYDVmWGhdPG1UKWctV0kiUEZiZF40TycwZWlY
X1IqR1RpR1tmKig2K2ZWWiYpYWtfQz90cFAiO1ZDKkI3VkFgO1BJQ1hSKCZ0PidHUUM2WWJdPmYt
RnUrQUNCTE4sKmFIWGJbUFFCLm1ZJypLZ2laPilNdVVbIU8mWj9rZlU6bEs4LT9QZlNVbkBtTW8s
VTVnM2JyQlFPaCwhSjtoPHI8OFRmPztZdDtFb2BuUF4tMj1tKC5qSzEiNWlsV1Y1IjUhIis2RjRI
bWJaZ15mVVIoKTxUWCtrTzo0NjMsb1FgTyZvVzMuUCwmRlxsPl5HSzlEYDsyZlU+JjNCKUlfV2di
NSNLZTh1bm1XZzBVJF8hcFttI21PZUBqXz00ZC4uWzoqJkQyOWBuQ2wwWVUuT3UnUzo/SUhIZilh
IS91ZmZuV1RIOlsvLGNoNFVUSj8lITFyUENWZmptRStGXWpcMSxsRWJ0bDJhKk40R085Mi8tRSwx
YGpeZF4mM0FMVUcrPEs7NnJMXiRPJE1QY2ImaSpcOzQkYlVhJzAxLCViXENdIjdsTGZIMCxDdD1g
Ji5iUTQockY3M0slYi46UWUoZDVQcVA6NXU2VkdhJWYnYEpzWjJodCo+L2xTblcpUzJmLFNHLSw7
WTglTU1EUkNrMFtPZipCJUJoczdPPzteJkZTZk1zNWM5byJ0NC9qY1VSJmlMRTwmayZrc28jOCUq
ZUY+Rj8+Rk9XQDI+RS9YMHJQZTFsUCxAM05OLT91JlJMLj5iXyoyWnBpI1VxI0xxdHRCYCw9W1Ru
XjNlJiFkW0pwN0VKJGIsKGdzXmlBOSdzXi47LXJDQTg/UDE0bjttZFA5NXI0SzYiVz0ockVkM11d
J1BdRCVGLlExL2xWPzZVakElOV9cKmhOXC9xKkpEMiZcWlIkaUlZa2xOODFjTVc0JilkYVIxLTY8
I1xWbWNFOUkyWVhmcTA/ViMqPDtLbTw0cCxEZUAvdU1nMjthQCZLZ2BHUm5TPi8lRnVsWWRuJnJX
Lzhgcz1EYm1iQmA6PGlKNyo2aUprOEFhSWpFNG9dajMtRWMrLiU9ZW1IMDxlKUllXVZVPFQ8RFRd
Pi5rWCV1UWdrMGI7P1tecG03L0lAYSFxPTBEYF1Vcl5AXmM+WjpyU2BrcjhzbyouPkw4T0UibyIw
aS5lbXIsUCk6VlFcUFkiSiU2R2JlXTFKSyVOMkMxKDdOcTkwaigwTkdQU11lKThXIkU5czp0SmBG
OzspQUdPNkk9akh1PTMiYTk+QUI/PVdIK2NZVEAyVj9TPVVsTENqSFIrbyNoMmJfXXBVKiRbRTgr
YGYoQTEqRVleQGgmdGphPTNzPj9VVmE7PW0tPU80RllNRmw/SmFGKTEoYkFibmwvP1EmRmc0PjRc
YmNCbltKIkRqXyRUcXRWRDpLVWVQYzFAKjE8Vyo9QmBbPEUxNyRWTCRbVTNsI1haVCEiMVs2aFBw
Uy0pakJZTFlqbiZlUTAiNmVgViE7TjZCTihfLjw6SWxtRmo0LnJrOiVQX2hZKF9mYUQ0VjlAXTsx
Iz1mIWgyNzFGQjBVczEoV2drKkhSW1ZyTzVINHRdMVVcS1JwYmAhSDpxOlFuUWNbJSYwPSpZbUJf
cmJlIytPI2BVaT5JRD4mXTo8JzIwKVRiRkd1JU1YSkEsPCM+U1tdYlZBTi5NV2E2WklaK1QrVz9r
T191XS9FQjhXTm9DcUcqW3I2J1lkLWgkMTxCY0J1VWVPLkA8bnBnWG01J1JkTD50JWB1MyY5cERG
KihLJVdlaVUtJmM1cyRHVHQzOUduLSZyT1ltbkRdLkA9Wj9ZTmUvRjRzbGZSNFgoTVxsSyVpW1Qj
JWVwPyFBTm0yIjokV1ooVCJtaV01dF8oJTU6RTU1a1xgYEEkOW8wYzE4T2QkUyQ/ISNAYUUjRzgj
bURKS05LVXNFODpJJ3MsTEpwTWtObDRnOllQYzRUNiJcXU9yblM3MVw/cy9fIz8yUGoicEUlWlJP
OikpT2cuUiZQMytELTE6UFhDSiZnRlgnQjg0RkRbbVQvWFgiTGVuK1A5XEA+IVghWiRHLWNDISpB
Yl1eImRgNG8+M1MuTyZEU20sRnFoWTVJPFVKW1J1UjNHQFhwS0g3XEJoInBvVS1cXydVQUpqayc8
SFJJUWA9cylHWj9HWmBgZlZfOEFSSEU2SSEjQVBaT0VSX18iOTRaSlBcbXRNXlJsSCdBZFlYPXQ/
OWQ9bSJrSywmT00qVyNZYChnP1AkLjE9Z0BQRjdpSzg1I1kjW29PY2dXRHFbb1JvY1FEQ3A7VV9O
alAhOVlfRUEtN0lfV1FTK0FlbHFRKWB0WSZOPDBKLWQ+a0tMNS8uPiZGU01aMiJVbWBTQFdzVTNs
P1E+IzAnUVdxMjdqSiwvOWZwczMqSlcwWWtnIztlRGkvP0NOb2k/Sk5KdVRoYiJyVlxvJ1ElRkRQ
V05jJGleJVNNKjQ0Jyo9MitiXiFORiFFSypyRFhfRFQvb0pzPGs0T3RsMDEhJ1k2bUheLz0pW0A3
SDwyXGBQczpOUz8jWCkiX0Q/Xz1oRkJKJkQoVDdNMjk5PG45Pz5uY2BPNGFEcilDR2RWOydFYCQ7
bm5aWj1XSUZzdChOKk1mR2JjPTxvQDBlaTshRHN0Y2AsSEA/TU9Kck5hXHB1I1goVyxqT3ByW2BV
YjpAN11iKGwlcGdxQ0txVzE6RVAkM3A+PUE8RjwwRl90THQsRSNaRW03K1Y7NWBHdTU/T1Q5Om1I
M0dJaUhDdS1pZzVZbWhJLUFYSjNqLCo5SmVfOEM1LlFbKUg4PydbcksiUmkyV2g6MWpDVVhmbko9
Izo5ZXE6a1xIWERjX3BYKU5PTmE3MHBQcGhxajAuK0lZaWU1aE9KbS5ScClLZVopZkIxKF5cPGky
VilfQ143XUg0TChrUnNlRVRqXDdsR1FnWkYqJ1pxYlo+cVBUcDpuKG4lOV9IXjVhOGZmIS5wXD8i
MzlxPzhlYGk7a2VuJlNzS1EkZl5lPW9YRyRsNVtCRGcuayooTElRTnVrOTlKKSlZRGsqbXJtTjYx
ZFBPUmgjJUU6T0pdaDMjaj42QDE3JC5haDEpakttZFVZOF1OJWhBPFw9PHRUbVlMQmI4aDdqTlgu
OUIlTz43YVZmIiQlSThqTlZQQGckdUU4KC02XWVPUCk4UTdqNDwiYmRcXFtNKklfMU8+Tj8kRD1i
T2UsbTkzKCpPZUM1dTtZI1pyaTVdJTFIckczaipHYUh1TCFnUCg/OVs5M0lDazEoK2Y9LXU+UiFg
YD4pZWEjKmVoTFEzOU1UKVAhOkJJKGtnY11OPlA1WW1aSj9IOjs5VFI/aUFXbD46WSdBV25kYCEj
a1pwQCtkVG9obC1nako+YmI9UE82LU9kKyomPGBRS2MnQzJqWi5cPUNTQEJ1ZkIkI2E4XklhJnU3
PFEhKTlhcS50RStmOClXJWopTltSMGlXVDs3UjYpPDBdIkBKSUclL1FqdCYpKDtCJUxWJC11ZipF
ZGI2V2M/TDYxQGJVRUVwS2taN2g8NmUuI19IZ2ZJPiUzMzRUbiU9c1NTam8qYGJfNEEqcV5GXmlS
LmlRMWUqJ25ydDEuSi1GdDtGJFZFZzJmSzlsPENxQGdoJl40WmY5c1AtO0VyYlJNRkVaO2duUy4p
QHVfLTMmMz4vViJZRkRXbCI0JWIycSQmNkYtSXQ7Wisja3EuQCgjZ05KRVI2QVJENixFJC5lPCJg
IVs/OjM/b0JlOiYzI2pCKUpgSl9HNykuaUZvYHE7M0VjRjpKXW8+YVZiMW9qXi0zJjddYic8aik4
OTMzUz4jVlBTNktfImYqRUNPISVcTmdLPjRjSCRbajQ5Y1FuZD1MVzg1TjJWZzo6IW5IZVhpMlVI
SlE8RHEpXmFydHJPLG9ZRClUU0E1MW0laDJVU05bOkdzZnQ2ckZeSTIlXUtNWigjPVVRSyk2Lldq
I1RJO2djXURqUXBgJk9jTjRmWCFfNjVWTD9dJTlkQGdyODMhUlttWmxEaSZ1OzVbbitVPTBFOyMo
JE0qJTtRMlctSy9tY1ljLjk6TnEtTFpRUjdQOS5FTFNcJiMoPkUjcVRwcj0oLjFQSS07PEc+M1tX
bXFNOG4pWU40YSNBJFlWUVpYbC0jdENXM2MpVEFfVWNEZVNecCNuM0k7KmxbIUc8PjZJU1gqKmFu
XE9UR0lFXkVIaXJhQE5xIyc4VzZoT1QiVlJNcTA+T2smJVFjTWROJWhOSW5Ma1csc0NLTzdOLWVF
KmEwV0cqN1VWaVhMc21RVkNFbClVMyEnNFQhV2RZYCUuaiFJTlwqJ0NuL3FUZjNwWTReXzduRy5k
KUlMOjRAcFhjaSROJ3VmYylFQSJkTFJGWFAuT1pqWUlQXHBZMjUhKW1LM3JPQUUqRTcvb0AxLWg3
V284KTFHZWRoTTNiKSRMNnUnQmxQJkZGU1tFZk8/I1UnL0pRSCwvVWVqSDlcdEg8aj51RjlkOVdF
QCwwT2FmL09Mb0MnOEpNL1BOJ2ovayNXbTQ5byghWzpDZUFfZ2c1OG0kRSV0V3I0NVYqLSImMTxa
Qj9yNkNHRnRDZWE9XShXMWM3USIoUEJRLVk2VT4wTGttVW5GPHR0SyNoMjQ+NGslK2xfOkVjWU1q
SEBsN1BiPFFOJUFFZyY7Wjk9IWJmJnRuMktHPipiSzxIInJiRmBWa00sdEdNaUduOFhxZi1ObUNb
IzZtSU5AaSV0RF9SO2RAJzFhWDZBXjJIZmIjZDhnNCM3ZjpzbnRmcFUzK18yYj8sUi11ZUVFMGBK
ZFJmS3MjRl04IkxSNickXDZRIi1obTE9KzQvRmw9RztIb051bD47U1k6VWg1XFNDYiRaKzVQLylY
KjU6K2RAbGpNW2soQnM8Niw0aFA3RDlvOXJVM0cuV3JAJyQrXVYybFtnIlxSZG1JbC5tXVciLF47
b0ZTQF5WNzVtcj1rSUMtP2pfcHFwKVEuS1I6X0pccmdjIyhHMUFDTioxPzhGSFA6U2pCIioldSpe
I3JvcjpXM28zbjwxZWZbQmlFamkwM0VjSlglaTtnXnBdbkJwTS43bWZnOS0tXWAyPGdIWjprPmtW
MWNDLFBbJVwnXlRRUTpUSTsjUzE3MFhsbFswdC1BaEYpYyExVUZ0Tkhja2QhNF1FWm1oIj1jQC83
OC49YE5FXWVKNiVbaywnVSEkVTlxV2FJIm8mdTI5OT5QVlIjYkIzRnQ7SGJpKVNBUzAzU1JgZGYo
SC8oUCIxUU10aT8pWUYmZ2BEJmk2NEg8PDdaW2RFY09wK0hXbCg6R1lNTltdLShTVWVDaFJUazlZ
XEIxIktjTFdQOWdPOnM+PS1CayVic01ZPiQmMycmJF5VQFFLQC1WPTE5bkBjYjRWalhkby46Q09o
YjBaMEY0M3VTPj04bXA/PFYjbmxOI2tbV3Vyay9bQUdMSFA7KVAxYFgoT0BdVmUwTlhZJE9kXyxq
K0VxQSJKKUgpLVprKkxFdDtlQ1A8OlU1WilQX3QhPlRTXWM6ZShoWS5RQClDOU1lTUcuIzxKXk9m
akJGJjthQzVob1gwczRNUUxydHFFITBLNGFrKldkJG1gXz8+Qi0jVUlXO11MNWMlKFJIbWcuKWs7
Ml9kOjxBQT0lOV5OISMpKkhWTTpgM2pHZltrQWFjNClqYlc9RDZYbi1oOGN0PDJPYmtzQ19sKWVA
JW9PdHBObmdgJlU9ZnB0PGoqPipJL2Y6OD1CJ1k7VmtRMjBFZWZWIUVwY0glRzliYk8mOFtqQ2Vr
UmRzXkxDSVNbXVRgcDJjLlJIN28sa0tHQlghUDI5L0shOGk9WW03aDgoIkZOJ09kSCh1XSFoJC5F
K1BbLl1ZbEE8IUdUKjlhV2lTWF9EIjBUZjcyYFNqKUJYWXJIY25bUkpNa14jP1I1Jl44WjMvUlVE
I0l0LU9sI0gtPjYoLCpFO0VnL1pQYj0kYj1iSjVoMXMvTCdQdGsiKXNdK11ZLm9AZHJtRmVIZUdY
V2drMmIzUWMuaGoxOlc2aEpuLkxgQUxtXWl0WThQX3QhOXE5Mj8+ZEpeLCkrRjVuZERMWlQtQ2pt
SlViKXMjY1EqanBwYyV0W2k7TCtYTTpiUSVHLE9LPytPNEVFQFZsWlVuLkRKSiVGS1VtOldPSz9p
KF82RTpPRD1lZW8qRDxmVFVpKENOYzZXNGthREBRMy5sT1I1NmlJNkMlITheUFBAYWBvcTo/Tj4z
NENsXVxAVDB1YiFETy5IV1MnYVU/QCQoKCcsLmAkLFgpLGNKXyViNCJfTWpJVV4mNm8wQTldQXEo
TVYyXUVPMS5aWWNiXyZqPmtfajsiR3UmPGVYbypKS2g7WzZXQDhrXFNIW2EwMnFMck4qW2pdN28r
X0wsaDsxIWRQR1c2VC5nMD5TISZLS01cZSEhPytJRStvRUFlTzVyYHJHJm9yYmc9I01oaidNRUU7
VXFaSiJgXWFLXy9NQWIhMWhsNCtDUGlvWi5wOUhgcDwzXVNhdT1iPCooQmwqRUhfQCpSMkFCN2dO
JGlrVXVcUChMUG9hciErZFFfWl9AKkotJz9AOV0udSIqbyc9Mi5UQWBOLEctKG1WRyZJNWlwUVxX
M29YUnJAQS4hcnFGKzYwZWZzW0JWQUpdIiI1NDQ3YEpqNWlfMUdcY2VUJGdsV1xwWzZMbzdmK1pw
TD1VTi5uV0xgKi8lO0VDTGYyNXFdODojPicobFw8STVfPT5IKFNiU0xhPUMnKV9FI3BxbGJtaWcm
SCo9LyVXTlpBJlJvKClAPTtHbzwocmtAYkBOViZZSlhTNlduOihdNkEwbydcZCsiRmRtN3B0SmtK
VlgmZD9bS2hkRWIubkIwVS1ycG81OmYmODspKU5IUUFpbDk3TERjMi5sW2NwZGUkayhtZllkRHA3
Q2RCQGlYWSE8VjRgdE0naGJLS1pnM2hVbHNhTlsiL2peODRjSyVhMlg9NzRObEhkMmY2TyYzX2FP
Si5kJnVZLms+cWkiOl91Wi1rTUNpZ3F1NVFXdTI0IkFja0dHJXIsMFZUdEUpJ11tb3QwKSUiYykt
ZEEmJDRhXz5vYGBpJFRQXiFPVEUodWlZKzkyO2ptIjooN051VFA4aE9oNXM6IjhbWzpedSRPRGIk
U2xKRihMXV9uPzckY0MxKFpGKUxuVzFJR0cyNDRNc2dWUzwpcmxkc2JMYy9AUVJYYl88N2pJSjhx
R08xKmRTXCgoJTArW2RzaS89bU5nKURFaGBBO3Rjb1lfVmc1ZWNfZCJVV1hpYEpnMmI6QFJSWm9d
azxzRlRfbU1tMnQ/TyQ1dEM2anJDY3MxXVlXR0VtUUxeW3AzJlFjbkAnUGVLYC9YL3BAMFJOLFI4
WnBFPVo+RUFEPXVKW0FHNzZrKClsQy8hLkImbkdTcDRgVk9kSE0yX19nPVEkTmcsQUY0aDQtalZr
al82TmtDWU44YmFdVjhDKWVXKGtiY3JpJVpzK0o3Lmc2JCc0YkFWOEgtMkYnTzpFMVUoWCkiaiRD
VEEsLm4rcDFWLnUsWTkiU0kyWG4pZCgqXUwjWnVLVnAicUleL208Oi0lPVdKPlxnLFpHWlhGZTx0
PSxHVUhkYVJCUT4vSDBtcEdTJEw0MF5bZDhGN2xaTTNQRHBobEhlTmYkUk4rci5rJTwuREJzbU5E
QzZkLiZELlVeO2AzS148amcyaV4mSnMiPmkjcTpXLixKcmYsNmM/bjQ8ZzZXOWc6KFVPQ0ZDbCJp
Kikic0JURGVrO2ojNCYxP2E1YmUnOTpASDRccVZGc1MiZClYZFhvRklAR3Jcc1ZYalRRI2lhXW4/
cjdDJTJeJCZhM1FUVyxhTUs6VmRNRGBoclhxLzAuWHBGUDpuUU0/UlEiRUBcMSxtWjNZbHIxbzBv
PTdmYyhUX0tURU8tUypLNC9wIW1tPD0wbzcqa1cwOVFjLURiPyImXlVwUl1KJCRCUGA1PTMzNmYy
QiUiNUpRKURyTiNcVkdIMCllZ3NrOGtqIz86JV4oY2dfZFUxOCc7UkFJS0llcVp0X0QzT2ZmQmhD
XiFmaE5Pa1hgYDhWRDpwPWhJY0BWbkdaZl5HcFJcLiciN0ljXDdbSihgTG9hYUckPzxLO0xpMmw5
QltjbT5GYUk2QmI5REBjaDFeRCc7ZVhjZ0M0WT9hbEhmPWdcXEk0YTljXlk1RC48IkkuaWlQOlht
YkhuPihNZGZcciYqZUpoNCdCPjVwTG5MLm0lXidGTEspOElKLSJYUSJwaGlUQ1UxSmVAW0NLQWBO
QXRuKGdlOzQ6KmJXV0ZmN1syc2dcXFlWJlc6KiNXUiEtQXJyP10mcU48bnI2azMoVSM2VzJDRiJQ
PSpeUGdqYyg3UDJaZ2g6JCRpOW1rKUdlITVASWFTPSonOF0vMU91NVNAJi5uMUdXLTxSWjJPWkFJ
ZlZZMFApImVIaS8qW09AcGtzaVkoTixeVWdJKVgmIz1oM2NNSEhrSXVoVV0uMThVVzdcQmhyJzh1
SFlBMnRSbEdGdWFJUTE4UXJfaFI7KV4rW0pMUT5QV25SQ21qITc0Kl9lLSQtM0dsKGg3UjElUDg6
Nj4vaFhQQyZzOFVQMGlwSCduNm0mSmpMKWwtOWBIYDY1ZlowR2dIQ0pMSiU0YTNtbmRhZTNbW2k0
YDU4cS1PQCE5Qlg6MidlcS1WSj8sQzs3NVFcXUE9X0Rlb0QiVm1RdStmNFpXZlZRS1VKcnI4YkNE
aWc+REAhW0FTRj5UcyIqI2ZEcVRfYDRFSE9UdEc3YHFALzVlT2RBPVVQdTkwRDRGODZyZTtJNjko
TkVBPzFCTV9gWWldLldTcE1hbFx0aV1bPV1NaVwzPyFaX3REJGJAXkw+Q2w9KCI/KkNuRzVEN2Mo
aSlUJk4+bDReJyU8X2R0JFhRLltLT1UzS2U5QHA4czVuIzNGNzJfcU1MRik+aTZLZ15gbCEjaWUj
MG9jVzMpTFZOZyYyMC1ySExjXV90RzxwQT5cIXElaixcJFE/I2ZBRTEodV0tYz50IWoyZDFdWjk4
Rm5UL1wmcWZibkskb3NZXWsmXjNrViFPWlBuJEVNXnBgQ15zVTYidWFbWD9vVVhXYEJsdG10JzRa
Y0pWUHJkRy1qKjFUX1cpQi5dZDM3QXJZNidmUnJUOGtbLipUREdAIjJVKzFSR2k8XFVNQyxuZDdn
PlFtNyE4MiNVMS9SY1xPPURqOE02PjtDTVYlQTUwWHMjM25xTmNkYktrIW02ayMhPGdbcUQkMydY
YEYjN2ZpVzRkZy8kanJdPyYqV149bl1yLz8lZVA7c0dyS1dVZWJQQjpTQT5wO3JZVUE1bFg3KiRG
dWNqKGwmXW5xQFVjZEE1ZjUsMCs3NS5KMlRhXGpUbSwqM2BiLiVDWUBvPEVTL3RrLGtLKUtyMEVN
cThILW5DKSgsKyYuIztEKGQnSDxaa3IrLDBIOEhIaW5gJyp1ZFJlQWVoNlM9VzpHM3NdcGtHNFRg
NW87KlNoXTt0Xzo9Ri9qKzZBMykyKUIkKDVSSUFfZVVNbllxS0w3ZXM2OW5TSUsubmgua1JVMGg+
LnRAVWdSTGwlNj5sKjVSOF11MDJkTkcmSEN0dUlhcjpOVlY0I0Q0WiEvaV1wRS50JmReZnRkXjVo
ISMoNzQsVGRhLT80R0xUTW1HMVlWNz9cWChBLDhJSDswLEs3PitIVnNyZD5zNWYkX1hRJ2tNbmYo
Lj8xNTYiXCYiKSNlMmpXYz01aUdvR08rPSEjJC5nQUtGX3ItTjVEQGFyVkNgPldvXlZAPkpwUzVX
X3A8ZS5WNydfSCotNUcsNUNHR1ViRjpba0JiJzUsWEhOKShEI1ZKZS0qTixSPCgxcWkkIVUsMHE2
NEZEIkhSQlpoZCVDJ3QscjouKEtmdWZfbmssISJnVyxaM1FsWTglX2tpMD4yLGMiNzlZQFprWEI1
WkI0ZWZwKVRKYWpePW5aLGouISotY2U6MihVMW5eRlImcWlfZ0tOTGAkZEInX3E0ImM5U0pBWlhX
Z0U6LjFAbjghSVRvXTZqcGchdFNlLFgkVW5EY0NDbTIvbSlVNSNLJWRjY0ZDbGxTKGhgInN1dUtb
XD1wLTZGQ1ZSInA8ImFuLEVTbUdmJy9bUkBDWnREO1VWJnIrK0tvcWkqPjhIa2wpXlI3S19AOU1T
cyQwJWUxWGdJTGcpNWBoKzJVbCIxPFZvXzQjazFETExZSXEnamtnP2ZaP2gka1lPcWpzNj9BUnQz
MVoiUSI3JCxkOTFqP2M2N1hUZnIpb2sjW0pzdEUhNlV0J2tTV2suWj90YmtjaSlZOXRRRGRaZUFW
IU4nJ1RmP0lSMDcrbylDbVw5UEVSTEBQSTgqIWFLSGpoUzJxJVQ9Oj4jdFI8KW5yJ3VQKVhjLTg9
Om0zWnRbTSRSN1dNM3ROKG5qTTJTNWYxT1xuZTdxTWdxP1pVQTtOZTw8QnBKWVhVRiJRVFo+KDhi
WzZPW2Y8ajombmlKKUxiVSplSUFET009RC5eZm9lSmFMTVY8Yyk1Oy9JPjdSKkE1b0BfQFAsS1NJ
bSw2ZzZsWyZFJj4qRSg4SiFBbjI8IzUpR0pgaig3RDJXaUVJXCItXiNOJ2pHaW5nLEtdI11XNyph
UFZUWSRbbm5gMTlJQWs/YClOYkhZdStLWCtEUFFpIiVjMVs4bSpdISZfYFpqOEBfdHNMRCdvaFBx
XFM3JDpUVXAlYiM+MTJqKSZuKVljQmIkOzs9cyZIUzdSWiszNkJpL0ZlLW1lcyI/RU04STgqKCJj
M2hlcExZNFsuTFhcJkZpaWVtNWtlcUclMy5wQWwqUlhLLjFOPCw3bVxFV1IncCQ8Pl11WFhxY0Uh
Yj4jU29MKWhcJVIuNEhoNTU/RShkMWpHUTZRS2kkcztwJ0ctOjQ7TXFBR01IT1hRKi0tRnVQNVxp
SzhRKSpzWz5PXE5AbT8hXWtpRjBpY0RgTHMnYiVqM0M3Zz5FNkAtXyItQzk6Q1IhbCk4RG5IPWlR
VlxMJWJWTS5DYksmdXApUTU+UFUiYmwncUlCUjFANidaTUhOaWtFaiFvLXFzQTtZXUYuLW5yYCRk
KCE4M0s4NSlQXmA0MFFCUzRtNldyJVZjIU8obG9HIlsuW10iZGMqVGxOJDJWdSNMMyxMOjQ3Qjdn
O2UsTyZbSGk/cFRoJz9EXz1SaDZ1YSVnND8qdDU4dGMicUlGbTc8TlEnSDpaZzlrTmNcWlpUXiU+
cUdkPCVrNEpNR0VhTkY1Sl11V1JXSkxIaFwsc0pAR3NJbW9rJi1xLS5ObU5qZkxvcCQ0YGE/KXIm
KkdVKFgoNTdqY0AjazIhVSFlMU5aVCNgImQ0UFpDbCNEKGhkTGEjTzlPSltCbFk0M0U/RGQyST1r
bS82c0UkNkByQ05ySURZVGFVOXExZCF0cmZTTU9ONk5UdDYrX1VHPmhEJkxlPDwpbmhhJlVXcm9f
PkU3P2k/bShbb1pmRjRuTVInXk9eKlxcSUopRUA9YmotODxMRjUwLy5HMTgwLHA0bixONyg6Ny5i
UTtDXmYiOFdUSC5idT5ZWSllOUVXU3BVQzI6dCNNKS9YJGIpWF1gM3NmPzReVi4xUDVTMk1jVi5l
W1tvNyVQWTw9PlpDS1FKMTVDNzdWNURlbDtdaiJOYlsrVVtdM3BdOnNHbSQodEVFZjZVSVEmTzRH
JWRkRC5TUWhQL2A+K0duN2wnOSRUb1ZmVSEyKGNhVWBOIXQiSk9eMWovQlA6NWpLbj4nIVArL3JA
LTtWaD1aITVtPTlzSl1yMEJzTXA+S04jaGAvYS47N3R1PmEpT25jQVNSMi1VRVNKYDwwcTBEYDpd
dWJQaSlAa1lhUTlPMlUyK0tmNGFFSk1BK2w2ME02J111Nig2IltkX21wMixPRS1KZktyZHU0aDtW
OC1WMD5BcFhdMi0hUV5CVD5mcWp1ZTknU21RVTwpMjIjNyIuInFIRlFYK1w7XTE8Njg9JUJAIWVL
alYiIUZLc2oyXEBoRCFLZiMtRldqVldnM0FSclcpIWM7NCtdVlVIbzM5cmtGblBnQ1h1TGheZVx0
SWhlclYsZ0ZARSFaSzZyQFVQZD5WWCViMHBQZ0lMZ10sLyQoZkEybHI3XSQmXE4+IWJsK3I/N0xQ
N1ozMXQkR2IuPEoqXl8yTWNVaFlKYVtrVGZjNFUnQ3QlajY0M2tbVV9dYm8pbEVDNF1ZXVwyMjUj
LW1cVTRnZjdtNV8qTkBlSi1cPTpgQUltcGZELElQWz1YWG0/aik2O2tZPGwqcnBFJiE3bXQ1MiVV
Ii9SMzVDaWQiMHJbNWcoWV5xcVAsMXM0TURkIlx0SykqYm0/QGU0Y21UPG5KKGY1REYnWyQhVWlP
K3MuNVplWWtuRG1zQ2pSNThBUV9zUChBay1rQ1UjIk45QTlscT1Obz49XltAP0k0YT5aYiJOI2BV
NjxcSkYpKm5CS1Q4Z08hVzRqbTAiOEdaSiZuLm1BZ2MtRycmcCQiWlhfR1UoIjMkKztJM2oxaFRY
RylAJUhiZyFycCRdNSc1QWMxTyNJWFY7NlFVcVxwWGgvdG9EIltZO09WPFBSP0NGPDEjUk84dShe
UVMkbyY6clMtVm1dQyVpL0lYTV8xWE03RmE3OD5cO0lSSiFNV2klR3QvTlVLYWEnVCRjPCJAYWQ1
JEVKXnAyIzJEO2kqOjlPYVN1QU5QU1hgbDFpR3VjYT1cb3VOWFFWIU1iS19pT1gmPjRgPT8vXW9g
RmgvQ2Ryby5qUidhTG1oU3Jxbi9lbEhzUlJFIlNtKEoxUWg3WHAwKThrMGJCJ0krJF0zI2FiWG5y
dSZLJC5cU3BIQCdGVkEiZj06QC5gLkUrSFVTPHVFZ1dvLkZDNkNHRT91ZCJialcoQiFodDlIYFcv
XURPWERYS2RWL2w1V2ZCWy5wZk5GKEFQWGh1RUQxKl04c1g9S01DMiQwPD1zYVtDNXNEKlZMV3I1
Rix1TjtUK1osdUJBS1lwPS8/VSFZR2RHbkJdazVibShVSGM+Wyk2UCI8aVxTUWVxR2pyPTllLCk4
V1suSztxZikrXEdHYlgwWG49LW5xb2tcMSNqaTovYlRvSFNQbUVtayRmIkIhTkZgL0BOSTcqUDQp
YVA1dGc5TSorRVxCRVBVUkl0ZDQ8P0ZMN2BBL3FYW0EqVUVXZiNXbCxiYUNfP1ZRWDMtNE1nSitb
V2VUcUVGKVNNT14rP0M9cCNna2YxOEsoQmZXRkQ8ZzUna0h0I0VUUXA5bjQ2UFc1JHMoVSVvYmo9
QUMzL09xIVlacz1rXElsblhIdVhXWUhrSFs9US5LQGpaXlUuIWosTDtmTTc+LlFXYmRWPCNSakxd
TixpN3A2ZHRxWHVgT2BdQVx0KVJQLVFjOVBec2RySkBlS3AsJ0dGOVdiQC1nb1kwbEtBSCpccGpv
TVZXXlZzWlg+JExXK0g0VUxCWTg3WSIraFJdNkRjPihuX2lkWlxwZHUpNHNedSRjbmJ0PnVlVjdT
LiFcQGQpcyg1ZjNVcFVQKFdrJVdISj5WW1NAYWA9UDAkcFpAYllGbHMxNmAvUTxCYkUrSGQuWklc
SygkVjQ5J2BmWCFsOSVBJUkvSy5bTTc+RWlYRUdMbUZcUUhePjlRJiU5LHA+KkdQLj5HR2cncyFv
NnVcRiI9MGFcKkVrLkZYQVlpdCZtUTZlSG0+cUlOZ2E7UW9pbEpwOzhtIy5ySExQVUpDT11JS21O
MEM6Tyg6JjklLmZOVFBAOltgY1UhUDdtUmBlaSVYc0ljVCojTVtWTUM0USMqNEA/XyYuIWNSO0xm
Om5aOCo7MEglSlxHQiI7LHA8OkpxVEFmSC0/NTZNbWFNZjdeaC5AaDBXYmgmbDptKCU8LVxZUmNH
JSZOXDpmXm1WRUI6cVk7PUFWWU5QSEs7azZyOCNycSErKGY5QzQvTEFEUixIaCJcS1JcaSEyZWtU
M01PIidCI1FISGVeZjxTNGZUWSQtVik1L1dQN1hrMjhRRSsoS09pUykoYDEta0cpWGZmaD9aWCJH
Pi9vVUdHV10hSVYmSShbblptNVleXF0obFhqXlEwa2kxZi5aPj5lbjhrJUBVTzVbTCZjcmcsKFZB
QEVgO1JCaEduYCRiRGBfP0pgbC1SQCdaYyplZGk9JTpRMFhmQ2AlUF8nPjRuMiItR1ovRVJzMW5r
O0FlaVF0PXVeLmxya3JNPTx1QGVEQjRxPkckYDlwUTxfJyQzJy0jIyM9dWtaKVNRcl44JiUnP2lF
aGk/UEwlNV0xa0RnTWUiZU9YbDg0dFgmRSlrM0FPbFtPamU2ZnNabyssOlY1WVgnXy9ZMlxhV3Ej
TlVuZFNnMFNHVjdSYltEQW1WWjpWZlxKRm5IV2VxTyxCRTFUMlljIyYoQjxQWGZeTjMwYiZMZ0p1
T1BobD9rcjtPPk44VyhzcDkrQWRAOlE4Uj5KOFBKaC1rMWsrJD5GKW06VmhQVzhtLC5lalNZbF5K
JlxmY2o6O1BjMCokLTheIzhFZSlqSThiWlFJMlBuOCNKVGBqO3FeUzZtPHBwX181cDh0NDJtMzxe
aVRcJUNqJFlYLlxoKjQ6bDpac2dFWTFgLixAaVQ8JVQ+I0skTHIlRyRAY19YQEo0dVheViVFQUEj
XVkkQythWzBJNzFoPm5gMGtacC40STxsLitKTSlgRDJyZ2ZALURJLyQ9WEtIRi9DQEpTRCdgQj5L
OXBiZS0lPVI0TXIoS2V0aW9XaydXMzUlRXUoSkwyMCInJjdxISRwcExKbmtQY2JrMm0lOyQ7QD1p
TStnSzVjSkViQWEwZWFfQW5JPT5IaikpYkszKTgpVTxzISRWLkY1UXIjLkclWDpCNjk/U0I8YVon
LmUwcTM+L10uQVlCW0Y/NzExVGVTUzRwWUZzMyxAKlYkJjo3ISxqTWFjXVUxOVNkcSh0MlRbc2g4
M1NUPiRBPzl1OzYqbzlvQz9TSTooQW1SZG5bMldkdV9mZF4qN0E6a05jIT0wQXFdakg9bSxBWSxJ
RChHKyImMUBaMFNDLElcI1A9SlNeUy9MVlZwSXEyaFFuX29laDw3VlMuc3UtVk9Rb0pjRSQ1TU1R
VGlLWHVDVj5VdHFaMytnQmZhc1UhJF5XNl88Zm5ZVWEsSypgX0hiWmJARF9LIWUiLD5tLzRCISdv
Ulo+X1RQYSlVcFJSJEMuX2guIlM3SEtjImRWdV9tZjpgQUdjUkZiJ10rX29nP1A2WmFSNzNUSUli
JXFMb1spWHNPak1dOkJBUipEQTJKUSlQNmxyNkswVVJAbzIvRkRAOWwkT1FzRmsxLlhxMEZwbXNy
WUYyVjIkck81UzZwUTJbKmEoWi1KZ3RZIyNJMDZ1YWBvZl1OMjJPXlJRLSpZbnBhSHVyb0pwLmdL
dXRucEFMJlUmP2JNIjQwZVUyLDstVW1GRWImSllhaEBjZygvJDlHSj9tOWMrck9iJy5rXHIzXXFB
IlgxO1xcbiZnZTlYJEU2KjhXZUEzJUkuQWkrSF1Uaz9iZXQsWUE+SEhEPzckQDAmOnRVKDg8MFg5
YmdHSipFYiVhNGU/QiZYJSZjcXNuV1ZKbDJdVTE0Rm5JZWJMYS9jbnEnRGxdUGdsL2YybVhpLE1z
a0ddWXJtazRrK20mNyJmKlViQEQlZEUlMnIwZmolN29EMHQ8S0o8NzU6Ok1taHRDRm5TTigrcF1x
PCNZayN0XCpOUj0oLjhaVGRiW0BYZS1vMmEnK0JNcnJVbFkoM1QpRExAYUtPNDE1LUk4PU0vYCVf
OVEmYzlvP2thLDFzSFY/Rlw0cSc/IWtNWENLZ2xtMmtXZE4zX29kYHUyY2hmQ0ZvKiknUnM4Kzk2
VmA0JSJxbDRRSSwoVyh1Y1JPZFIhWWJWckRROjRsI28mV28nVUw6JXU8ODw0OGlnUGU9LlErSVJK
Nm5OPzIydVc3bERxKV5LalkzOz1FIUdJRG85TSkqQSFNME48bjNHOmdRXitbSz8zL2dAJlMnVV9R
J1c5NmNcK0glLjJhbFJiUiEiJGpTLj1oMFtManMnYUJbXlQhc3RjOTVLIk9pQjhFcVZpZltlXmBN
K0pNWFtTbVFbJ1snVDBXQG5vPFpPXzZxdSJUczRTKy9OXWttNypJI1lUSklEKkE2Qz86NjQoJ0Yv
dDNzcUByIz1WRidOVmxZLiNqXyVnSSZZbTFwUDwrPzElZGI3b2czQjouUG4oXWFKcWRFO1kiaG1A
SSIiRVYwViRpQmUvJ1RBOyUnbmA+JD4jUDZiOz5aZyIrMkI5IWZ0YDJTQzgyPCpvTm5iRlUwOVRz
RzN0V15RMFoiVTZVT0xSYGBLTEdWVicxanMmajtPaShJIVM0YVsmSSh0SHBNUmROMXRaaUA3Z2c3
XUA+PyEuTD1LN0UmKkYyZz1OOnJsL1A+LmwyImhiIjY1Mzg9MlNTMy9sJ008XmM5NFwrKCduRVhw
KkNoJGZrJjEjZElXX15MamReLTRkYzxaNUUyQD9ILTFyXUBvbCVKZyYuRDU7OjchZ3UtZzpIWCc4
KVg0QyxnaC9hSEAvM09sWFRrSGVpQDBZaCFGdXAkZFA/aXFyJ0FMajV1MHMiNiUyZVFpW3QiPixJ
VFdvLCRMLjRBcC5sIWNkdEtcQjMyJDEiTnBLNGhTcVVpbSItKUtQZT9sOlMjYG5yXjV1QVEvTmVA
XHM3JVo0ITNiSVJEL09QZ2dgUzBUMCxLbl4rM3NuUWlKQiZHIlcycSRvRzN0bWxyTD9fO15oOic3
cWNQNCFBVDRsNFJvTVQuaz1dcjNUVjFtQDhTZDpBbEVCcSNaTiIsRFY2W0ZqL1JJMnQrXSxyM0k0
MWNeYDA9RjlLJ11GMklTJlRlN0NKOWlLWCEhIyckXHE4UiVRbV5uSC1NakIpWVxnYmdxVy9EZkdf
SjwhR04mZjlxLUtsY100NCZEcVlRIT82ZlwuS2xyMDZoMmxcS29dSzguVzZFQFUubW5aODouZFQx
YzA0KzhzWzAuYnNFUG9XZElgNWsoN0k8TnAvZCxYXmZVN2tgUFIjLlgxNT5tKSNhbzRTc0o2dFJq
LylRKVpjZzEkITxkIjRRYWZeJXA7ZUA6YlNOOSorLFQ5a2VVcS0zRlJENVAuY2kzNDEyXUE7UFZo
VHBeaVksYilYZ0FMS0VbajQlUmRCP0lIaFchYm5QZjdhZW4sPS9Tbk1sODlzT3AkUTBSXUJjNlUw
c1VCXEUvIjlfWClLLjZkY0ZuWnRpTlorTytDJWtyZjZmX0VJITppY2kkQ1ozKTBKdDhTbCM1SWJL
MUY/cHFycFg2ZERSTmplIzMyZTFcPC9RVFwmNytyaFBJPWRLXjFVMT1zPSgyKWdYREJaVyhpWUZL
bHI5NlRkLVxvT1MpJCMkJWVIPF5MW2ZwN3I/ODU+akksIyoxSjYyQycicTVgK1okbGZLSVtDLUUr
UHImbSNEUSpVNjpKLFJzTEhAUFlsbFhVOGxlaEtzPFcvXGoyN04hU1NpVHJfREEuS19rWDooKW0u
TEo4WzdFJGlBcGVcSSJuIUk5M1RRMGo+XW9mRWpscGhdPi5VcjQ7RzxyWShecWpfJUNIXUpKUDdK
VE1vOVhVQ1BXXENYLElTTiZsTD11UzFlSFosXXBWTjY1O0Y5JDdbTzkiPG9XV0xAWEROYyxtO0c7
ZUtgSGZWcmRJQF4oKGJdPkVoKEM8cDReXkNLOT8nVCFjdUArSDstVWgoLT0oR2A9M0pAVVUiK0Vw
ZWFfO1MhaC8uJTpnREpcQzBBUTBbNFFMLU80aCVwNmVcViFDUEN1Klk2Z0U1ZDgsWEheMFFxVzYz
YF4nQV81Il1INGVXQ3ROV0xDLDkjWG8tVDYmT19JQU0/TF1OUWcmTWImK2FVcSpASjRgNSw2KD9E
N00iRnNMKTw/K05ZNEdRNWE0V15nOk9xTnIhbVNPRiVxQ1k7XTkuJzMybSM5TV40bipdMVghQUlX
LU5EbzY/OTJaS1hObEpbQUVlZltrXCoiPSRMRGosTzE4ciclS1NDNWQ9ayhpXEpmJCVMPkMpZEk3
SmQmVyFpcU1TZmRTUiVZTyVhPG0wQmpPYD1mQy0tLUtAX09MTlwnJmtBZ1NHMk50JFhOODhtOyhp
OlJCUmhebjk4J1M7Ij5aOi1QZDhsQVZoMEJeQ3RHP01hS0ZDdFBXOkw1LSZIajEpQFg5NG5qLWwy
Rk8sTk4kXltePzIvZywjOWRmPWAkcDxaOEg5cl05T3RnZEMtbVxgTkE/KUlTMTIxI1dwWGdxK3BG
c3IuaCo0Omw+TmUpUVhvYCdyQlUtNUwkKyQ7L209NUBJJjMtTHRWKkVqdCpCdVIqKjMxO2QmJSNJ
cVtuMG81TilOVEltM1A1YD4xS3NvLCk7LSwrVWxhYyVtQEtBIyxaal9OVm4pP3FYbF44Sio/Tlg3
Oypnbk5ZUG1XQ3MoSyI8RFlMJWUlaS9KMSZNLmpHKiVzayJuI3NjJE9SPGhlJ01JImtGbVZNSFEu
K2VQLXRmJy9xNC0rPT5YZWltJStFY2pQXTJiYG8oSzNFQGhKQE5GU3BRXltHRD45aVY5ZV87YixB
SjBqT2dKKzJjVEZAbVdiXWpJb1RZRHBjZG9NUkctcmxNclgtWC9bLlxiPUE9KU8vWGEnMWhSVjBb
NFooV2JfVks0NGJhIVJmaWdMa15WNmFmbj08TiNtUWJCOT1uMFRJTWk2Q2lDQWpPKidHSGRiZiVf
JmopSUZVVllCW1JbV1IxVFJcOlVwQHJydVZKYXElNj5sKDpMWj9adStuM1NpWGg5dVZZWSVucnVk
T3E8cF51Z2pkSzNVWkpXUXErJkxXNlspIlZqVTFeIUxPa1dgc3Q3P3E2Xi1jb2ZGZSViKixLQixI
Km1SKjhGMFJPSC8jLSxKNFhfOHM5Wy1BJkAxUE4oTWhtUSRyaElHTjNzYywxSyIyVkhkcmo4dXBa
YkBBUmgsWFJzRGsyWHAkJENRRiQyOjlaMUR0S2piR3RaPT5Db0tWaDZpQmc0UnNvY1ZJZW9UImxW
QSN1QD4nOmk2NmQ9VSZXRyhVN1c5Yi0rSU1GNTVeaTBbbyhaQTpLMEw4bGhsSFk9SEhpR1xVXVgr
OjJLKDZTXjg+U3BLKT5yKEVlZll1XShTWSNkJGhTTzxNbFRbTnFdY3BsI1kmIkRRNW1IWkppZVRu
Zk5wbDBFKCs8X2pEJDViZkZIdTwiKFE8TEBIVUomSjU9QiZlbVwob3FzcCE2JThUQWovb3Ikazpf
dGsqQGJAYkQ+b3BFPW5fOWBOYUBOIl80ImQjU2k6LCtkQDxZZSluL2lpNUxqYD8oOl1Jc2lZQUJx
ailsMWBsalkxJSZscFJlPGZKMG0pWjYtMUNBNTFqam5bZnBhJXIybTVBXixqOj5QYGg8PG5QTVkk
UkdSRV1mU0BSRy88OkhwRmdtYW82aUpeWGhvSVlJZW02SileKjxobzQraicsXnVXNDFDKzdIXiM7
TztFaGtjbVhsTE8mUlU4JytkY1ZFR1ZgO3VOPWxIJUdpPFpbNTNeNjUhQygxKy5RSzcmPyxHUk1T
QExvTzVlTz1dLGIrMFdOO0RPRmdIQC88Um5cQTBOLj8lYjU3bjxpaThEbj5NM0NUL2kkcGxbcDUs
RlpUdWxOU111QnIySkcybEtFMHROVTU4ZmcyaFMsPz1sOmooRG1yXEMzOCZpO2k7dF9BJVJfSllC
T1tzTmAzNitlQTQ5cmFPLk4oTUBLMWdeXnJoSklIX009LkctNVZOV2AsK2wrRjdhcDY1XVxaN051
Kkw/SWFCJ1cnbydhRic4WiI3Pkc4JG4/RDcxRGN1V2AnJCJOUTxIXkY9I15CbD5jaSRlbmQ5ST5y
b2AoVXBUNGduYFEzJ2hiZSo+RXQ5TlBhS0pmKilAT09hL05zSUBxWD9GQCckSlxkYSs6czYwUmY0
blIpZyVtQFcsS0dnOSJJZ1MiTSM1TCpyNktnQydwT0NxT2BsbSxdPDAmW1IoaS8+KXBoaz9WI11c
ZEM7Y25RPCc/Xy4+J0NUMGVEMlFyIVhlYDVpKzdxbk1XYVdLP007R01AcyJVMkk7cERQVk8pRFAt
ISFbR1QxOWo7QlkpckVsKEE9L14lW2dAWCEhRVFUIkhFViNwbTRaSTgsLUVrJFtZIWQzQzd0QSRY
azcobCFTVDpPX0ZoVSNENjdlIS5NQVxiSSJZJlp1WDVVMVVWQypKSjdrclVdPClhRSYmS0EoZzsw
JHAwOzRQV2FZR10jcWJCbGxfVVBLLCZ1XFlhcE9sPShnYFZnWklrJVZQXTBTJUQmLDh0blZJNlNC
YV5mXmpKOFklX2BEYyxLWCxNVGlmLSFyJixOWSFZXUhxWUhyWC8nVFwpL2VhaUtPN2pTMC8oa3Nd
LVJMUVdtRzE3MjxVRzEiMWcpPTdWOWxQTURSUiQuLmAoNkwlX0dDJGUmQGUnQS1FOEFtU0JSZ2lK
ZFwyJ2VBbDI6KU41c0NnQT1qQFMvMDEyTzF0YCtmWzFnZzlRJGAobCdUS0BNT19COD0tS2ZAQ0ls
c1YmKzhoLj1XREZWZzpZMC5sLmImIUNiaUwnOi86ajc2KmAjczxiSjQoPTNJKGhaZFUlUGklXz5J
dDErKDxdNEY4NWdCVSFTS089XV8nMTVKNTJFXS1HQTctPU8+S0o/dCNlXzFWOGZXOlZcLDozW2Bf
UCpNWF5kaSxOWiE4Q1MncE1gdSQ2SzJnKGM7PyZMPkhEMF1xT1cxXGU5Z24rXnQpV1dZWz1WXFRz
LyMqJy05aS9nTjhqallvSmtbUDVjdGErT2FxOG5OV0s/K1BXTlAvYl1yITlwRV9yL21NMlF1aD1q
VFhkZWtmMy9cSm9bI3I5NGwuLjpgWU5RIkRSc0xpUnB0XVJAZEI3aGhQJ1BXYWdhWFMxV044NSom
QiVdQjM7SSFVXGA5RTNCI0ZAIiRebSxSW1krWFkmbmluZz0vMTYiXE5wYzRoUCIlYEU5JCFdJlNP
KGAhbWFbTms9MzI9QkhDPy0tT2xFcVdhYzAqZFc0Jjg7OHNoJUlWXig8bTk6O1BcSC1GYjRralVt
biE7ZEEqRSxPVnFfKUQlaSsjXlhnMShvZXNuZSlGPGQkLmBSTVkvQWlZKlhIZUk2ZEUzTCdQUyY3
aWo7JWJMVVZQYD5WYjZVI08zXlA6W1RhYFJuKTJoZE1tOk9Yb0A5alZXJVZLMFUwUClUVTJrVmBt
LURqXSxZP1dHN1xAIUZPYmVjUXVIUkxbMjxfVDQ8U1trRVZhP0MxSWMwWnUzbSlhUyZgPUUqdVla
TV5RY1olYSU9K3Bba1U8ajBDODY/Z2FLMjtMOE51O0gqZC1UT0ttQldcN2FPUWNuSCtXUWE/Uy9n
OUE7I2tJTEMwV2VpOVdUdCsjXUYia3MyVCVXS3NpM1VgKkhnTD5xUlAvLDknPWlUaTBwZkdkXV8p
dTA1SCNfcnJxTEMhPkolW3IrNmlCdFJsPjgxO206QHMpXlwvMFQsTC5AKyRoRHBvdCtANnE/UmZD
UVpjREdIO180dEROM0JdSVQ3RjYqZD5uMVBaQlAtb1VsTmUmWFolQkRpZzc4dCRWLjUxKEQ8RFZt
aSJCTVYicUQzXDJZSTBrbWhJUUklbUJSMzZPdT1EJkhqIz83MmZBVUcrRCNGZERSTmJkNEsuVk45
al49O1F1MDVvVFE6Wzk/QUoncilfIy5JSXVgKklUXFw/WV9fV141YidobmZ1YkBOMnBBUEtMYVFF
NFs2cWRBTk83cCVkWD9uRF9dLEk1MjNhcShac18iO1kjPExHcjxyN0w5Ql85Xz5lZDkuYWc6UVVg
dFM8PFVBbXFFWmNRRmNSTVBtVygobUFzQy9cSDUvNypEV1hiXFlmIWdKPFZJY1MjX1onLEgnLWAr
QkhMRjYzV1ZgOzViM2RHaSNJUGs7V14hJzFdNG5TTlo4NC1ybkhLXyVtPHJtcSI9Py4talNeIzls
Ykpkb28waTs6YkhnWUA/WzhaZjluKGhFQUMkUytiajA+dUUpLC8zMzsjWWQvaiJqcmRlXDJ0Oio4
MCU/NjtnaCppWT5iT042cCMoaDVDLDE9WGYtLGBmXEFyNjpQY3JtYSpbYlpKJlcuIkMnTFNsVGIi
MyRaIidvZFc4cmsjZiYjUmE0dV1OR0MwNFtZXWNhRGZZYShUQiF0bE9EWUsxWFFtdD9jUmQ4Mlos
NkpWYSdXTC1jIWJaXCUnc3M1bGQ0KF0yS0JVXGBrVyxxRSpKVHBdNlNtIU5wOU5xVkxFOmQqVGgh
XVhhTjNfLVdDPE9hZj9lJmItQzFXa0RWOz80UGpJK240X2wqZmpMPm1vcENta0ElJWo1bDVSZFEs
YFsjVHU5TE4hZUZLYE9ZTUZzOiU1UkBdQVNjPnRnY0Zvc3NnSlloVDxkJ25rLUtoUjdQO0BEa0w8
bSpQckooUFZlTVlyc2ppZ3FuXTZIPkVndUtfMnFtPz9UWkRQbm1OMVdHKDBLIig9TVFGcUtQJjIx
SE89Oyw9T0RqIV1RLEsqXlAmMjNRMFwxTm09NFErJFxUSSNrIkBLTDA+QSlyU1xbYkFJLU4vMFg1
Y1d0NT0hWC84LTxdIVw3WjdNLWpOTHRvaUI4Iy1mOjpYNEMlcjsjNWwpVSVncCMySzNbWEpSYWR0
TiVuYkhObChPckhyRkhuaDY6OXE4cF0iPDEzSmdFRGJRVStaUUs6Ri8zaTNgSkJlWVFXdV1aIlMr
IjVaSS1WaFo9PmtqXV9AZHEhZGdkQnU2TU82VTVRLF1uZChSaDQwI1E3UUQ3UjdhWE9WViFGXTJx
I0UtaWhlJlYzKTlJPT0nL185RVwuPWg9aztlOCEkIUFIU24yXU9YMWBVNGEqVkskTTkkZU5udU1F
S0RnNDlmKVBnblM5JCspVSJDJ0skQSlyMVM4bHIwLEtMRj1dXFg6ZGZVdF0qSSVpIXJmU1NNWUBW
LHQoZ1RuYVxdK25RYkIqZFslRExFOmQqbkw7NnFUdWVLUS9Ab0EpMjo5PnRgUlslZnEncDhaT2Y1
TlZfSVYzcXFITmRDJzI8dGsvREBgZ2FqUj4qb0BCZD9eKlBqYWE3aENsa0dOV04kVjJOW25NO01w
aTdtXmBaLUZlQS91X1NlRmheKk9lQzclYjRDMjA5ZVBGZj4lTlhTMlAhaSNUQDtWUiZhXmMna0V1
MD0zXVE0VDYiIjExUGtFRG82Rj82bjguIkJNPDFxM006aE9URWw8U2UqJ15PUCFFQUw8VV5Bajgp
OFlfLkhFKFc+JDJbcV0zTCg5PUNhXSRzb2tbRkFKNT87WCJxZXRsQ3QsKVhQcTx0JDM1K2oiN0Fh
aXFsQC1ZMitZWkIuNj5TaG44ai5tWDVMLU1gK19jZjlZQWFpcC84Vi5uaUVvPWVqPGpmPlRYZiRz
P0JmKEUocTFrMzJBNSZXYT9QLDNVInAhJnNhLVdzYSovKVRRbVdaI1BoKzcvMmpoS048bVUiXys1
NG9DKVxYSzo5WVJcJyltUTdeaUlZSUhYYlJOJmhZRV1fYCtdQ1BOPmIwJGRhcD1AJywmZ2EmKy5L
PkY/PklKP0pYdHNZWzlYISIuZWY0Ui9AZ1tbNURvIlUyWDR1Oy9dQCUwTHEiJE5ET1tyLWItKCJN
a2BadGBdYXJVJCZeXzhoMj02Zi5ZNFIvJm9bXExTUiEpPWwlQC5mQThhYWMrM21bRFBmUDdKLU03
ZiohRGlZLUNycyotQnRHPSJydS9fcT1ORk1mWzQlPzFUV2M8dSFHai9TMGlTVDJcNCw4Qy9ERSgz
bE1qMjAkLkItNyFUQEU4OSlQPiIiIj9JWksiYyxiSjVpWjdsVmlrUmhWZWZFRmJjVnBFVk43U1su
KTo6NlVRYlFTb2UuVmNsJUBbPThFMDBXQDQla2ZRYmNWX2BRYio6VlwxZi0wISEiME9daFs0WSdC
OjkxLVt0OVIzWzhdPmFncEFyUl9TbT8ydCtFNTxORWE7WjVfRHRZQmZUL0QkYis7WEwlMW1YZmQq
UEs/Vk5COi05YVYzLUVBTkZCPylwNCQ1Mk5lRDhyZEQyMT5mSWFMTkRwL1kuOShEYDpOcGUnLGBE
b2ZaVGBdXTZQbHUtY1VPJiUyImUpTjw4SXJELXReXG1tRGIrPSRxXCJdVFEsSEwwXD9FLz4zL2Bt
I2o9MWwyP0VxdWNsImJqJz9HMy5QLz03b3FYKjpFMkVJSlB0YypKWls6M2A4ajNJWDRHLDVzXDpc
PW9NXkFnJTMvMnJVb2hISFYvXi1BK24mWlhoM1RCXF9IUW9sMHVnO2VgUWo/QD1NUz06Z1tSYjVI
WCg9SilvRi9gdDosNWdbQWxRRTlIJiY6WXFoWHJGX2IrNFFyOFVOXUpEczQicW04M0wmLTByYj5z
N1ZUZ0U6cjNLVydaMDcyMzVKRmV1S0BQPEk7VGlFcGZyWW9kVlRzKVNvXmdBMFhRaGIlT2pAPWtb
Nz9SdVljUiFDcFI4aG9XcHAiQzQ7T2lFOi8ncDQ6V1wxZENWSUBCUU1vcGE6LSQhPjAmRCpXN0ky
US1FM2FgbENUOmQrPW1IOjNPQzZETG8lTDZHczIhQyxkKFhyJERuTVcobXNJLjRVQWEyNXFHWUl0
W2YiPU9nOk0ucGFSSl04Y2ElYi0+aDg3X1soajhYLUo2ZGFQTFguUlhqTFlZaWZVWitaYEU8MEwh
J0dsKkdCLk0+Ji5AJDI4OiFRbCZOJ3A8MkJGJmskS1laYkFELDYkZ0ZDTS5uWHFyPSMxKXQhPTBk
a2E4YzMqOEQwZFBGclNYUVw/JFQuQ04zUC9lXmtVI241LDldLyVrVmNEPUlyKlQ2c2k/bjctbGhv
dS5HKWc3RlsycVRTUVE7OkYoLUotZjhbL11wPEg0Qz87OS0mXERaYjA7JHBsRGpfaEZpRXA6ckBQ
LjJsYjhWMD5FRipAXy4uVlFyOTkncFdwN2AuPFtMPl8uKEpJPkRhbTJHUUckMilBRWdnW1U0dUgt
OXRUb1NnZmtTU04vVWA8citsOCJbQ3QqSl1mITRCKWBCUiUoIy07TV5BKmkybDk9dV5ZYlJ1MjA1
IlI7QHJINCRGNmxCbGddZE1fcypBJGw4VC5iQjVBJ28vZF4jSUVsQlgkVlBXKklVQzFJJzRiQiVS
NkFZPyQlam0rTGQ9OFo9NjwpO0gnQWpIYSQ6ITEqOGNGazk7YWw0XDUkVlM3dU9zSGdpXmw3V28s
Z2ttQUdDS0BHMDl1SjJhZUlaVT5sRWVILkZaVTo0PHEuXG9wWD0sU2tZZT1kcG5HNk1SNGU4PWg0
K3JdTzBMWllyTFFjVVtlTWRITS1zWlZrLWdORW86NT5yais3K0osWS8vJFwlL3NabV1qal1NW0Rc
TWBrKz1IPVM+NmFULmlZP0dZYjNZSXVNUWFSZWBBUSZlL1k7YzdwTCI0LCVSSFtGajE5LzxFa1Ex
XGI2MDVqZjNAP05BPkpmY3FhXk05XlZwWV5TJy8ocUNFZDtLa2pOIikhQkFBKiJrIyspc1tQNUl0
VTRQRVNcUTkiISwxcGNOI1MoRWxQPUpKbW9KZD1PKFUvWU5CMWlWWSZKRkxDNiRpZzlcUl1sQm5J
LGtUbmFUREBcLUtqMGtZam1YJGprZlIvTDxvbk1SP18oU29RMSQnKEA6X2lwRCJHMW9kOGtZRyxK
UGlFcSJOZ0YoMVRoRGxFUXNqMTVhY2cvaEI1Z3NdM3JyaTNpbTUxRWs/Z2ZtcTNuQidCSTpIaF9Q
XTE7VFhuVm0lQlBxVG5AbSRxOEtsaGVFbGsqcTZwUUJzMUs2Mj9oJE8kPz8jcyEkUjxQUiI4SEda
L20iQjRjPSo+c245SHMhVz9rJWkpOlxSV24obGdAdFMsZUQ4ckNQKyRSYVYtVVdXST9kZjRZUShg
bWowYU1GPnMzTyw7ZU9Ca01xZCZsO2Q2a0tGbiRdO21KNj9QN0RGNyFxbzJoRSlPcCRESG01MjBA
SCZRa25CXCckLEozUT1RSGBWc1tPQT1CM2xyV2ZILkpfPysjQ1owKkknYDpxNk9rQ1k1Olkub1Nn
XkUrcmYqXjxyMkckTyMxIzxtI2AoRj5IMWA6UUAkZWw4T2RGb04sN1RfJGd0X25BXWNSNTovcCoz
bi83WWJHJ2I5WzhwVClYU2AkYjRSI3FELzI4JShdKFU0O1NOI2dTWmMnaiZVaDxTdGhbJ15wYylj
VDE3cCFSRT47cy9pNURESEwjLkpMSXMyOCZoYz90XFo9bGdIOFRXSGBOKVxpI0E9OFUpcE1yWmZb
ayU6YypRa1wuMWdbOyE+QiUwMzA+TiFvW2RLVjZUVFItYV5CajYmPWZeJVVaa0NOIiVlZkRnIVRq
UnVQUjxcQGFZY0AkK2Vna0NYajQkKVhrcSh1c2ZgVGtyJW4xSiYhWyRsM3FtRTNgPUNNTi42V2lm
XytSMmc6QWYuaixzT2lSL0JWW1RyPy5wbztZcC5GbERzNEVKITA3QS8nbnRrLEduKiRnUTA3RSxy
UCE7K2RtUzlkMm8sW2lrKE0kbHM7Zj5yaXE2RihMRigsTEVcXEUiNW1iV2lEY0UqUDVZO1RxS0Uz
bypCNF84MiFsWFEtO3A+UzpmbU9nIVcuNHNwXGNmY2ddQk1cMUdSSSZWWWhwZjtZZSVYOFltYyo2
J2ZGOCIuaGo4V11vcG4rUjxJXUFNSihGRzNVIilGODVMQUxzSW9DXFxAYSFvOVhdcjdOaCJTRWtm
Q1tRMUYpbDIpUGtWND9QIWtlW2lbRD4qXzFxdHFmRFA8bVo2YC8tU1EiPlZWTXJeJVdkYWo2WGtT
I2AwNCFfMyxWImw5Z2pFblRnPFhRbD5FczNdPFFZaVNvX0I7RSg+YlcmNGwqNUFtZ1xITEhaJHNi
LWZnWCZQVFEtMSVBaEI1aG4hPCFlJS4zXShBdSpcT3VSNGhebz0jZmFbRl5uSk1BQj49UnByaEFd
cSJPSGhcJkRxV21FXj0xays6NF09S1Q6WzlQL05bckY+SFthLVNsVUxeVSVOUUE9ZmlAWFxiPzsw
cyQyamxIMFFFPG8qSz8kIiEvKEdkQSxsVFAxaTgzYGolbmFfN0ZDOCYzYEBCTzlWIjBzRmlLcjlC
a1FULW8oTClMXjFfXjxwIXFTLWhZVmgpTUBMXTcoanBBMENSWGZOaHNAW0lCP2o1M1JOQzYwamdA
T1I5ViY6TDMrSGozQ1Q6SSlTMityaWYuZl9pV242QjJTdU1Xakk7bklmamtEcEZhXlw8bTlRai8/
XVhvXCphdDJHT0gtLkFTKy1fN1QqYG9PVW8kJCNCLnQ6VSdEPkc3Rl81WGMrIzxjXD5yWDU7VDA0
akUiWTxDJDxFTWNKcTFcZnMiJiM6QyRsM0VoOz5DRDRpRjFkT1RsNChVaEczLVQqKFozIS1YQmJk
aVJFQi9EL2pCJmVQaC9iclNhcTEkMUJxL15HbWlhKVBjIlxHOko9ZVFPbVVMVU1UWU9VJiNkNFNu
bjRfJ3E1WCMhYXBUXGNXcWkpREotZ3FjQUFEOlttJz5KUUU1ZjQqbmE9PDhBOjt1Y0ZnJktAaUxI
VSVhWzVCNT5pN00/M1RqX3VaTDVvME5tPk5xXTRvZWNcYFs8TmxQWWNiK1hCRj5wKSJmRVFEZGpQ
OWEyYEkwZD9jIyEyMWlCLVoiXHAtRCY6Ui0wOUlfQXA4byInbCE/Y05RTShKVTRXN2FiZSE/YEZf
NWFGLyQlIk9zNV11LlphaVZiSGlHVWBlYFIyOkZvT0IpRFdaKipfO01kQkkuMnNcMj06RkhpKV5G
UGRpQTs2clsvXC5fJDlNWTBFLGYxOyNVKjw2UVtdRj50PWVxTnIhTVtPaSdAbTtYZSQoPmtZb0Nq
OFN1dGZnLGkjZTRVQmlaSVVPVF8iXE0vSyZwOVtsLyV0Tl91OU9oJVVFbWVDal5fNDo8V2NeTmI1
TTFKIjZWViU6XS4iP2RuYEFldExCbDZUYEIjXHNoMyFTZUgwUkUuWHRfRlRPTm5xM0BMJjknJUM0
JFNzTzxUb0JwLSEhITotKWcmc2ojaWg7U1k4WmRMWDM1Oj47RSUwJWlXNFJLaXQ4QWxONi1VVCw5
KEg1QWxsZ3BZMjowNzVNWSI7cHNGZl9TJHMtaUVkUEJHTVFBYVBKIjhXQWsqLltGKmRrPUZlVVJA
OiVeYFolSUNMVk5tZVEucyhtImJBLjlpI2Q5TVdoS15dRUBUMEkkWiIhMjQ0ZmEoMyJcO0BMVkgr
RF81JEExV0g7QGpeIk1TVV0+Q0QtTTJtJWlpMHVmNVApKEc/LksjZG4/dVlTRTlXNktQJFB1ZlI5
WWZrJEldL3FSPj5LLyRCZC0qXjJEJ0NNQFgxczIzY0QyWzNlWC4qRUMmQzlzdFspVTV0OyEvKVwy
QSxsVFBgLDNqLV0qcCNGSy5SKT1KX2FpZk0kJTgwa2ZCPz5JYWEnZjdLcz5DXShqT2thQydAQWdX
JUxXXktmaGE2V0VPSidrb2FAUVIhTWRaSk9zIlMnKWsjVXNuXUtsTCRrNiMlUmZmL1tbKjhjXl0j
ZlJcOT43JV9zTFJMZjFBLmBNJjFpNjUpLjEhISFULDJYLGxTSzorRzMhJ29LWFg/UFVtWGptTzZU
NCVEYytfST9mQEVsKG1dcXFRXDpTVUM2TEEnYGtlWk8tW3MzZHMiN2tgIXMtaEFackpqJlQ9UUhV
ZWFNZi88JGUqPCJrLl1TTj1UJkhDMk42TGpKKzNUSjMtMG43WXM2J0hBOjgtJzRCNkxbPC0zRmcq
UiNxQ0xKP1o3XDBDQ2BjUDlSREFSZnJlKi9oZVZeLmlDJSxBOmxhXGBrOFNeSWMlamFtW0s/JF9e
QUI4SGhWXDFIIyRiaT1gaV1ATjYvRilQRG5kVGIvWC9EVE89KWcwOlAqZEIkWGNXMloyVGZtZSJg
Xl46a2dFVU8tQT5CM3VBUW8oRUw0PC1dKVkxKkUqX01jLFxiOy9fPE5gJ2pbIkwpQ2ovISFqQzFG
XmkjImxrKyonWUtbK0syITVVVElgPnA2KGZMPyI3Rz8xZFdWS1YjPlBIYVlxQzhQXDNPNktQW1Ah
JjVpczJYLipkQipybS5wWVwoKTYkT04kbjBUMSIlXT85YD8rUHIrQ2gyNUohcTpuUF8jSFhQOSku
NUxlNStlQFkxbWNEdTgvQyRwWz44W2wzKWpmKzpAYGU1bTgpNTopPkVdLFR1IXRccS9PVD5INDBY
PVxzOUpDR0Yrb2prQyowXEpnUDs2UDQ3K3UxZlNpTFhfYWRwMVxobTJYSlNRbmUpNFsiMy4nY2g7
YU5JUUdtb1VaO25rSlsuPC1Kck5gczY2OFoxV140RWZqRzhuV0tYRiRtIWguNy5kSlxXLGJ0Ql02
MjwsbmRadXVwLVBfW3BEWjlGO1kybiszXSklUD9KWVYpLF5TLnEmX19tLyJoTlp1aFZTM2JeRT9J
QElhKDMuWTgkYU0hNlBmY1YlVkI1TyEkR09KZipTX1phKC9mLChNM1tKVGNkSllQSGdrYyhmUSNM
MF4+dCkwIkBfUnElbCxWT3A9KDBoVU5AQllJKFpibGg2KEJobFUvXUFCRFxXR28naFIyPSdWUVdG
b2c0Y2NnPydiRS9UdWdTXmslLTdmKnFyZ19yO1NmJ1tBRjUjRjlcYGAnXUhNKmprbVx0TnBxOFJv
NWZXZE4zXlRSUT8/QD8/cFRWXSZFYlAoTF4rM1FdJGBkYF5rKWMjT3RjaUJTYFo3JzpBO0hbczRW
WS1ySyEhRyMkIXJyPltBVjNiMVZEbCgyZmhEWU46bytGVT1tSkxAP2xUZ0dybVFSQzkycmBtZkA7
RVZkQ3NJMT9ZLmQvbkYzbXNiNkhfVUhMZ1ZnRnNqWiI+TWxnUVVcWnErWSdwLHJsRyJtTklXZkd1
WltccydESkFkbFFZTWwlPHJeYV85cmdLbU5TVzZUalIiTk8pPSQpUVhmalkyNUw8PjJlQElpUG5x
aCNNKEFwIzZraHRsPV5qKSJvOHNMYDlNYCRxaihCSzBqQW4xbEErUkVwa00pdW5URFFRdU8hPEFo
Lyw/Um10OGQ6ZSpKXlkyXyk5dXNsUVgzXF5MSGRfR1w+RUoqKzZyOm5mJUpWX2s6dVo/RyciLyRb
TFAsTyVsPy1tcnU+aWwpc1plZnBRSFBXQzdyLEoxR1BsZlhgbUcsSTUjbF0tIyJeKFg+YjRwMGpz
cSQmWiREUE1fUSoiOnImInUhISVcSSU2QUtxXzxfWF9ORz8waSROU1A+PTBWTjxQNiElakNwOyNC
RjFVJWkyPDFkNGxZYGszbmo6TzJwJXJlI0wzbjleSGZkMy4jMkBsb0k8KmYqWzIiYGNPYWxXRyk6
OjdqMmU+I1NOLCxzbjgkMUlwYipXVGZlc01SIyEuWmMyOygnP2VgYWtPQWJsUmwlVmlKa2UlVUIz
NFZGWzByQEldczVXYjQiSFZBOCE5SGdTLSMvWUUnRCxKaTMiUyk3Uk8ybjY+LFxAX1gqTDpYciNn
WTtUVFg3Zys6bihrT2RDIUdBM1ZqQSomRl46Rm44cFAiSixib1xDMHU6JGtrNjVmWy5ETi5yJVpK
TDA1WFdjOiEhIzlPPi1BU3RsZFtebScpKl5UITo4VDtgayIzTS5gX2dwcyljWTRSUWYhW2FHRiVy
SS5NNDpPOFB0aGt0QUU7WUdja1xqWyIlND9PSnBtXzQkXWs8JWlOam0obDJMWS5aOl1iU1dAV1U6
Y0xLYWlMVj5AJXA0L1YnO1wwaFgiXSUpI3QrIyw2SW9HQDtVcVooaU0qRF4rXW9wI1IvPiU5Ym5W
MSFOL2JpOiJHZmFjIjAqcnBlSGBEckJPZGZyQGxcImh0bmpQaFopTEVwLTImcUkkLj9lWWNxW0lS
JzoqdWFxMUJeUEkkKVooQkozKSkmV0RTI145TUZgZTZrajJeU1YsLGNQOS9YLk0qYSEhKSE5aTBe
ViEmdUdDYjNJbHNDKSZXRFMjXjxQKTBwdTgoYCdqWlZlTGFtJTZsVFZrISEnbCZFKGo8WFFqZUw3
UiNxQ0xKOGh0XTBJR05xQDgsYiVBLGxWR2w0TCpISmtiQS0yWk5pcDcmREE0UltkKjJhVC5pT2Jm
QmJhXyJiLSItZ1pkR1xbPmIyIlRYMldPJ2tbbjdLcmlYcHJHP1NDPFdncm1TKm9EZTcobE8hISgj
dU5CLzYuP3ROKDohKGJnLi1GN0YjaVdmR2A3UklyZjRBaSs5XTluXV0zMGZrbiE8QFo/LFdJLiJI
c21jaiYuMU9PZV0zWmshISE5PElTbjZIM1orJV0zMGZrbiE8QFo/QUEoYjU9dGRsNTlNKyQvJGln
aFlQQiNlMSEhKHVRZC0uRGVdMzteJykxWVk7KSZXRFMoazkhWGBWO3VJUDV0WV9hYiVkQG9sOyxT
ISNRL0pQVlBZK2ZdNmpYN0wlZTg/cSg+IyE2MWllSEk5dTwxJnNSKT9xZVJYMSZxPGs1XUJDdEBX
WEdCXWxGVGosJSprRSEhKCQ4PUlsWlZfV11Rczw+R1FHLDFKPWJMRnJXLiYuVzVKOGYrPSVQSSZw
XGMrVjQhUzVkX1IhISdmWidyciJWbCZDUGQtM0Y1TixSW1lmQCRCOD8ib3BuSmE6UDE/UEkmQnRk
WDI/QV5jOT5tJGlnOWRBJEooJ0I3dSpyKSN1cVwmWmRGNTlrSD0lISEkRk84IUwjSmM1LGhCIzJs
OmM3S3JobWBqXnBnQDk4LD1IXW5JMU9xKkdtMWdmYlQhISZkWS1WPzcuKEZMZzozKF1MIiE8QFhp
OkU+VzpiVD4wL3E6W0EiNV1cIV9sPTNLbCEnbHA1NzRIUkg/cV5kXyxbai5IISEiP3RZQj07WktM
dGNoPVRDXTgjYGQkOjBjOXJrQDNJVFdYI0lYbzNIUGtLPUNYZikhISJAJWMkRkI9XzQ4SDtNWjxh
bmw7Ymw4YmZCYmEjUXFAXEFWYTZIZEV1V05CdGcpSUAlOlhwIm9uV01MZmc0UDc1I3VBLDZJb0ss
UltZZkJNWzYraCUnSmNOKC9PTVBvKE1uZW4+UCEiPkdSdE9UPkg0TSdGdSxGKS9IPSROTEdFLkBk
bVIhJ3A+IyY+YDlnWl5FTmNKP2QiTiRpZzkkLidZZ0FTKTBPUkRERDJXNWRGZF0iWnFvJyEhJ2wm
TCskJmhTQl1pViUpPF1nN0tyaG0tQ1MmLVlUcSQnUWpgdGZuLSFzIUVHbVQ0ITVhOjw5JWFIaUE1
KCxHUzFuUGMhISRDLmc4R1suN1tWdGlhVCk8bDBqMU1hZHNUT1IhISVzVVhzZDs+Uz0yKzUhdU05
MU9UPkg0TS5yL0tmT1phXjcuJlQ8ITxBU1sjWmAkT2FUKTtIKzhKQXJYa0NbUWFULmhSQW4xbEFA
KUNXbihZKDcuZWRKZWFKNT9kc1BBdChmISEjP1gqO0YwXGRFdT9GRVQvMG0nPl1WOSEhI10nUnJt
WS1LM0BmIj1UQ104bj5ddFIlVUIyOys6UT5jUFYsUl5VPTxSb1s0aXAwbjltIzkhcnI8Nz1mYkJO
WDtCcC0wYzlzNitCYnJFImFkaTNsW0FnNj9vNCpUZm0/RTw3VjYwMl4rWCkvISEkRFlNcSYsPG91
OUQ+QSxxLjEnWXUsM14jQjdzIShKRDlQZmNcRi07LCdJLTNOYSMwSSRaIiEvVC8zZ0VUQ0tKcVxR
OCE8QTkiUDV0WHA1MzBNSFhNWD09WXNwTXIiKXRvP09UPkZeIlJWIiFcXzBbXSEiYzRRXzN1aS8t
M0Y1ajQ9SXRNWlVMa0FqUSs8ayEwLmpPMSZxOlNgSG4pWk9ZSV5SaHVJbW4tSjAzIiE8PFpIUFtF
K1NVL11DKSUpP2psN0tyaG0mQD5ha0NzbjUnJT8vQy8hJU8lO28qST4iKF09PTZeYVM6YCpPVExH
ayJHK0JfP19xUSEhJVBlRDo0OFwjKlwwV1pOLE1QaSI8JVNfNjNUaypybDojLTxaU10iKFNWQFta
VVkuMi5nQSEhISNPQlVfPUJuOGQ1OCRuMWw8bSEkRnI8JW5TQjEzWjhtIiE+bGhoQSxsVDBzKSwv
TE4vb2YyXitdb3BkJSNJX1IqNm44OVpkPjgjUzI5QE5Xb3UhIj5DMixhOGMyP149Q2Q/QSVbQEkp
I3VwZS82TWw7LTNGNWo5T3JyV1JFPSxtTS8oTGNxJk1fVkBuJFkmITpaVXNPIl9uTT4hLHRBYlE3
YzI2KmFuS0kpUVRyIS91WGA4bS5sZkA8L2VpXiYvP19gJWBKPSEhKWY/LCdRR0IxZ2NMTyEvLS5C
b3UnO2RmRFBbTF5iTWZ1MThDVjcnLExbcy1ZP2xoISEobmJLMjEoJTJeVXNzMWdjVVIhLyxyJ188
MHEjQSxsVV8iJ0xrbzdCK0dqQ3A/QkJeKChZcjFiZzNXISEpZChsWkwnNl1zb2w4akNWJ2khIWws
LDJdMlNxQDNUIUFuaktKJmxzYFdtaSoub1whcnI8XFZHMClwY0c2LTMhISY5U1lrbSFFIm9wb1Uj
YGQiRlI/N09GMlUnNUIhISNKdVA+NFp1SDt0XlwmMGVjPWVMKiR0IXJzSFsnR3FqTVFEY15EPTVz
PTcpSjNMWyEhJmVkWzgnQ0xRby82PCJUWDQtXm1OPW1aXzdkLUo4Y1doO01pZktAITY3dSs6ZlRq
MEkkWiIhI1dETyZdVCg4QSxxLFtZQC4lMFJnXTpJMFRkdFtIVkAzLWNwYzVjIkU0PnMxJnE8KWow
REJ0OVNnJyNac0srJyEvLHI3XzVkPGcqcmw5WFYrYWA5MUhBW0g/QllVKjNnYyQxISEiIio9SWxa
Wl9OWjxcXkckI3EjUi8/OE0yVShAcT5nU0hAb0BiZUIqSDpjbTkyMGQhc2ZMX2E4YzI/Tm40Slg5
UC10VWU6KGdBISJdSzgiZTIsJ1A1dFhwJVYvR1oyRUlrXlhxamM7Ik1mcykhIShyKGZyLF4xKUdF
X2IoPG1ZLSE8QVNbIk5GdUAwRFlcTEo1T0gkViZJP2EhMThsTCEhJUNSKXRkWkZLWlZLKyRpaERQ
XW40Y15mW0k2N25IL2FrVVM3Vi5jNTM9J0FuOF0xYSxDRSwhOHI0WVVfPUNNQiRELSghPEFoLy8o
amIkLVM+SCMmMEI3Z1dESmZ0LzViMmwlJSwsJ09UPkZeUzs5bSMxIz89M0JZPyktISFpYkUwcSQ4
IWFUKTtIJy4kKzxVWTQxcG9kVyopWFk6dCUhISJ0amxaTCdGXWVRLDdBLHEsW1lALiMyMkhmPlw1
NihcJjlabGhpTiEhUUZibm9YR0JTJSo+ISEnZUBNQEdOZDMtNWA0JjxuX0pBSV91SyEkRTkmVTZJ
KiFWKypzMnBFZnRoVXItaFVdQ1xQbSEhIiJCU1UqImNEdEZyQVI9WyRGQkVuTjJFJmdDN0pTNlxr
M3FvIUEhJ2hDIjFjYT03OydZZTYhJSpxPXFtN1VBT1ZwaXRINF4sVyE2PUN1XXNxMnUtNXJzLCZI
RGZyOlZBN3IhISE5OCJlcl1cKT9qTThCc3BQMShELjVrJko1VGUmSjVUZSZKNVRlJko1VGUmSjVU
ZSZKNVRlJko1VGUmSjVUZSZKNVRlJko1VGUmSjVUZSZKNVRlJko1VGUmSjVUZSZKNVRlJko1VGUm
SjVUZSZKNVRlJko1VGUmSjVUZSZKNVRlJko1VGUmSjVUZSZKNVRlJko1VGUmSjVUZSZKNVRlJko1
VGUmSjVUZSZKNVRlJko1VGUmSjVUZSZKNVRlJko1VGUmSjVUZSZKNVRlJko1VGUmSjVUZSZKNVRl
Jko1VGUmSjVUZSZKNVRlJko1VGUmSjVUZSZKNVRlJko1VGUmSjVUZSZKNVRlJko1VGUmSjVUZSZK
NVRlJko1VGUmSjVUZSZKNVRlJko1VGUmSjVUZSZXUDk9KzdTIko/aX4+ZW5kc3RyZWFtCmVuZG9i
ago0IDAgb2JqCjw8Ci9CaXRzUGVyQ29tcG9uZW50IDggL0NvbG9yU3BhY2UgL0RldmljZUdyYXkg
L0RlY29kZSBbIDAgMSBdIC9GaWx0ZXIgWyAvQVNDSUk4NURlY29kZSAvRmxhdGVEZWNvZGUgXSAv
SGVpZ2h0IDMwMiAvTGVuZ3RoIDE0OTcgCiAgL1N1YnR5cGUgL0ltYWdlIC9UeXBlIC9YT2JqZWN0
IC9XaWR0aCAyMzE2Cj4+CnN0cmVhbQpHYiIwUCE9Y2dlJi0rRkldZEEtYkkqOEM9akI8OigkTkwv
LHp6enp6enp6eiEhISI6MUUtPDpCdGF0RyM2NW4yXC5BV09rIUImNVIwcyNxQU0rKWNQZHE+Kjsh
KChFNWFfdVwhK2RiYyEwayMqISlWZkUhJ2xxWyE8P1tgIjk9W3MmLSxQaDYzJzk9JE5VNj0vZCkw
PVxJXGE7ayFCJjVSMHMjcUFNKyljUGRxPio7ISgoRTVhX3VcIStkYmMhMGsjKiEpVmZFISdscVsh
PD9bYCI5PVtzJi0sUGg2Myc5PSROVTY9L2QpMD1cSVxhO2shQiY1UjBzI3FBTSspY1BkcT4qOyEo
KEU1YV91XCErZGJjITBrIyohKVZmRSEnbHFbITw/W2AiOT1bcyYtLFBoNjMnOT0kTlU2PS9kKTA9
XElcYTtrIUImNVIwcyNxQU0rKWNQZHE+KjshKChFNWFfdVwhK2RiYyEwayMqISlWZkUhJ2xxWyE8
P1tgIjk9W3MmLSxQaDYzJzk9JE5VNj0vZCkwPVxJXGE7ayFCJjVSMHMjcUFNKyljUGRxPio7ISgo
RTVhX3VcIStkYmMhMGsjKiEpVmZFISdscVshPD9bYCI5PVtzJi0sUGg2Myc5PSROVTY9L2QpMD1c
SVxhO2shQiY1UjBzI3FBTSspY1BkcT4qOyEoKEU1YV91XCErZGJjITBrIyohKVZmRSEnbHFbITw/
W2AiOT1bcyYtLFBoNjMnOT0kTlU2PS9kKTA9XElcYTtrIUImNVIwcyNxQU0rKWNQZHE+KjshKChF
NWFfdVwhK2RiYyEwayMqISlWZkUhJ2xxWyE8P1tgIjk9W3MmLSxQaDYzJzk9JE5VNj0vZCkwPVxJ
XGE7ayFCJjVSMHMjcUFNKyljUGRxPio7ISgoRTVhX3VcIStkYmMhMGsjKiEpVmZFISdscVshPD9b
YCI5PVtzJi0sUGg2Myc5PSROVTY9L2QpMD1cSVxhO2shQiY1UjBzI3FBTSspY1BkcT4qOyEoKEU1
YV91XCErZGJjITBrIyohKVZmRSEnbHFbITw/W2AiOT1bcyYtLFBoNjMnOT0kTlU2PS9kKTA9XElc
YTtrIUImNVIwcyNxQU0rKWNQZHE+KjshKChFNWFfdVwhK2RiYyEwayMqISlWZkUhJ2xxWyE8P1tg
Ijk9W3MmLSxQaDYzJzk9JE5VNj0vZCkwPVxJXGE7ayFCJjVSMHMjcUFNKyljUGRxPio7ISgoRTVh
X3VcIStkYmMhMGsjKiEpVmZFISdscVshPD9bYCI5PVtzJi0sUGg2Myc5PSROVTY9L2QpMD1cSVxh
O2shQiY1UjBzI3FBTSspY1BkcT4qOyEoKEU1YV91XCErZGJjITBrIyohKVZmRSEnbHFbITw/W2Ai
OT1bcyYtLFBoNjMnOT0kTlU2PS9kKTA9XElcYTtrIUImNVIwcyNxQU0rKWNQZHE+KjshKChFNWFf
dVwhK2RiYyEwayMqISlWZkUhJ2xxWyE8P1tgIjk9W3MmLSxQaDYzJzk9JE5VNj0vZCkwPVxJXGE7
ayFCJjVSMHMjcUFNKyljUGRxPio7ISgoRTVhX3VcIStkYmMhMGsjKiEpVmZFISdscVshPD9bYCI5
PVtzJi0sUGg2Myc5PSROVTY9L2QpMD1cSVxhO2shQiY1UjBzI3FBTSspY1BkcT4qOyEoKEU1YV91
XCErZGJjITBrIyohKVZmRSEnbHFbITw/W2AiOT1bcyYtLFBoNjMnOT0kTlU2PS9kKTA9XElcYTtr
IUImNVIwcyNxQU0rKWNQZHE+KjshKChFNWFfdVwhK2RiYyEwayMqISlWZkUhJ2xxWyE8P1tgIjk9
W3MmLSxQaDYzJzk9JE5VNj0vZCkwPVxJXGE7ayFCJjVSMHMjcUFNKyljUGRxPio7ISgoRTVhX3Vc
IStsMWFBY2kjWWJsUmtGenp6enp6enohISEjL2cnXiFjUGhafj5lbmRzdHJlYW0KZW5kb2JqCjUg
MCBvYmoKPDwKL0JpdHNQZXJDb21wb25lbnQgOCAvQ29sb3JTcGFjZSAvRGV2aWNlUkdCIC9GaWx0
ZXIgWyAvQVNDSUk4NURlY29kZSAvRmxhdGVEZWNvZGUgXSAvSGVpZ2h0IDM1NCAvTGVuZ3RoIDEz
NTcxNiAvU01hc2sgNiAwIFIgCiAgL1N1YnR5cGUgL0ltYWdlIC9UeXBlIC9YT2JqZWN0IC9XaWR0
aCAzMTU0Cj4+CnN0cmVhbQpHYiIsayJhQ2FFcDtTSUY2P0ZkdWdwTWhPTUpIR11oTEZAOGRTZWRz
LmIoRV9tQiw0PGhSXjw8RCc6KEU+MjJYaytWI1hyaWwiQkRnXSNNWFpeSyVfbWAjUCEwImVzXklJ
YCdJT2AvTW1iS2RhXExaOEA3VEdQaHREPydZOnp6enohLlxAbDdmJW1VJ2JDTDZVJ3Q0Wi43ZS5Z
PCZmNVEhV1czI3p6YTlgZUdkXHRQMTIrZzYvYXA6OUUiQDNTJTVuSi0pOFlfRHM1O0VEQW9tb15A
SmZtbnA/QCcsUXp6ISEhIjwxIUNVUldSOXE7LlJUbE8nVzxqM2g5Q1FwI19GMClKZms9WyZZb3E6
OSJ1UT1DSzQ1OCxtNk1xVytgOmc6OS0zYlEmXWFhenp6UzQwWlNULldySyNaU2ZYPD0paS8qIUFQ
PSJAM1MlNi1vcTVHY2FVN3JRKGQ3KT5WI1BKS1A0MidiL2IuenohISEhT00sKTs1WmpQYzFTNSU8
LjQpNStSKzoqUUEjX0peWi5BTSRnLVFQajVsaGpkTCZFR2tiRE8kbTMqPDYnPnp6MCQnPjVTM1ww
J2pTcyowWHNYTCwrOipRQSNfR2YiXz1bcHM6c1VvZUlqU2JxWHNYMkx6eiEqa1NIQnEtbz49ZTYl
UWFwO1k7OTgiRG5KZms+Tis6KCNvSydOX3BUVXNdIWxOc15BenohISEiKE5fR0hoQkVJZ1dtK3Nw
MjpDbVhwJi1QOTEiSiZBQGxOcjA5U2QhXlp6eiEhISFPOS89UFU8Lj1bL0tnJjxObDBOYlImLVA5
MSJAM1MlNix1bEI0W0JZL1pmJC0yenohISdmR3EzQnRhSytzJiombVMzRCJAM1MlNW5GMGk9RyNp
Rkp0U1w9ZitTLGF6eiEldUcmKitvUUwmVDZdITNXISwsIkAzUyU1bkYvYmQnNDlpOkNtWyUvQF84
T3p6ISEkdExbU0YnXmIpPWgzcylvUmg1bkYvYiYtUDtHMGJbZWYmLVZZV1w9TlsjenohLHVMOVZL
InFWXTRnIVlMRUhrUys6KlFBa1g2JWc6Q21bJS9AXzhPenohISR0TD9KbWY2N1YwcHAsRnM2OSZW
OywySmZrPk4rUXVvN1hzWEwsSDU5YV16eiEhISMvMyg9QGhnTWMqP3EpZVA4K3A6MUMiQDNTJTYt
dWtLPllibjZvZG1WRXp6ISEhIjxFSEVbcmxjQi5ZJypMVDQiQDNTJTVwcWlSSEBkOTxCPk82RHp6
ISElUC1VWHBvSV02Uz9ZNW5GL2ImLVA5MUZRKlMvLU8+PE0oMGpXOHp6ISEnTWcjLFA1JDs8Uylz
RSc2SnUiQDNTJTVuSi50I2QsTlxKcEoyOzpCMUBwenpcMmBJNCE1N0gyKlgiYj8iQDNTJTYtdEgy
XD1PZktsPC8naCE8PCoieiEhISNXaVlbcVFJQSJeX2YrUzlRJi1QOTEiQDREdWktS3R0VytXcz4i
OThFJXohISEiTE1cRHVdQjZXc1NhcDtZOzo0c19xSmZrPk4rOigjP0snTl9wVFVsPj0nKiYiNHp6
L2wjcj02RWE2JyFgYTImNW5GL2ImLVA5MUZRKlMvLU8+PE0oMGpXOHp6ISEnTWcwbCIrJlVHP01J
T2o6XDMjWEsiKTVuRi9iJjlRLCFmK1M5UTRVXEQ/enohISEiKCo7dFsqIy1IO2JXLk89QUpmaz5O
KzoqUmwnMVsiKTVuTVBQaS1HRyl6eiE1UVMsWEFcO05sVV91VW0rW0AuIkAzUyU1bkYvYmElVUc4
NW5NUFBpLUdHKXp6ITVRUyxfTXA5YidhQ2NhPjNsKUpNQF1uViYtUDkxIkA6J3RFJzZKdWU/ZSha
IVdXMyN6ISEhIzdgQSlHKC9zK29HTzJhbkMjX0YwKUpmaz5OOilMaD8iQDVsMUsnTl5DenohIShW
QDU9MCk2V28vMlQrOipRQSNfRjJfYCI/Nk0mLVZZV1w9TlsjenohLSE/WzYjKGhAMTtfX1InLVJY
NSs6KlFBI19KKSlpLUt0dFcrV3M+Ijk4RSV6ISEhIkxsWFM/bSU9bmthaGJKaEkjX0YwKUpmaz1b
QXFLPl86aCIqWUw3RV9PIi11bSZBVFtXR108Qy49IVdXMyN6ISEhIzdvZUVHcnIhYmUrVC0rRGsr
OipRQSNXYmZjZkAoPlNNMD48bjJnIlUtU2BlVUZHSDcpRSJrT0NmenohIScwXy43ZG1zMzwrLkdq
P2g5Qzg6JFE5P0tuQGhxISVwLkZUMSwsKCNWSTZZYDcwNkNlKEJeKmVHTD9KZms+TnFCMzs+Tl9r
bDE7bF9UZU82cTVnZGkkdWdvamo1bXMmX2NiIjR1ISUia09DZnp6ISEnL3RVZGgtMldxOmlMXCU/
UGUqQSh0PiMnR0gmbCxXXXNJYCQ8Qj9LIik+XVM5UkldaCVWV3I0TjlvJzNuPEUiQDNTJTYnL1xh
WSw8S1ZtZm9KQWRDMlhNcWA5IyhBQylmbk5KRHE1al9cKDosKVBQVEA2QjsnQGNxM01kUiQqbk1F
XmBnLywnaWI6QjFAcHp6XDM/ZF8rVEBEInF1Km9SMiMtKDo0T0dlb2okcSM0VDo5bHMsb0xMTWo/
MyFQaE1dX0NeXDJFWVMkKlhAb25ONl9uI05ZWUgxJSlqN2xUa0lwI2ExbS8jLV1NMjMmKFpOclZI
VyJAM1MlNio7Y0tTclE0T2olLSN1QlVuVzZlZHJbM2NtaVBdVm9zPipPW0E0Vm8xW2UtSWdUOGlx
aDMuOCJQNDplenohIScwX0lWYU9yb0goMDUnM3VOMTBoO3M0QDtPMFNSRzYlTi8sUzkxTVNLJWMy
RUE9WVVxIWIraC8mLjRRQm1pQlo3OyVtcyxHWFlEUnIjXGFobC1Aai1mWWBsLjV1JiYtUDkxIkA1
MFhZLDxLTj8odEEyZT5WQkhOSDw2ZD07KkpTXFdjPm40LCMxXSk1X01FR3QmbVNOLFpcP0o1LW5j
OkIxQHB6elwzOjM7TkNnL2Q+WWhqO0hLJVBsY24jJj1gZkVeKm5AWkVzVDAnUSo5Nzp1LENOWGM0
N3UoSmtDKzFnOmdVWFhPM3BLTy5IcWQ7WWlKYGAoNlQpX2JTTGxHPC0sa1kmJmRwciYsa10xQ1Ux
UjBObyorXVRJby1hWzVuRi9iJkVIKXE0VWw5L08iaispP1ZfRXFsbGJwVDpmMmQ5Qi1oajpkJlJt
Tk5PNyVSZTBpKioiOThFJXohISEiTGxPdTBzVWNxVWRpLD0xYG9sT1k4WTc8NyInVHBpa21DO19t
SUsrWWxHJ2QrV0YsU15mREpzMyU0S3VTPD0nREcsPTg6SUhIXyxSMnFrNDc4KysjOXJpPFNzXEhE
MERUbWdkPVcyV1ghWVFeNChjRiZbNCNFVWdNRkI8OF1xRFcsPEw7LUxaVWhzJEkzNW5GL2ImLVA6
QiJrVjRSajJRUHFXJDljLEI3NU9dTiNMOSsoakcyTyNsO0U3PFUnWWdTLzxqXD9YYlwyZnFFQEhf
PVtwMnp6IS5hQkZSYCVYLlBdL2RWYU8yVTs5Vlx0b2YzTVtqcTJfdTw2VUg3IlZTXjMmczg5Uy1m
ciclI0YmZ1lnUSNaRVk3JVo7IUM/aFVuQnA3ZG9vWlYjaE1ybDxtRV5BaiFbSj1hUjxZSC8maFUi
TjdbRk5qWkFZZWQ/cm41clE6PTA3PyhjMlN0P1FCODgmLVA5MSJQRi1iVmgkOltzL0ZWS29FITdF
blxmK0tMLVNiNTQ3bFxyaG9JTExSYCt1Py5BRjVxTytxdWZYc1gyTHp6ISpsLWwzNm5INDBFcyNi
SDkpWTclYV85U1VTXmY/Rm1HIzU1Q1ZLbjs4TjAqNz4ySk1nQyFyT0IjXkJjLGJEXzRFcTBAbiNk
bzQ6PixQSHNHIldLVilFMC1obWQwPFdTPT9rVF85c0VUVzZgVE1DaG9kaiovXWc3clJAXlM3SiQu
KjUhXV9fNW5GL2IvaCs8JSJ0JTFaJ1cnMjpsTzBlTTs1OSFYRkchblhkQWkuVi5WRDgwJFdtLUNb
SjRMZjVKZCFxenohISVROG8pY3NkblVMK0RLXjdrKlBYXSgiKk9PamFiNzhGY108LnIiOENnYzRj
Lj9ZZz5vdSNvZUIhSlY5ciMnYlhiby0qQ3M+V04vJm1eJlZRaEFAVkcwaCJuR040OXMnOnRXZiVK
WCpnIidLQSw6Mk44TEo7OEoodTQoQSI5XyIlIkAzVEBVJ1whIyFRYDIhKzo4SUhFdF5cQyhda0cs
L21qS085KSpqUFVwJk49Yz9ERzkyPyV1bzQtdHRwV3NQcFZ6eiEhISNTIWtsVFxZPkdXY05NLiJV
SEEvT1c4QTR0bDxGVjhsTDpxcy5eJTdqOj0nY3EyRi4uKVorUFRUWjQjcT1FTTZDXHBPZCFnNVNV
RXVRaixbNW9MMy5VRSlMNTxwYHE4Iygwb2pjS2VIKmJkIkAzUyU1bkYxMFBpLWorSj4yaWYpN0BW
S0MhUVNHZy5mTUEhOiVLTihUdUtDalknTEs3UUI5YEBnX2VVbz06RzpTL2lBKCZtUzM0enohISdN
NEwoUiVRN1x0bitrc1VdbTcjSU5vLWghbEpSWW0iYTQkJmdnTVtSO3AvRmdzNSw6QUsiWDhWXWA1
UG8lPz5BNGY8Ql4sVEhrYixFaFZlJiM5SXIuZmBPPmEtMlFfK286PU5OPF5wJGtpaSJAM1MlNW5K
LTMiUDsqJidbSzh1O1A+ZCtsYXMzTmN1SkZMN0BYYTA+VTQ2VGQwSF0yYGY1JV9bKCdJVUYqXiNO
OzlmWjApW1dZcHp6ISEhI1MhaEVNU2czK2o0RjkrUiZkakFZL15VSileUmI7THAvaFNYT20kJExn
YzhQcywlQVxPcmVpNjhAMU05Yj5MQVBgRmlvbVZLJ2Jwb0ByJFFCdT5fQ3RARXFXTCMmLVA5MSJA
OCtsXD1ObTkxJkBtJFw6aXM4Xm8yOC8uZF5dXzlMMCJ1YTJuQzJuXmpQQ0k9RENPJyomIjR6ekRG
J048PTBHS0NtYGUpPVpkXSNxT2IjVHNdWSYoUFQsbDBORDIvVWRyOmteKls5I2RqKjM4XSoqazRA
KSpNP0wwKWhRU0VGKGFyanFUNlk+XT9GbC4/MkNfKiVKTjtgNE4hZ11cZ0ljOCs6KlFBYUFpQXA7
aCQrUyNoIUtuYFBdVHU+M3VAMTVhQi8zXlckVjdqQGlhUjo5QVxfUzFNVGxbPGJGIVRPJWZSJyom
IjR6ekRGJ04lXlFGZWpAdV82Pl1Oa3BUXShAS1BmUWpBMV1fK2I7Xz1HbTNOaUwwVlskdHVtUW5Y
aCtbMlkoYmxobkhWazBHSyRvQ15cVzkhZDJVXj8odC09J1gmOWdgYkplIkAzUyU1bk4pcUsnVERO
OSZgMlBZIzc6R0hgSl9GUS0tJTpEKTQxNjM0PVxaN1ssZVJnIkI0OCQoOGROcSowKFxgYj1oMWkt
R0cpenohNUwxQjxbcGdwIUo5MjhZLDtxIUg/RExMKk9qWT1gTm4zQDc+ODlKNHFWbCQvQTcuRThb
YmxuVSVBIWcrJE1NdChgLDZPVStmQihFKms4UigrRzUwWU9GRF88QE84Pj1MUyM5PHAtV2NaSl9r
Oml0ZTRFPUtYK1pKZms+Tis6KCJwXz1jPThFKCtRcUorXUIqVjpAMiwsPWBZMFhFZ3Q3XUxXPHA1
Izwsa2Q1WDNZaD5HRTgjLFRiQDxROEZScEojVGkhPDwqInohISEjVyg7c21vN1pDPFU+biM/NkVB
InVGPmgmQztxcWxuLFtBS2dyXFtoWEFjJiQpOTBFZUBsL1A0LmhWLDlXVVIxTUlLZTpcUTBQI2Ut
RkZPaD46RVZ0dVJkM2heS05SRys8KiMsTyhxJGlDVDFkNV1tST8iLXRSRWFtWjg1bjZlZixJNG46
N3JlVF1fZFZfJGgxRTItXEVOSTNYVlYzTDkzSzZpb0FWVVheOjdtO3R1R15RZ0lfXSMsVTVJWW0k
XENLJ1RDQyZvOXV0ZjxdckRwaUs8N1FLb3VPXCZvTmg/LT1LPzVpSVU5KF1WMlVYc1gyTHp6IThO
MDVhKU08QztVPTdgR0k/MkVkLDdPIiVQVlFyNDBIKiMtOHJrWzJWMlNTQXVvOE8wbihzKz8xc2VR
Y2drVGQpN10iYFJ1PiNZcihvXy1AbVBRQjssTWFaREZKNlttXGNcOT5CIWNVcEZzOlVVMy5AWF1i
TkpVOjxFN2ZGWWt0YVBhPDNha0tXM24xRUNAX1M0VGNVLmgyK0JpNU9zWUxFI18mJT4oN0ovWmhZ
LjJrOEc9QElYcEZJLTd0UjVSUjYsLlUzLipjb0Fdblh0RkcnSE9WXDxYUGBRUSJlQ2EsbGAiNktW
MWpMKWMvaWIoVlAjJ182NU1GQW5gQi1QIylzIWohdSpLXGlKTWAjTHRrPTk0VFBOX3p6aSJsNzVF
T206Iz9FOCVRSGM9QGk5O0A8MTBQOWRTMD1SMTRcKDAiRElKbWE0cjQqI1NKQldydDw0ZSZtMEs0
NClpczVWW108UyQlWmI+Mk03OWFXclR1O1dfbixAT288Vz9cT1Y3Iz9OJmU6Wiowb1pbYz1NKEZv
LyRsUmlYV2ZrWWptbCcnOCpQI1Y8aSZtb0ttQnAuXkBZPlBaLkhuNVxjPGkya3FJcypabCYuMTsk
M1BpOiEubkQxIilaVlNrZCNwIWhJKyMxJElNNm1wWCglM0wkRUg/JGw+PTtDTUlWYERIMyJuRFFg
cTdHXG1IN3Rra181NzZyZXBbUlRDIz4pLHRXM2ZTSFg1OFRhNVZCS0xdYW1jaG1hU1IiYFo0PjMw
c2w7JUUxYG9jLWFBXHM/OVMnXiUnaEFqSGNkV05kW0RDMzUqOGJrWjtFWzBVWTJecipcP14sMSRE
NVlubi1hYkc1J0lURyFHcTlgYSpkSnFOUHU8PWFiKixkRnE3bF4+aypvcCxyNC9JOlZNJ3AuMy0/
WWxkT1lBYmshNEZLQF44K05WKkZsYCI2S1VQMkA5TVc7XTpsViI5J3BgYXAwNSRQL1xVRWg9XCsm
N3E6KyhwQUwlXz1wVltURXQ1NHBcOz16eiEhISNTIVlcLVU0RC5WXTM7XkU2RjsuL0w0QDBeaj91
RGZJZkBlUEtTISZxYGtBIkxnZzMtLSYzWnJKNnB0U1QpWzhwQHUqUk5LcjxaKXFvXk1MMG1cb21Z
PjxZXV1AYV5yNmNkYT9Ma1IlTS5qV0QvTFItRXI5Zjgpc0VRPGIzNmcuJmNuJ25qMlBpQ3RzTW8l
ai43RUBdOjNGIiE8IjAzZVRSIT50ZllpP0MpbFNYRiZfTiN0N1hhPzlcNVFRaD1rJzorYSpPVUNw
byE9Ok4tZ1orXGU9KkYtJWJddClxQV5jNiliQy05WDslJ2hCZUIqcG0lPUJwK2FRN1dVQCpdaTVT
ZmFhS11lITM3OltEbVV1X0dxVCRiJSwpOE5sc1A5TmBRNSYsamciOyRRSTZScjprb3NuJC9kXWIw
NlVZQ15iYC4tKkNNKHJOWiVDI0tQdDokXEZtIVw9V085L246UClBaEdqRGpAK1dHJUorLWs0XEIx
YmZJbi1aW0U4VVdxLCxuVF0xZl8+PWA/TSl6eiEhKHBtcjVzJFUmU2YiNmg5XmY/a3I9dTgqPXNy
RkN0XkkiMlhXKS9ZSEtWWWssWDBzTWhVPzs8bWlDVCw7X0VBNSRYX05tRSJpRGNyc0BIcVYqWy5G
KFBmLGZmPyQkQDJidWVIaCRvdG8oKU1OX14uTnBRW0o/IVFMbiIrSD4yPiVfaWk7SjxPIi1PSS5K
RXBAQSxjY11ZJyNvOEUlSUFtVFAkU0FVJT5RP1tqLVBcZztncUklQEltK0xmRGZuVCFPTlQ4JVkz
aDhkUSYvc0hHW14wX0hiOUwzVkNdJzxTMWg4NT4xI2pxNypRRjEtYSRcZFZIOC1jWCU7dEF1Q1g6
ak0pakdpRChARGZVVyoxKSdDImRRWjxuXlEnWEhYRCVJS10+QzVSP0hbImRBai8mbDFKb2NtTFxn
JWB1Ylo/SVczS2ZWOClxPTpePj9SWENtVWBKSVpWSCRRW0BuRidTUF5bdSJzc1RQWm87J3FKZ0xh
L0BrYVxHUXVONWIhPCg4SmFfUlZbKSsyJj9HM11TTHNPVTIybXRvTk1ORVlMLXMvKCk/bilzaHFO
JlVaVTphTUQ4SCwscV1CI0MjKDhbXSYnXDRnTDdfcUUmLHUwRW0oPj4+XllxXCRqP1RHUVNMT0Yr
bzU8MS9NQyU3bW4jUTRfR1xnLSNFO1NPQj0jdC5JNkZYb2U9VyNBdCxwLWBPLl9VYCQuO0NJYSg5
WEI/Y15zMUZvZ0khVHAyZVFjU1hBdVVwU1QqSU9wWEBoV241cF4zSFlSVCgzZEJeazA0ZDpsZm4n
J2gmZmpuSTwpXFpbTk5YKyJQNlQwIiIhayUiaENBbk0yMyowTmBtOiVtQlJaaz4+XlxuPlZvXT0q
a0BtPS1GZldJenohISRzR2JUKDcmJG8jS2lGRjZgVitOO1ZoLTMmdFZnRF8oTm8oJGduR1ZqSGg9
TG1CVlVYNiVEUDBRKG8uYDBdQWpbbCxZV0A7V11db2VNdWclV0RSW0lfZ2FeN2RIMUhVZ18lbUlt
P0c3aXNYSylgPDAqNCQ+KjkjXWxldFhpYyhPWW9YdDxMMnUoYEdRJmgpUzh1YCpAQGksTENmZDRv
bCclMWg4TV9kPyQ9QVxxaihaNmM/ImtvQ21CdC4kZyptKWg6aj9yVTVRQkImTltDS3Q6LSdsXSdt
NSRaXmteblxeTl1kPWNpKj1JLm0lW2VUJiJBb2s5Wl82U0N0JWpaLXJHcDgnZFdkWy1JOjpBVyxn
L3A7OyUkXWxtWSM9bz9dOjspPidoQD9EbFtZUi9MPmA2T29acm10Yl84SC8obTFtZU1xSGpZPkpA
aUhGVzQ4JDFjX2hRa2FRTWVnXD9TayJAWnI3PWdJUzc2WzIzL1lJOWY7RFQuUDolY25HN0pqazMo
Sl45MmpkTVJaKUVrTyUxUC5aaV9DdStKKjBBXFMkVkFHbXNcbkpTWlBxS0ljdWUnL0IlYWI4OXAp
b2dGdXVAYCJNTmUhSkdoZWxsPyopX2NXMUlAQS9YaVlmcFJRb1dDXUdKayp1QUNMTytfRmEoIlpZ
XDViMksiNkFGMEoxJ1owXFJhNCcrTEkhTl0+LmI6ZlA8VDZUTUBcOVcvXklVOTZgOlokWExDdSFf
Izo1ZCQqPlliWVZdMEVhdEorK00iNFtDSElpLU9bYCtwP3EpTz1FUGtFUm0pIj84MlI0JG5oLV8y
STxGPiMtKS5eQzFnJlUrVTcpaTs1KFJMWUNjJ0h6eiEhISMuXnMkZkcsRihScyE+aTpEJGs5Zj9s
Ml1rI151WSs1WGppJm9jL3NuZmQlKzg6KyJOMG9IWWZlb2Ntc0wlXlxPbjNZMFIlPD0pMGlZM1ko
VU45MEBYNXJTMSRDXztjP1gwRGFoM2YnOF5USypNY0txcS5UMmwzSiheUGhVP0g5aygvRDJFb2Qy
ajRbPD8wKXRUb01dNCROR1s/ZCMrQnBVMzhNYzc8cjdvR0tWLGNjRklVVS4oME1kXlhsMmw/bjRD
c0NYYz10cSNmNSRdZl1gIi9Hb2kxTUJwTzI7aXBBNFgsVz10Pz42IkVKIiRBQy5WQEgtTksqPyE3
MD4xLVMjMmQxPTExY0gzMjJqXWdXU1sxcSdpPFxEUHIuImFJWGVwajBEOzgyWDZXKEVyO3JOO1ls
S1huWzJCR0ZOLUMuRGEjLkBRVDMmPzBzZk4pJ2gyPkdxXG9BPWRFS0gkUj1KQFY2bUguWiEwR0Aj
XCROPUB1LjtZbmdUWUxNa2QrS15vb2RUcmVzZTQ9PlNmUEVwQWxfdSVHTzU3LmxrQD9DQ2FDJlou
VSJRcEReTWYkQzhOUV9XUUQ4JjI3aDAmZ25mRCZgZjNhRHQ6S1htL0okKDAkQyliM2k+XXFoMlhp
PnFvKVdAdCZkck1cKkVVVmNIaW83aW4pM0wtJ1phSypJPl9RUkREKC4rUzo+MiktMDZdUW4nT2I7
aENeRC0lMG1ldC5cZU5mO2YnVHErPW9rXipaTkNGXCNoMTwiXlxmKT5sWGFpaUtCaWhxInRbOVVx
QTpNJUpQdFEiZkNlV1BtL0xSc3Fja0NyJlc8JFdRRkBNXVduJHIyPEsoXkhiRVc3XycqJiI0enpt
UiE6MUB0YTE0XDxeSV8rIy5aX1kkNWRZZ2ZJbEFSZ1siKy86UWgtSCdTa3VfQUspLz9TcWUlcVFA
T3BNUkNnYVI8QENNVkQwOzlqa1BZLzVDMyZbOlUrXmwqP0EsYTRcSFksMFpgQ0VZYj49VS9OOFA9
YidzLDpTbTUmWVFzMyY4MztMRjQjPGBaWWNKTF1xcDw7T2JeKlQnQ3JgZjVmZV5BKldcY0FAaTti
dFxhbGsqdUZtTHRYLVhCXik0REJiIylCbTIxOCZjRjlZbSpqczReVT1rNy1NPCsvNz5pKGwuY11x
WWtzYTk7NzoxT0lyO0YrbCUxUFooUlgnNmEnUVpESEM5QXFkLmE0KjczVFsnLGEjNmdEM2d1T2wq
aGkwQElKJCYhMmRbO0txUVksam1eVmguTVwvTFRUU3FXT2J1S05UMVNjOCMtOG9LOSNPYlpHIkgw
SCc4a19kaXBqdDJuKVY0dWMwdSwvT2BtaFg7U2VEWGU+Wy9pKU5gRF5AUnNQI2o2NmBpOipoN2hT
SSpxYmReXG9ZI11eVzcnQzo+Ukk4KUFPQXMyZVBCPXIjNWdWLDpiZFlbMzhnN25ZWFw8b0tzS0xf
XlJIbiY9SSdkWS8yUiwqXzk+LyxmMVVubCJeKjVJMiNPcj4ib1wqXWJRX0dyUj5HQlhzXVtsLXRt
QTNbNVdJVmRnbmg8OVxWYF8uR04uSShrSC8yNT1NbyRbI19QZFkyN15ybl1laicmbVVEKDRGLjsi
Q1dfak00LT91LWwiP0sjJVlRImhDU1gkVnBccSRnQUM+Z1oxWTU3TVVDbWlkNlVxJG4mXWs5aVM1
ZSVoMEpCZjglJXBNZDFeUmFoMCpsNm5lRHM2TWgjbWkwKVlYck1VMm9LYlw5QXRgbj1NPmktTCFK
IT1RJy5ePCJlPVgwQGBjY01GXXQoSkdfaElAckAzZnB1ZSpaKTpJYT8vLCRfJDQ4UCY8QSVfbkYo
TjJcIjk4RSV6ISEhIkxdOl42IzZFYTYpIXU4bXRKJVNDV29TbzsjLkhjaEs0J0doM1NYayYwXUcq
NUVSYHFcKj04Sj8pTmxwJk1PSVxeUFNYbm8nJVtLbDFxU0JYK25RMCdFLzc3RFgmanFIMUZrYi9y
JyZxL2BbQmNfSztbOnU8aipJalVNcHFiQz1bL1xsKW9oOVhrIjtsWl06W3MwNlRyL3RwOTJGLTw7
YiFCbSIiKktBV2YyMms4Y3JHbDI4NVMsNk9FLjk+ajwuKk5Gc2QxMUFPTjRdKlVfbiVJSWpSJGwz
QTQqVCYuQlw3dVk+aSYrLExwJlc3JnRiRl5ZN0A1cUNoN25PJzBXMXFcVT8hSy0qOTQ2M11MbmFA
ZyctYl5tX2FtYjAtVk8vLGVTLUxsI1dwLGpLdTlac0hYLVkoKVQ7VC5ZPF1kbmJqVltHdVE/PC8x
OXJgQFtILVNWKVxSMTUnMUAjUU9VKGcubXFgOHQqU3RsVTQnLjBPXks9aUhkTzstKFdIXmdtPGIj
aVRIaCojPydcSUdMUGQoIm8mcClCVVQ4OWBRP2I1PHU2ITlQLyNcYCZGN0cyLWArNEFiWFBcUCpw
MD5mYCs2JEtYOVs9Xy86PFYnUig9TyxTNW4jKlcvY2hgK2tJQTElQkE/NGxBSTRYSkNNYE9FUitF
XGcvbUxdQ3BeWG9HTjokO2AuRU0zPTgwaStmcy1RMFouZTUwRSc0NCV6eiE4b0pfLk1QQFNnKDxL
L10+VyhEUEtyJklEU14mYTVCdE11KENcSSFwWzNoREBxOFVMPyU+YDNqUkw0SEooSy9FWWsxTWZc
Wy9WTz49ZTFaYTBJVllcLFpETkFUYkQ6Zz9oSjJmM1clJ2E7b2NfbUg6Kj9bZVdfUVpGLVxecVA8
QS5TZnFWdT51K1goXEJoQlUldXJPbVotJVNfQzdZQkRuSjEwZW5GYyhDVkBtN0cvWFlRJDs9ZG1F
NjJwTzJZOUArMDApPUs3YCE1OWJwJ0FAW0lJSTcqIT5LQDVcdDRlbnBsJXM/aC1pZ2tMVStRQGlw
akUrbDViMnVDKVw4QDpsYTtNRUQ4bFU2NDdNQ20oMy0yaiFhOXBdZmNpbkVSJVt1VkVRTSckcTle
XGhrbztBM3FeKGIuOCYpPk1GUk8nImthRExPRXA8K1hTX0lFU2lLZUFsRCFJdDQsblVdJEA/blAy
ZVV1ZzJcIidyUEdfP2NXTF9dUTU6QFNaVVQoNl5aVk84KTdnYGg2cURZUllyRmxNR3IxMSdELTBF
P1BIYC0nOUNhcHRVVF4uRmZGPTc/Y1xoKlVHOCZUSyVcdDVqLVAjZSxbQU1mNHQqNnVjJVxhOD5G
aUJxOz4sYkQ4LS1zZ1ZVT3VsUGlOOGcodCZNJ0EiYmdWMlI+RyUqaDNKJz8mU3VCbk1wM0NWIzkp
ZUwzcEU/Z1ttOzctcks8cSFZcDo8aSwrOixVT11ySU9mbSIwbDJjRyJbLFkwYGw0RTJCV2UqUFtT
TmoqTnNDPm9LaCdpbF1gblYrSlloIk51L2Y3OzoyU3ImN3I/UlBwIWtUJnVmT2Y8M2tHOFxhO29L
PkNjR0dPPVI+aWcxPzZbTFVLKUModCk3KEZyRVRmMlpXI01jQjkzYzloOzo4IkhjYTY4TjwtRGpA
RHJAVnMuLDNuLyZHSFBfMFRxKzBgSG1eP1dDZ0BeXFVjV10jNTlvVXVpJEJpdVZVXnRoaDpIcGFz
KSdONS9xWCZUPFVZPTJeNlM2KkNgZC5TaDpVR19RIi9PPkszJWFDUXI5RE5Qak9vMEYiRUlxZXAh
YWRIQ1lAJVQrR0pLT2hjMEldL05DYSZSdTRRJVBvPDxXKCsoY0xWNyJTakFoR1VEU2NBYGp6ekUj
MnVqPiU9NUpUUVU2XjdIYy1LZ3QrKEBYPkEkIWhKPio+WCVeTyhmM0RgKFhkLUY7RlQxLG9kak5g
b0RzcUxYMUo7RTZTWFhkJV11Q1pMRTo3NGwvIWEuZkRKUUdaUVl0L1I8TCd1a2hDcWImOkl0Lk5e
VVQhaCVYZG43QjcidHFFdF4oOGpRZVw1PSNZcjwtYltZZUIlRzFaUHRNZFYwOTBETkxjdCJyb25v
OCUrXnNLPEtPcCgwPFxCPCEyRyRHL2AjXyhyOS1RY1QyMnIrMmc0IWMuOFI2JjxlLGNncUI5VFZD
Z2BTTF9oYExqcFZEQVB1WT80RVspTSFPXS5iRS5ZP2FIMj0hdEQsSDsySnFlQlc3cEE+JClGWyhX
KC9eX10pUE5iPjZyaFczUlcvZFlrUFMqJVQ4XENkWiY1cEM4NGRsbjNCS1hDOyVlODBRU2BJNVoj
MUBbPVo3ayRkMTIqbUUhajJkR1AvPD8yYElqMztXLmNIYU1RaXMxWzQ3W0VAc2BZQ0BsUl4lazRg
NnMjKlxbX2dnb2pmKSZoOVMyMFQkLF5YNmxUW2xJQCVIMDdvTkBDYjphJ0BTLkkrNlRfLWREW2Fp
ciRhJk9OOCpzVS81QFdsYkNQPUVBRDtebSooa0tUXUdPZyY6ZGdrKik8WzBrZXQxTyZANmApIyU8
WjkoZGBqWVhwbCkvK10tKSpRaDNVSzkhVHJfTWhjRlJRQylVTD1nYWRlKXRsY2BbPnIxVChSMTVk
LTAuUyk4QV5YcEguKElQZmcyW150Wi46JkwwLiQtU1teTUBoWkEsZHJcU0dCI1ZNbkVIWF1rY2ZH
TS9TQ2taVzM7YzhCNlw0RVpjPWgyM11eQUxeOFs9SzklKWYlI2tSXF1uWG0oMDlsImxvbUVRX2c6
J0xGRjJCWyVnMyhvYW9DLFhxb2UuPjZPL21jPUdHL19tczNPQGUralNMbFJfLmhDXFppTD1yR19I
VnJUMj4nOWtBTlRSQ3NlXFUnLClCSkIvXUZhWWgyaztIQVc1PS1GSSFPWWFoOG01TlFEazs/bl50
cFEjL0JUUl4uKiJQV2dNXj9mYD0xPW9JdUtEM1BSW1s+Q2BNcD5OPyleREx0b0xtLUBaKkdqYXJH
ayYoWSU/YHBhYlNTSjNbUUVwMXJkSy1vXGIlaU5hTitOL1QhJzBiOlIzY0RWYz9PWyZoKC8uND1Z
WFRoRkMzLz4uUFdZWixyXEZETSozO20zSmRMYnFfZlpiRT0xI0dKUCZjTUwzYWZTPkQoViw4Mmls
c1RJRzYpP0AtOS9OcTtwRTZ1O3p6ISEhIjwoUXVndGQ+Y0tZW3FiSFJUI1tcRUk+MCVURkMldCNh
X1dsJXJxYzZbJGRRLy4oOS1tRSpkdUpEayojL0RBY2Q2Ml5ESyVWW2JxMD9OPytGNWopcCw1MU0s
Pi1JVk1mWyIvY1YuK0ZbTU5NcEprNTxIYmFWXEBDal1JUDVzQ1hkNFNFKXR0KXNrTjU2LSo7Xjhl
VjY9JVg7R2tpJ1t0aUk6PVd0Ol5Ra2E2TmEuRFBNNDxrNy5uVmdbL1k7Jjg2ZTVDOkohbHVwJClG
XzA+PTM0NiY6a1k8ck1vPm5JT20sOU5fLT4oKkdNUl8rLFFDalYpRHAnMDxebFBQNSYvZmQ6Rkkx
Jl1KOFs4WEc1NTQ1SW1YKSduPmdUXCdPNmtXcyJvVVB0YVUpNTduaUJhbjwkRUpHLSInTU4iJmRk
OnJkP0srcmFeb1U+UDdpUSxrWUZjaG0tJT5PMzU2ImRkI0w9LyZvPy8vaVZeS3JbVCVNRVYrSyZc
QkFtUThBc25tP2FvW1c4K3NcPVFlSC82OTs3UGlFNmtxNTpkMVsoMyFCZFwqQSZLX0NrT0xzTzJc
O0AqZmtHTWZ1Y0csTkk0PUFbQUtCNldGdG5NSSJUUUxRYWxPIVxBWlYmKjoiOEYrdThSLEdlI1wr
ZUVTPi5eWkhZUUYwOnJgUVoyR1dOb1VfbCVlb0Vuc10yJFlfNEYmYmcsazAyJms6NkpnRVQ8NFdI
RVs7QClzLltrUmdwYDAobSIkLyppNFolZ3FhO1FdXzdoYG1xRTFHNSJAQk1WKmRiXCYzVSxAXjVJ
LmtRMzMzQkJMYz9Scj4/ITxdREFbRl1XUEVlVFwqU0MhR0NaamRLJC1TW1IvWSdsUGZAY0hub0NQ
U2VybjxbRDE+dVxkaC9dOGpWKyc/UCIrNGNmWGtVQ11sK2hjJUw9UmtYLEREPV5SPmZXKF0pN0dJ
P3QjOXRHTC4+Kjc/VDoqWllPXHVEbEJUKENeS1JIS0RYUFVmM3VLV0lYMFZkVmklTS9cV2BUX2k1
KjkrNTdaV2xZMmdANCdTPj9xQ1Z0U01xcVxxV103OUJLRTNIbDg7IihRYl5vbDVTajtFXmMnLmcx
ZW0zKkFQMTs/dCE+dSxqPi5pS1tUL1VPKDk3X0JNSk9PUydMcU8/TVNrRk5tK1ZbKGZlTkYiWGpg
SnJJIUw+QkpwYmZcWy1qLihFRlBZXVZKaThdbV5RcWRKUGY7NT10RmlRZTBsTmpZaz81OTU4KTc8
KTM3Y2deaVdWbiMxWCM0UlRNOWJHLThILE1hVUorXmhTSzNbR2ZlUi5KMjpdTC9qRSgvZ0YnNj9Q
Ijk4RSV6ISEhIkxdM3EpR2wxa1prbSdhQC9EXzQ6RzZmR3E8bV5WaVlcbTs7dGNIY0ExXVUsak1N
PTpMRVxyRyJdLyxKPEVtMHNMWzgoM0whMCVdXW85OCYpWU9qYlhXYSRlJVhhYTxRJ0xOdCZtIT40
P15CNUxjLlw5Ry5CXTpTNkJaOU5qLV45LzlEOT1zYCpLM1M+QD8+UG5TWVxXcDY9bmdnP3JTW1dP
MUchK2hYSjdwKG5WbFNocC1pPjxhbyFNKSJuZmFrYlJEW3FTWGpAVlZpISRnXFBHPiZTImNmXjsm
ZjtRQV9IMmpGJDhhaF1PVS1LaFk1cDpgViksKShbbFkzLkBuPWdjczlFaioqO3BXYTVWcShPdDk0
Ukd1MkpAX2gnZ1NZNyhmYF1eTUYnZ01nakBfJlFNZyZoRyQ1W0FKXGhTY1QsVUhFc1BpW3JrQCds
LSI1S2hPNCxuaC0+LUEoJSxtbUFQXUhWNSs+TDklRy1JVkE/OSZNYlhvW0o8R2dkK0tVJ2EhJUpJ
SShDXjtETFZkJFsmQlJRTyYmMmVsLnAtVGNJZTg5c04kLTI6REM8Ri1mP0AiPjxwLlgwX2dxYmE0
SzBTbnVBTj5mNjlPZj09aFJmV1tZTG5lX2wxcmdKWTduNHUkKUhDKUtASS50aiE8bFo8QjIhP1Uy
dUlGbiRvS0M3dUQsRypfSyR1P2FIM1RgW1dAWVx0Nio3KSlaSWJDXSZWSGpPSFMySEBHSS5gbmJq
ZVdrcnJHUlN1OF5pQUNQUUQmVy03OFJIbGJnVilIWXBIP2hlUyRoNGhgJXRJVVJjJCNUQl9tWUEt
YGdRJlpXQi4kbXM1Vk1abHEpYGZySnBeR21bUi5wbzltLipGST1oUkozaXQpaigkViMkXkM2RGsz
PT5ER3Eyai1oQWJuOFtRRUBGJXVRK1osQmYxISc3PCo+Z1gxIV03KmN1b1FEJSNUbD1aQlAoaFIi
Z240Sz1VWjIhLEhoMCNcXGctTmxvcWpHZ0JMaDNFUFs1JkJAJiRAaV5ONFBvU1RlJnVfSVRSPjVk
Qi0oWFFSOWBuZGc+RGVML3NJQCtULS8oK08uTz4jZEVrZitYYyZOK0w0M3EuSlFqUTdoPnM2RzJx
VzhxNlopYG9RIStdZSRtLGh0PGNUaS9NVSpBM111Ny9PQiQ+MDBNajE+b2lUJTlwcGFMSC9hYlUu
ajc2QGI2WThLP0JyPT8wLjlPRXBNYDgtSDRBYkQtXFtKXiMsbjI3J2YrJWVKYG4mODVzYixcIVM6
NlxLJ05eQ3p6ISElNiU9LG8nZC9YQGNvU3JRSHRIJFE0QUZGQChyQDpyKSNoTV1fIWNDJk5HLyoq
aVw/ZmxcIkJQcywhZk0rRE5QdVMhWyZYazJFNiswSnVYc15ZZk89J0FHUnFtNjlsdEM2bVNpK3Ve
PnUsUkBpcFhUPXBSMUNiUzdBJGwsXmZDNktHQC51RCU6c2c1JjYzSyZhaGZgM1xtR20iKHBBPURc
JWhPLFpcciEwUUs+KFdIMHNdLF0xbEFHUTBhVHBAUmxbNzoxSGRTZ1xMOF1Qc0tPSzY7LnVKa0Ve
TzM6YDNBU3Ryb2dMc2sxME00P0QvPW91Imc9UVhwNUk5UjZCS1NEMmpBb1dJOllKMCMxXFhxSDRe
QD02U0YhUDhfUlt0byVeQWttcW8uNilnSEpSLSI6dCtrMGhnO2djNDE3KCs3XDtOXmYkUFheWmUy
KjQtKCxXZVxnI0kqOlheXTcuWWcoRV5kZkorXHBTaSZecklPUz46KG4qJ15lKnFmMkxfREk+L2tl
OkY1b1kiZVM5S1NUZmwhYUxsX2ZELFouQTsvTSknS1BgMl1pQSwyNzBVa0puYmkvMiIoPiJgVFFo
U3IiNFU3bk9bcE5cW1ZuNmZRcW9eV1JnK2ksVidtPCpIOj5vXCQ0MGtdcV1dXGw1VCJfa0AidT9N
RWAxY0tHT0Y7KShUPUcmRzRjLidtYFk7V2VaWCJRXVN0dERCPTUpcylVOENbKjViOitFM2JGITBX
UnBwNENuZyJNa1ZfMVU1UEYmRlxYa1dNST1OOSRbaEZROWpfck1NQD8yVVZOV2RySXp6ISEhI2VK
ci9PKSFXcm4jbVE1ZEJFTWZzS1hAdWpRaVBWNVJtOShDWjdub09ibGRPY0JnZUReaFkqTTVcOVk5
Q1U2XWJMN2tKYWA1IlNmcFpSM2dEbydBPD9WUDxIRklvXWdzdGYzV2tSMHFrcV1lUDA9RlhdOEFo
cFlNSUdHImtuNFUlSiMyJ2hjIWdBQ1JtUUhLJyI1VWdBN2ZrJ2QhanM1OD1xaDZLN286VlVzbmVj
WTUwM0tIP0ReTSYoR3JBaUBWOzo/bS9KK25xYT1EJEtvLWBua2NqMEoqZjpNXnNqLlc0My04JHJe
MC9qPEU6aFRJUTEqU0FcST4+W1tyMTFLNkY8a2xrMjAyKl84SzRDYzZIVllnJkk2SGdIU2M8WGpt
Z2A2dS1Qaz5QO2coQ3NQXDo1Oi9oSk9Ob2JUPkhvZjUlNjBWOmdQKzw1b1hHITFRVkdqYDBBUUou
UjZpU0IpRT9dVWE2PkJXRmw0X1w2Y0RMLFEsMilPW0ZjJEFYZlJHWWcxPnUpQEJgQjxWLms9Xjol
VGZPWiQ0QDcwYWhcTFw3TT4wa01JbkcxYjApcj1cVjxPLW9dLjg4Qi9XcmlWbyQpWltoL3BRaz0n
cjUkZFg4PlhaYFdQTWo2MVRqbCRrWlU0b0xEcVo2LmplbF9qQXRlIzRCaV8rY1pkX2dSOixdJmZn
I1NORXIjcG1Uc0RmJilcaWNqJWxON2tKN3AuRClhXFkoZDdJcnE5Ij06IlNSQ3JicT1sayoiYFs6
SGgoZiVkUSs/XzEuLUAtZGNUcTZccj1oMWhLLF0/WUljbzh0RWwmNUZTYCZnK2ktaWprMS8tT1Nj
dGsqSz8mRUc7SVonbV82I0NyUzNjXGZ1NV46JjA5IlQ7TEA/PiVxbWhxTlEmP1JwbytcamNKO0kp
L1woRz5UO2RtSTNRLmsna2p0dERbcFFiIj9Xcm8nbU9oXEhXKSUyPEEmUXVfYzhlaSIzUlNgOm1X
cj5iKnJSTWRbJGwrcltBL0E/OSVpImdlYidYRTRZNXVkUyckM1tbSSFZRmAmI2gmNWxXQC0ibEhI
bmIxPzVSXWcvSkpyOz4kKFE1OF9OSGlPJHRSVTduc1huTHE1MGpJTTlsVXFjPztpY2dDKG5WTWZx
TUk8NkZGakdmNWtdXFtBKyteVjFGPitEIzVzKFUkLTlzdVYwMmNeRiVzTEQiOThFJXohISEiTF1D
NW1CImZxRnFyKXRDRWdgTWppKW9jSUVJOTEmY0hZNlI7WTE6IU5OI3VvK2EkXSVZKkFxP0xpVWg2
RlBQdElLckBfVTRAWTddbSRyVFNqKmhSYDhccVdBW1YmUWVsZW4vYyRtalEpLj91YWtGb2JCQFNF
VU4lOkMscE9DXFs4YUFZS2JmXS9xaThCXkE6YEI5MVpnPVs7Z2poanI4PSRIRDI3MkhPbmxSRVFL
I2ZocWQiRyYoMnNCNGY0bm1IWHUkW0xNaDRYXDpwaTsjQG4jMjMpNltKbF4jdSYwP0slNi5TTz5B
OEdzOFBRWCtFMy0xL2RtT3M7RScpdHQpJyYpVU8rMUBMcGEtVl1NK1o2NCZENEFrYXNSK1drP2Vl
JTE+SSxWM2tSOFtuXEBQLVdIWSleJmEjNFVdRXFKNWsmbDxjVChwYC4nR1dJQjJAcmJKXmtXTlM2
J3AkQCE2US02bytZJDtgYGIiNmNWIUUqXV00SzUpW1giJmhKJU9FSVNuV1VKa2xSQyVuODZyNzcx
LjclI0BtUFFaQVMnJEdRUiYsTUFrUFFdQSxdZl5FUkQhTE8hXWNiajglTEFWc2lwLTRlTSs6TW8u
Y1xBRFVpWClHKnNmOj9Ia3NodEs4NUNxJWBtVy8vYCduRmcoJlAnUlM6MSlcJU80LjtWJDAwRzpy
NzszXj4/XSlTYWM8cypkLWhbPU9KcEhlcm9nTyImQTkySFY5NnA/TC9jVyZDMCEwKSpTYTM4VW5K
L0RtMipVbHRsJkdUNmQ0OWdUT2FhMl8/c0JJTGkzIkhhRGNabDM/ZGNvYzopdUs1N2Y7NkwwbHBz
M0U/YFsma0dbXi1WWCcpKEMlTSc3PmMtTksjSWVSV1FFNl87XjdNV1U2Ll1aZikoNkRNZylDdE1w
WzJsTi4/OXVbL2FORTVCWDBKXmhfLmBBbDUtRjJQV2cib1Q2SV9jYipSTVU+bVBwQClAc0hQaFVH
Xzc6JFdXOitiJU8iXUJQVCxPTmRBY05TLnBXRFgvIjxqbWU4a2BRWG9WX1xdLTdtLShCQjhXRldI
OSIkIz1sP18xKE0/P0s5UUVqQTlPP1QmYWE7aSZvKEptQlwoJFdCOEZabiwsbCRpdXUidUtTITVX
MEFsNypWKWs2VCIyLSllY2IwLyguQ0FFJzZMaTA9W1UiPGgqM2VmPFZUODpBVF0rJkFnbnNlOCNl
cjVVVXJVTkZoLT8mWyQ3KFBGLjQrI0w7MzBMcjgucCtMbiFDenohISRzU2JUJUdjLVs5I3UmYm8j
RmomKyVuWy5fZWpRQm9oSWYhTG9iMWxXTWktZUQ6STpaVVUsLHNRaXNuVF1qYzhCXTBIP1tGWT1m
cU9qNDouaS5bYF5AbCZBWjZfY0dPQSM4aUVEJDBJSj9KcVdSa0t1LW4zT2E+dSxgITQ7VGVkPHBb
SXQuNl1lQm10XzlbOHEtViZJKC1NXC1NKmg6MTw1X0tmK1wwTDVFdDJPPmdaaDkvVSxaUmxzVmhr
LmFUXG8lSzNjL0tfcCM2Yyg/TC1ZamV0cFI2dEpfWz4mXDczWW9URkwocTwhPGRSbVwnZERiZk1o
NyJZbGAhJnU5L29TXm1UYlZMW0AsPXM+WnQ9J1A5Wyo8XDxzaltxJks1TigtOGE4Yl9WXlRrakY1
cFNYaFVBI1BSNUxgYk9TMUVJdV8vYGtNSmU5ZGMpTVE1UW9RRUJPY2lVcmVZVig8cz1qWCheR2ks
VylvNVgvZ291V1pyYkRiT243VCQvbWl1S2hiOTA3SDBeY2otTUJVKGRFYlgucS4saktdUyxdJDRn
NVdUOTE6PDRddXNzYiFhaiVuNms1bi8pbG1JVSlqYTtvZUhgTic6KDsuU01SbFUoRz4pRlJIb1xy
Nyw+SDtcUyRTPmRvWUYhUDpMdDElJVo5cE1IMDttQnNgbldqLDFpaG5xSDZ1cWEwRixnMyo5RWBY
cy1TKFpzSUxxU2IlVlFgdExFX1RIRzBvQi9bLVVUTmpdVjYjbj5VSiRXNzMmXVJEUDdHR0o1QmpQ
TF07alxMJmlqTlQvRWI/cD51LSNmVG9QUiJXVSxdNj5YNDhQcSh0WzQkNEBBXnExaSEmayt1JlBw
Ok06YD8uVGJJYEg0TyoqbmgpRScmS19yJUE/X0liL20rLkQnby1iZSNJJ2c7ZzpgKCYmak5bOls5
ZmoxaHU8T3BkT2RRMCMqJydSIlRcSm51WEhePzowbiQ9WEBCTG5bRGpxOilfR0pTXkw6ZiNxKT1Z
U0dJcS1BI0AkNDhFUDZAPU0lJjJEVVs7WUhlUEhZcT4nXERmdHVDPzojNnBRQjlvW1NYVl1TJlQ+
WE4vaDJoRGdKajpGQV9UN1s/MFVGdWBBQkUzWlhzXj8vVTEiclxlQnIlLG9XTCs4QksiOEc7Xj8o
NWRPXzBgUT9eRGlCZi8vY1NmZWk5TzorVlVLYT1oL1JBLik9UUtyN0pGMiI3VikjWGBKXyY5ZVRA
XlJdITdNMkJCMycuLT1fbyw4WUc1dEolaExYVTIhV1czI3ohISEjN05TImpUP2pMO1BxQk9zRjNa
YzhQVCU4IT8ydHU2VmRPWThpaiRtVHVIcT0rYGRkajFuSDJJVThyZzNaPV5XUVFOPyJTQCs4cS1P
Zm5hcENvQCRCRVFaZmVaUGUvUFFtaDRFXD5ZLEJSai5bKVQ5blUtV3E3JlhVbDxKPkRJTnJRX3VH
IjdGN0tZM1hZJS1AP05INHAnYGs7Pz11bipZWD47XC0idE1nM2smKi00VypFNTpjJlcqUW1oUGR0
W0tcKmRJZV4/MFYoaF88QkpIamNXOF07aV9qQU5oUkByM1AlJEYnK2tMKzN1L2JpbXA5QEdoOC5I
UERALl5rLjgxUURTRyhLQXFudENIOGs1Z2xePzRwMm9jKWM8bE5pQ2wyWWdnW1Q2SEdJSVMwb24y
QUQ1SDVFM0NiOzxnIXFyJ1M9WCImOE4kLU8qQmA9OV81NGZRbThPSmJgNC86MlAnb3U1MEIlPl5C
MjxcLi1PQV5ubV1GKE5yOjI4X0NHOSt0SThdPGlTPjZqJkteU0MlL2ZwcS9ILmBQb14rWzYmVFpD
X2JQVjxsZipBUTo/PTVyYSlrcVdWYj85cm5dMU5QS0tNQGhvXXMjUyxcXV9FZ2M2TUhCOmw5W3FI
aS1Lc0VwbU8uOCRaUW1FcHEtTS9pMC9Tazx1JUQwNjloOWsvRkFkPiYvbS9RISxuX0wuQ1BOW3Jk
S2s0WG9DLGdOWVpGWTpoKCUsNlQuVlA7ZzJOOXA8XUw9ci1gNC9bR0lqTixxLDFmYmRQKV8zTz8p
NFUqMCZzKWw9bVBPNVJQQkw3bXI1NmpxUT9hIWgnXVNbRy5GM102R25SPyoqbWxlMEQvYCgiNytd
VkNQRC1kLHBgYSclUEYjMj5tVUJNMG4tTF5pMCMxc1FZKC9HWSxBVlAnXTdhPGdiWEgvQCViaCE9
cSQmNTIhYCw8Uz8xITZTR1Aobjt0Nz9TbSgyOkpsKzBVWCg7MElTWm0tdSJiX0JsPSdfZ3M/VSxm
c2RyM0loS2gjaDBfQGQ3X0VHJSJMIUVhKExVb0E3KlVrRTxCST05NlwyUEIzQEQ+WzFJVXM3cEZc
Qj1XMShVPTpoPnIlVkVWV2wvPFNmK1szXFAoIkAlbGNFMHNOVmYsLCUiV3RVOTVWQ1EoRlhHWiU+
RHVyJmo7J1dBYVldTWZqVzREb2BQNnB6eko9QCtKOnA9MSY+LkMvYTpHTEpNPyMpS2lSLVZqa0tm
YW9KXmM0WkVHaW0vJ11LSCIibic5NShOWGg0Y1hjXGVEcG5OdDhgXTguK1w4QUNIY00kdEEiZkwl
XjJVI3JtUSM1ZE0tZnBWRFNFYkUwU15sUkwnbW9lKVckWlFVcG4jYCdlP0lBLkohIm1BXjNCUm8q
ITFiLU4wMVpCS01dIXU+Kms8YUJzIkNtUW5ZQ3VPM1ZrSzUsUV5uVTMhTSEtQ1g8XTpzNTBNRGc6
Py0kK0BDOSZscFdLPXVGcUlXVmhncSheQVRVQCJvNzREZUArW2IsSG8xQFU/blksOE5iTTkyLS1A
RFZfcCNSRiMsOWUlTCoyUjsjV15dR0IvKDAlWCM8RW4/S3RYYm1sXVAmMzlwQSInYVs0YSMiTFpD
WzVqU2VAPkIlZUskTWMnaUxQVnJsdUo8XVxdVTslPC1oMzRSTXVIRDZCRFZiWWI7PWZrRmhrXik1
ZU1MQjVgJUxVQk1nNVheamRZYSVpTjJzTFxrY0xYXFZiOFw9LTliMjklIzRZKmBRVU07WFFyc2Fi
S2o0KVtDLD4iaTJuckglR2tQQkYkNmQoPVIxKyFhbmMrSy5gMCs0R2w7WUdCYltwSVEtZ147Y00k
a1RRQEEqKj8oXylCIzNlJCRmOT5RMk1eXFcmMC9nODgqTi9CYU5tXWhQUUFYRzRvYFZoOE9SJm4v
aTorajw8KDtrXlpiRHE+UXQzVS5ZamsrJl9oYzskSCpKYyxjRycuK1RGWVJtTzJebictYixgSnp6
ISEkc18yUUtmJ2snJ19dY1RJN11LYW0oam4lLDotWipDWDsvYkBpMiw6QVBdYzFOPkU5OHNjUVxs
Jz9xQyFZVUdMWCsycmxLWHBBcj8mP10zLXFsK1lIJWJLP0AsW0hAX0NJK1N0YClYQDFST1g6QkM1
aTBaYi0mLVFeLCJYc2BbSEU9NVMuW0JFMk9xUV0rWismXTtXLUpXNyRVRyw6cmFUc2BpYzdTdGxa
TkQ6dFRfJW5pKkIrZkc3JydXaGVrVy1zUGlVJjJDTkRCdFBeMi5MOW5lO1xsWGRqMilFRHBhJFdJ
V0dkJlE6QitzcjhGYk5yblcmZUVXdSFkVzRoS21JXmMxVC1OOm5VI0piXUlxQSxxRDMkSjRKPVNU
Rl9KVHFEajo6ODNJVC5lWDI3ZDUmUjgrYEQ1amtaaV1mR25PaFRrNWJKSEEpNjkuXCIqP2hVXWFz
QGtULTdAN0hEKUYwVTU1QyQxL1U6XWVjQDopZ2U7OXBvWTxGPHFySm9XN1E2YmRzVUNcX1lFM0FD
RjE+P3E3QmlQaXFIO1IzPzciYFkxSjBGOlJeSCFvVmgtSmkiLSQpNHBFKCssYC4yYU0mOTdIZF5q
L3Q4VVAsZWxfb29vbnFSSG9fK0FfNj1ZWVxlMXFKJ24nLGdLNmQjKU8hITVpdG90LC91TTUnSEQz
I19eQSo7TTdpcEE3PVdzVkA3bisyQnFfYkwjKEEhVTNBOTldXDtqYzB1bUg6JmVbXGtsQy9GZ3JM
Z1VRWV1BX0ZIZ0xAO19IVlBeKDNnNDdiRV4mTkRINS1vcGtkST5uPnJdMCErRl9SZ0Q/W1RUZktE
MCRxbks8IStGKyc4JXAhaWpEMCMoLWtlRmJYdC9CXlJvTjRMWldnKkUoKk9KM1hURHBIKXNdZCcr
Rm1Xb2VvVjs/MG5xIVB1VlhuM2JiWDcrL14oOE9dNEk7PTg+VjBYUnE6UVVKQlksPlRZVUs4dF83
Wk1UQVFkWXRGUmAkKHJmTVdUOCUwKVZATlhbJXBha2IrbyQwXGQjSzJya05uU18zQjRUUE5fenpp
J3RYdVsxUi8tRStkTVxtKDgyJlRJXDc4QShVK1dackMoTFteWUY7SDk/TiklL1gnMUZhdSpbNDko
O2xSUy04IUdtTjB0SkAzTzVMZ04hMjRjNEIoRzVgKGpnLmcwPjkmQXVaWSxCb3RWcVV1TFF1Milm
cnRDSU9GT3EyRjFNNHE2YGRKJDhgQzNNdXBJaiU9T1BiNkZPTDMzMEYxNi9fOkRgLk5qTTQ4LWQu
VTMycEdFc04rUkE/aDxOIlUqMEVybFk+WWRiLzhNUWNebiNOVnRvYFJXQVkzO28+ViZOc0hdOFA/
PiomaUJvYG1IMkpTNGlUK3JUdERsOm0lY21OVD8oSD1XPnFNTE1Fcm9RNTR0b0osUzlBOGBMU1hl
bEtpVkIsLGpuLS1McnRUVTxPZixdZzprKT4nZSc2Kls+WThvbWZZajJmJSxKLFUmaypdJi5UMzU7
J1NWUSNEXStnWmgkciNLN00oKVJLKClJViEyW0A/SlJZazdFdFQtSiw6akhLdSNwIl9jQm08WU1h
bzNRbENBczk4KCYjNlE+XT5sS19OSUk0QDo5N19zQVVqW2tAWCIiK05SLTtRT0IoPXJwM1c7aCdP
TXVHOi8wP11ZOiU7cko0UiJiI3JNIyUqQmVIXiReJl1URUFjPl1iT291LikuSXNkSiswJUxLWjpU
IWtKV2xPTWU1XDNRR29mTztJN0BKOk9GLEZGIkxoPmRjUmsnakAsJFFjR1oha0JdLS9QUzU2Ymhi
aENZSidoNE1UV084YitaKE9AckpDQEQkZlkldSNSPmU0KmlXKyFeN0A1Vy09JkQ3XjUyPWAoYip0
TSdrRk5sV1EtSUEjPFQ6WEQlck1bOG0hRFFDcjA3NWg9a0YuYy1jajcxZjJMIlgwa2NkdVEhN2lR
aXFQYiQwYT1ZUE8oIWY1WjphWSVCNChESzB1RVZFNV1BamV6eiEhKHFIS1QtXTJbS3QiTlNVWjgo
KUkudCwrMWgoLy8qXG9IYlQuYCRycWZJZ2RSPUFCZGEhSktyYjY8QUwkLiIpYEw/WmhCM1NUY19b
ZjQzKmo7byFMaTRTXko4K0FrYl43cGxrQEFlRFpwYDYvIVM+ZllcdDNUdFJSUk4uVCE5TDBiYSVP
bTcnVWZHKE9jKzVbKi8vKnBXUVlDOlRMSlxDJj1eNGM6RCdPLGpDaCFTWlQkQio/LENXUj0vWGtJ
blVROilmNGhkOSJYP2FLT3AnT0IkRmp0YjdxW0IyNTkwUG4mNWA+WC9bckQ+OjZKTmUxSWRQS09g
XCs9dDssQj8tPDBFU1JqWXI6bmpqcU5sdFA6N2VDO1txLW5oNildb2RvZyJ0QUNdQk0nMSNZZl9K
VlhSNDpCOmZVQi8pYmY7XFFTLV9nNkNbOWwwM3NaWEArXyEoWUlFZzAhNlJCZjJNMD43dCVZJWop
UTJkPURYU2I+WWVkNzZZSzZGVj0oLVo5QGVYKWU1V0NyPDlBTSQjWTBncV4lW2VZVWdxJD1ZKlNi
b0cmSmldVWdYcFFELyw2RVQkJSovYkU3NDUpUD1ZK25hPF9qSURsMys4SXFRaDFRUkRvLSovSyFG
Ji5xXHMwOXIoPVZEbEk+O0VPY29oKzYnWSxAU2tkYjxibT1ia0dxQ05sUnIxYz5dcTIiJypHXHQ4
LF1gZllpLDAwISQ2ZzlqKnBsZ1YmX1p1OD1nU2s/XFZjNjxDbj9fTmRyVCg2N2dHTzAlQWFxZXIi
JnNNU0g+bV4kTDxkKTAoSTxSaV48YFUmLUMkalc5X0U6IUBRUmlqKmUkSj9oa0hSTXNcUyNYPypv
LTxeZj5yYTUkJCgvK2lIaGRXK247YUJVQyVNJUY0TjshLEtIYk1eNllOV00/SUZKOjg7ZSU3MVVA
TzVQVUI0ZmlFJlQhPDwqInohISEjVzdgOjtIX05gazhEazI/MCZLNG8uSE9pY1ttJVFpUm5gSi1C
VTlEPSgzcFIyYU9QNS8wJEI2Nj1yOTBrLjUqSjRxW1JYaixoU2JbUEhWT1U7PTg+P11TWEAlUm5g
SCF0TmBOWl0jMmYpIUEzXmMjSjRVTCJFQEk1XDwwcm4jVCdrTyZKISpqJ2NJKm9pM3RANzY6bFxQ
KFU2bFhDcTBEZENSaCcuQk0jNT5yMyE1SylIPjpPVV9haURONVgwI1snUF00WFtkX00nRzs4TFte
SiFsakdEWmpOSilkcTU3dT03dSxQcVooZHJtUDk5XD1YWDw/VmknP0czXkJsJ0pucEFYLFA3KmZa
Vk5HaW0wNFBHVkYlNyNOX0hLVGMxRSVYZTM1ZDtxSEJoLnM5blNcZC9bZk9TY2tSNzZfWVtBbGpP
WDxvUk5OaD02MT5ZZmRNWVw/IzlGUUpPSFxYazpaS25NSEcuNWBkUW5PTFBDYUJfU1goKEAjc0U7
LmhOSDhyK1w2Q0kuMlcuNWJwbjIwQWhPYDtkKDEkUDMuWEQ+Q0pAJSQ+O0wrdT9jaihPckZyTTRc
Okpbc2ZlT15wVksuQ29EL0YiMj1ramRaOSRyVHREOGhQWm0nJW45PF4rQTVvImItJVgrJV1cWmMs
MTYpJWsqNW1iQzBvazNUPHJncVUyNVFOQkJIZTUyIjE5RiEqJiosYi4tYnQvWSUxaGhvNz0rNzox
SCE8bDtkU1Q5R2dsbThfLjwpVkxZSk82YGQuYGpWcyg/ISIrXi1FTEglW1xtY2knN0hOOD4zZmtZ
Kj1VZFNDXi9LKWpTRkpvYWZfQGtodWo1JUJYUS5eQXBXUCVlYSticE5kZFQ9SCpgVDBYIlheZlow
T3RXSl5RJC9BVGZWSyZSOCozenohISdNQCtXTTtxJC4qSCYjLlU3Yjd0cGdLOT45by4uWy85KC1i
cjxma147RUg1X0koamdPVjkuaFFYXyZjXnBgIyVfKCE9UU4kTWRgOnUnNVY7anM+bGstWzViYyl1
UV5cTjImNk5fP2wpMzBJO1c8WyxPZTxoOEM/UiJtSU1VNjNnOF9JVm8pJlBQYjhEX05DTUVAXD9H
LU44SjdfXjRZVCM/ZGkhY1xWMmciJmAqTlBHJSlFTFhUV1Q1dF5JOl8wYCRmOlNsRTlZOiopOCV0
PHI3NGtKSSYhSiVkampLJ2MwZmhQJlwtNnJtKEhYXT5VcFxGLFdwP1lSWlZTTWBpdG90TEhZR05q
RHEhQCRYam4zPTtmdVcoUyU+M2YjZ0gxOVxYaiNuSEspdENsTGlkJFlta2EqUEFpKyZfa2xEM1E5
dHVLMXJkK3Q0PixgQVpCRSc5VWMrN11kVjslIl5KXF0tLjUmQSdla1Q6aTRuWHJXSnFAbWxQR0NR
N2osY0RiJzooNjxuKEsxMjRfNmomXlNCPjMwIkpTXj8kVFNrS0o+NzombVMzRDFnbi9tQTY0bXNW
LV4yWk4pNXQ2b3Q+SCQwUFVdZ0ohNW5MbFxZWUAxLSw1cE8rYmItKDh0XlMwIjJMITpCMUBwenpc
LlAsS0IyR2xRSEAhKW1OXnJAM0wqbk5aPmw8RDpCIV0kIy9OKXFIUm5SPF0zLSUrRXI0TSRVLy5h
YC1sMDMwZGhVRUxJQVZpXlMqdFpWVig+dENcQF09PVJbXnMnNlBHXz5oIzVAQ0xMTilLbkRBTzdY
RVZIJD9OXF5ORzxFaEokY1pARWcpbEhxZU9nSmZVbmBHL0dXa3NOJTBvWy07cFgwRlkjcSVuPzsi
JCQkRTo5SjdYNS1RN2QyZjhSRV1sLVVKTj1xQGpyOCY2UC9XJjBmOTs5J2xcU0UsUEI/TWRpXGtz
YjpHaHRgXj02cUY/P2ZNcEVDQW0mcTBNK3RFTkhQTUhALyhDYTpiOTxabzlvKl4lQXNPbHBxSGhY
MWtKQWFFY2sqTm9qclNhaFZQai5mVCxcN3RvKF0xNTotcDRtRG1YLjFUcShyQDVJLEU5ZTlPLSpl
U1tlQCsjP1pWLyU0WStwXVlYWF8ycGozI1BWV0hkND5vZ0h1JnFXY2dVKytILUFNOSJzdHBRSkQ2
NE0hN1ZyK0k2bikpRGFzU0tzZjZyOXFDUG1GOzdPQyk6TDxKJDZBWWJrNEEkOXRnNzhaMWlyY0JB
SicwR2kjTTJsZm0/YDRfPHIqaWZlOS1XSDAvLktHbUdaUU4rQUdDXmxBcklJSTAlMjRqN1pSSHBq
PU81R1RXanR1KjtURGU2XU5sSzMhXTpPXU9qbG1CPjInZUZIT3RYUEJkXCxuaV02L05iSz9MbHUl
WWVmVVtKSkowOiVoJ2spY1ktR1I8ZC03Q2daR0pkNCIzLjtRbV1lNHVkUkA1KllnJG80QXBrX1I/
YEk+ckVjPzRmR1FlLV1LPSdqJF5YYjduWkxuS1d0VyY0Z2U2L1VqXWpSbDpGJSpxRFtRZFBLITc6
PnUqaHVbJSIzN2hwJElUXXFaKkBIRytedFQ+RzJaNFtFcy9sKmhoR1NkW3JGMVpqIihqMFY2IUwt
UzJfOz03QC1zNHMrQTUvUVxtMG5xcW5bKz4kdGQrJjlOJyomIjR6ekRGPzgja2xNJVdNQC1NYWol
bTVkVDoiOmZvM1FeITRjJDEmUGszUElhTjxIX1xzOFgzYEJTLzo0ZTheV1taPlhFVENbZWw3I1cn
MkN1PC4wb2E5UnM9J1NlKiRgQDohOTF1JFVSUHNCNFZfQ28tU1FCMUdJZV4ub1llNjwvRSouM1hV
Ry5fVCo7SyNPcnBhcj9DSzIrVUE0VzwmXTs9aE1jVjIxZy1yR2NSWlslNiQlJjo7TSdMN3EwU1Qp
XWYwI0c+R051WjteSF8sXmZDb1lfUEEzJls4NFlzbm9HTW5bR2AuUStUVDUzYz5UTkokcUVoVSIm
WG06aE81b2dMdUI5bTUqKzwndDlSNzdGZENFMlE1L28hdENkOEpoXSJwbz5cI1gvOWs5IUBsXjVw
R3VOPUBQcVI4LGQ7LSVfKVJKY2BTWGhoT2NWKjs+Kj9yQUIiT11xckVbXChIOiI8ciVrZGlLWUZz
ZioiSmVEPmchK1E6SyZUclphZS5rVEpoSUslMXQtTWgmPToxcjdPbUZUQTtycSFkbDE+Tk5eW01b
ZDUmRE1PNkFoPygxRz8wVDIvci0tYy0xRiQ1NSdFLnNwNC5fYVpiZF4mMmlSdDxYcUNxcykzYkM0
Q3RHPkhvJ1NwNDBVKV5mSEsmKSZ1MFZYKiImJWxZOkAyJi1tTTguKTFeY15fJCxpdEdFcV06TEpd
cU01R2ZscE9EYz9qb3BMXV9ULjZFSDZgOFZkOixBaEsrdFJmSF1ER0dQcD9wO1RsI1RmKEhDZlhm
VytxM2ghNT5mWFJOTyReL2cnRyEtbEBuLG8tI25lKCFGXysjLHE/TUYpcmJyQTRjTDMuVElhKSll
ZD51Ny9fZG8nJS9dZFwpLWshJmNYXkonXTpHPEplMkJmWk5oZDI8MU5sX3VvcGReIjRCRm83Qytf
WCJNMVZrPFQ5Ll5oazhITGdWdFxiJSkzOTkiLj9rLmduNkA1NSwwcTolTzNbQzM2OSxAPWIiQltB
KCgyP19WRi5Gbys3USpcMmclTy9kaUprU1pqPmBsbFY+JVBjJ0lxTi1WT15jWz4vZGYmaFVrN249
enohISEhWGlgRC1yVylRNTxES1IibWRPWTg/LV1RPF5HP250bkhlLGp1bUMtUCM0XiInVTdPanRk
bj4qRDlXOUM2W0BuWmRnZ21na1VsOGQlTzc5V15CSUkkMUg7SkU9aDRoSUokOUhBNiwnL2RaYUFq
a0A0ZipnXVtnKCMuV3FzVCRmL2BJUTZsWk0uRyVnP1Q3Pj91KmdBSl5oKiJcR283ckVOLSVQcUtq
ImU6WE5LY3FqP2xnYTdqXy8nWzVCLHNJdDw+dSojJGI3TStXYmRucWIoc0khMTpOWTFpUElbOiVd
S0FNQE5nVSJTb1RYOzZgdGEoJlI8XDUibCcjNmlVa2RyTjRYSF0xO1ZYYjBISUFmQVFrOiJQJERV
N2VWN1xwIWBEVTtJa2ZfbisrPWwmQkZkNlw1TSFkUjA7KHJPPi40ODJNRE5pQSVdTjhHK2FbdC1T
SD51KzwlXl1OTmhCWyEjSWNrR3I7XEw2J2wpO2RQcThJMi9xMTxwOjRfWVVQPzhkby9IM2E8OXBC
WSMiJz8uWEcpQjAxa0RlNEBVbGAhaFhPRCk+JVQ6blM3ZW1UUDYzTlpcYEk2c1xfIy0kWEwvaW9N
YkRXWy0zPEdXJU8sTiVCX0g2RiEwXiZORGhYZmJEXU9rZlVkS0tKXE4jTkVAYGxkZGZyU1plQlYl
OCxNMCoxKHMuNGwmN0lGJDdvbW9DXGdYZFlmcVdXLmpsaWFONSsoVDZHSixmazg7WD1ccCtWK21k
azdnKyJfMDE9cWA6R2UrbUpFMidtNEpZZSgkXUNGS1s2VkVfRmosXyJLZUVfXmpLazZeITpjczMx
WSw+UjdoQ1EubTsxLSQlJzRzdEhZZyQkZzRhQmxiYFYtW2hlZk9WXSxKJFM2UmROSyduJUZdJjw3
RD9BP2BUNVY1Kk1aTyczW19WTk4iNTItdUQxXTxXJlRlZFEqZmdhTVtzW2FudExQVSk2cGNLYU86
WWA6WXM3Ql5MZm9uX08mM20iRkpZQVZwKG5AOEZOInFXP2NdWXJza29QT0thLW9AZzZ1MWo6ZC9r
WC43XVpQcldSKi9cVVBbVTpnKVNzQVZ1W2oiYUxnJSZUOC5qPCFFUCgiQCVsXFE9UkFVal5tVUs1
IUxHcmwkT0RyWls8UmJcbVlbSClXQFJIRWs6NF8iJSVJb0UjV0tOZUsuSydOXkN6eiEhInNwYl0w
bTRySmcwUDBRLVktTFhONCpOMiphQVkuMVBrS2cjQWNxckBHPGtGSDEnbSpLLXM7bDM3MEllXEtm
TCdGdEk4cTZlIklkcWYyV1gicjo2VUxGZWUrXlFJVEI9UmJOZz50XFVFT0MrLFtKMm5mPVRHMV9N
MyhDJz81alEvLSNLInAoWCIiMUY2aVssalgrJkVKRy8/S1BmRV4panIoaWc5YnFmPnUqSkFEQEdK
c0VEXk45PlhDJzNJZTlfWTJzLT9nZSg6XFhGa2IxKkdNWVg1VkckLV1ralRXJWxNQV9PZjg2KVZs
S0cwI1k5PVVBKldMPXRxTzYvMTQwUUFNU1hqc0xMaEVXJmlnMjhLcXN0PydXQUsmVCJxUVNAXk8s
KitDUWhlaSpuQ1FsTWxlQlMsc1FlLypRRyE4WidvY0RqL0doZkwuJ0BYPHErWlppXGwvYG9sPjc3
KCNJMU0wbGE7JT89QCY0OiZaKjg7KGtRcUEscj5LZj5QW2IyP1Z0RiVDT2Q4MjEvM3VidXJebWJl
LDY8LyJbJlk/dFxpXm9lXz9GXD8iQFs7WitkQFoxSSsySCRQNE5NT0heVHMwWXFJJTE6cz5oKT1q
dWNgU1koOHJPMFBeJSZbbV1DMVdINUErQltDKUVvOE0rMk8ocHNHcCZyQCM3JzNndU4wXU0xX0s0
PmY9WGY5N0NHVUZwIU4nJElbVSgnMy1WVlVEMSo4YEhddUBhbFZSSldIdV4lPChPQWo5czs/akZj
R2plc1BqOFQoXXFuWSc+VnUpLGlrVERJcmU3OFInV1M9OEwqOWgqIz86SEk9NmknMz9nMD1FYlMr
RT5sc0M4Pj9bIXBfI2EiSWxPVidCP1MjclsqbGVYXD1XSk1bRk5nVD9Ab15cWWAkbGZeYWJvPi9Q
M3JxRmZMSVw4NkUsclxqLV9bb3UoTS1mbD9nNkNkR1JgL0k0REcrOlFmJHI4XDcmKzI8IlEjXi9g
Jl0iPmxpTVNBcDJwOVtjOzs5RSx1X2A2LS9UWm08JCZPMEVZZC5NSzcsWm8kW2wyNjw4KFgkV2VG
OzswOz0sKUxYVmlTJzE/IT9NT2hRK2EuYUJNLXVnPSdyTTBrOVVBMHNiTjgnI1pONm48PTZrPG85
P3BrQSdqSUdIdU0jSnAwU00ldVBbM1JVKG46L2RMKSZgJFxLWDFYXGxnO3EzV1ApQjhTOkhLJDBV
cFFfKTZNQC0xWVAvYFklLmlObEJiKSdeTGYrVkEhND9fbyc3LDRHITJqXCtpNT5IczxXQm90V1dA
OlowXCVAQyJrXidQJVBBZTBkTCYwO19SOSdqayckKXBVckFGZjFQPlM4dEc/Y0Q+LDRuTCg7NTko
N1JiXUlTSEFXWSNjSXBmMSNmTERhVlNFMlw7OWszYEcoVCNkenohISEjbiwkRS8uWzQ3czY3KS5d
MUkjOWxfYCVQQ3VvXT44LEQvSFxbNCM2NjxiOzpdaUBBK1EmVGhYPVplKjsrUSNtbGlsMW1hUWw0
TSJEUS8lNVc2NF9gJ1goW3FzK1MiJy0/Z1w6LGM9a1A3RTNNbSJeRSQqRG47ZUxxPS9HXGdrRDhL
NFc4TGJTPjRXKVVhKWVfSGBRbDczVT9sYVVHO3NyXCw+K1hGUXBvcmc1ckBBZFUlOEw4WVgtcTlF
QSouVkxiayEnOUU5TCtObCd0YyVtXTI0IUttQSFrXElLbzNHITNVY0AwU0QtOlstUCI0aDEoLUlu
Rm9xV0VqYjQiMDU9cW4uazo5LHNRaSNDNk1TcDA7PWdKSiw+NXRwcShGWTdHPCJfPyJzS3RvRCtX
SDoqLyszckpvWC4pXGRmITI3J1AuRVZVbUY1dE9lTC5fXTZHJjt1YTArJVVNPWlidVBvU2laOCkp
ZjlYSG9kXnJvXD1RZTxTXmwuRSg0UTdeR1hoTlVwW0xiTG4paENhbixCbmlrZGtGc1skNmonPkMy
cmdCIydgaDBcNnUlTCgxN1AkMVlsbWMpJTgmZTNMWjRLbS8oQmU3V0QjRjM3OExHWEdZT0VqQnEp
Ul9uU2YoQzwrS19MNFJdQlNlJik3IWEjPmRJLUAsOFxeMWwsdGgkOl06UHNqcEFPRyMxTEZhVjNB
I3MpTXNrXUJGMzozQk01Uj9CIS08R109S1lwbEhobFFnXTY6Qj0zVFZOU3Fkbl1nLWYxOjw3X1Ym
RlFfSj8vK0kkYTJwLTk2UFkuV1BNbGZtaCFWOyEhYmo8THEta2E7Iz5wMmVRQ0RLKUReVCFqPVlq
LiVFKSRMa0pdaVxLXUZqOVtGImpoZ2BBMSIiM0tsLUlSSF9XW2A4JGI9JFhtXztnXVcrYWEwU1RW
TU9pN1craEFTY0xQKidbRCdGRTVgNjpdLzBNN2c7UXA5QzdOI3FXaUllMDRcYjRnTV9vUjhRcDdf
VzhxLDFGPE1XaltKaktIXlc5XFZDbTk2N1QvO09mMDVlWmszO0BKO3EiaXRkMDlFbmBbV1hnXStL
KyZNJV5EJjtJY3U+LT1ZMWUxRSRiSDQiUDZRZFRDbDgtVyxVPXNkNlU6Kzw9J0lhMWFIMXBONW5m
KjlIJlRzYFU5aTNmK1MsYXp6ITpFOzIzNk9aO2ghLiFTVixtbWk5cS5CVGlQKm1DV2pcQGJJSUku
b0IkVGI3TVZKQzFSKVktPnJSQF5RZzAxZz9WKkchdUVmPjVSbGZGci0hKDJpL2tFMU49byhLRkwx
ZlM5IWZsYko0VkQwPFVWIkMlbFgmSmpgTiQiViZsI0ZROztrS1ZnbXNqZm1KLGBnNyNgVlpvLiEi
bTNfRzxAaShFPCw5MVwxcCNaNi1hOjMoYl06YmN1K00lSFVLK1w1JUZcMkMwW0JxSi5NNXFxbGIw
cSE1LGxUNmg+SDs6WGg7Jiwia2QyUVJeVTxaTiZEPTIiTCEtXFwiNSthZiFSOHB0c1lsKl90RS8y
W0BfVW1DUixuT2ZkQzc6MUVYXk46WGQnJD4zJj86NEchbj0zVTdNVEM7PXAjcVU7JFcjTjJvSlAu
I0FsX2QzTiQ5Q1dmV1FwJiJzZFBwREZJWGctREpYbmgjRzM7XFBHQ0E8JiUkUUYqaT0xTnFkTTY6
SHAyLT5VbFZVVTJIZjZXODUwblxqPl08O21vTl9MV1VAY1BxVCk+X2ImZ1ZISlItJWQ4PUw+aiYi
XjRUMjlMOFQ2SmplXjBLOmhwXG1ZYldQMG5bTUMlaUA7KDdpO0htRElcU20+LCtZMVYydWcmTCUu
aVxvJS0scnEkKFVsTTxTbUNNXUlfak1EJT5Aa1NKUld1aG1nSlgzSlw9V1czLDpBSGU+YFNMMWZw
VjBXPiJWYGRzJnU1JFZtcUhQSydkXTxWLyhoVDR1XjJrVyROLUNZbzZcaklKbl9YNUdaQEpUIjBJ
N2QyRW40cytDJUwkVkptIXJOcmY1YkhaNiNkSC4xW0deV2skUlBZYC4oYEhJNF5NJl5RXS50QWZI
TGciWE44ajcxczdyLTIiZUQyIjAldGEySik+LHIvc2JvWEc8Sk5ANU9kJipvUiJIdEFTYitlRSss
PVpIXyxZY2wrZD5paTZhP1lsMjkxRVtyampBKzBJXXAraSFvMy0xKCFZN2FdVXNlOzdLU0ppRF5t
algqIzRmOTxzbklCSS5tRmBxajQkVVZfOWBTQ3A9RjNoM29HOnM0KkNkRkYzRixkSiYzcSQkXk0q
TURMY0drV20pNGMnQWg6MCsuSixZVStTOlMyQSxhQXIqcHA8cHIoWltkTUJaWj1tQjw4X2dDPW08
JSdPYjFIZylEV0NWNCo4S2wqSEZfRk9dcTNaclksaDUsbjFAVDdzYWhHT0QsTCxpLCJFT0QiKXNk
SDs+PUxnXGkub240cUZqakZPVUhBK2NUVlQzTSRMLTgpaUhIS0AlN15kS2YuM14rIS9jK2A/RUxY
c3IiY2JkVEg/KTE9WzdZLTYoUVVxSVVAPUEtMVkxRikzZDFqIjRcSEhhYiVRbjFNbGw8JS1DOEg1
YUlMOi8kNzAwI0VDL3Q3RCtxOjtvW2RIXXBVQTk7ViI9ODpTaSZsW1pTIWdlSUonXnA/TCZBWSJ0
JlM5K2g0K1EuMDxbVjJpXHU0TEc9bHJkOEJhWCleP1YiZWdRI2pwMTReTDNqa0RaZCNtYGYsLk8z
RXp6ISEkc2tPdVo4WkdiZD50K0lBQCJqX2wrVlF1ciVpTFhYX3NBb2o2YlxGXHU5SGVPMExLYjhD
SzhUZCs9ODA8UzAxYzhrIltEcFJvYkN0LWI3KlYpc29bVDtxTENaPFkoJS1NOz9hNFphJGFsXmhh
b3M5bl9NMykyLURSclVnRmtORkVtaElSblk5JCRcNXJIUGZsK1dDajZPazAlV1grKjpMNShrUVgv
RCdkLVllTiNpMWZOQ20iNDZwOzdGN24nVXFiMCgjUCUiZz03YDtkZ2g8NSdsP0plKiVudG84SDVj
YFdxM0xIOS1iYFIuYS1tL1hvRkQ3UlR0QyonOEFRWyJTczlHI1FHZDppczZIRjorWU9ackgjP1FM
WmRTcnIpLjxYYnNcNHAiSEgtPj9kcUBCSXE1Y1JQbFUoZ2FIbTlaRjc/VUtdUGluSC4ubltdNWBN
ZGkwSmwyYTZRLlVeJEZuVFFydTU/OlMpIWs9ZXFKKjs7LUktNFBoSElwVk0iIkxAJz9iNTtcNSo+
OjdeWjtZby0kTDRLaic/PHA/UykqPG8jLjIvMURNVCppL01pND9COVZqQUJNMjwhVENwMSQ8Pic5
WyI4Wl1NZDgyJU5GXVA0W1lmJGp1b2YjNVM0LlQ/TV0oOS1WNmtMRVglOUdmI0NQVjByIVNrOD1Z
IkhBLzRoc2M5Nz5NSkhTW3JqUkdiWj9ddUcsQU1sSl5sYTVdQFVxPDFgRzR0U3EhJjw2cV10Jmgv
NnUwVz42LGwjZnA3SG9fW0tIP14+VCVwW1g1Z1YoXihyXTE4J3NTcV8xaDU1YDMycEQ5SSJCaDdo
TWsqMigrKEY+I10wYicvZW9jdWxVVTAlLVhwcUtJNVk7YlY0TlU2NSI9SW9Ccj5ZZkxBNDY6Kylq
c2VibUlSMD5XOUQjZSwlPSo7NiFmQEE7ZUw6K19UXi0+Ri5odCFcM2NLVjA/bEQsNC04Km1DIXJN
QTIkTG1rQHA5IkhcTUpNTlIjaztIM2ZrYz8iPiw2Q184cUU6U3FxPixKbVpeVjk9KVknOXM4IjRL
NkUuVFQkIUU8PktTMWFuR0JfQVdtYkhYT2ZpY0VkUV1VaD1TS0NSTWtLWjZiYUlWXFNKJ05Ubktj
USNeIiI0QE42cU5jMjd1dEcsREslT3MuZy9zUThrTmA1L1VuKSltXk5eRFEyXUZSSHQ8R3VBV0BH
Xk05M04qblBnLkYqa2wjN3Bsc1svWmFadGNqYW07XjNHV3ArMkluczpxTGJDO2U6PlM/ZGU0WFVa
ZSktVWpyUmBtQ0hdSzs9ZyxPQmNnSGg5OSgkVClUY21zZEY2OWlyUG9CUD1SLldqUSItOT9wR3Fg
P2BUMSInSzwqJGUmb09oVTdWWmguUFwjUCU0IyVUPiNQYFpYWTdqMkQrNzd0T2ZaXSFZNW9edSpU
JCNzTiVMZWdsR1otcUN1R151bjQzSUsyMGBAQGlYV0BNSjRVLWRFRSFlRVRaJi1yQz9KTnQ9aCNR
dDJgZiRNR2skPyRMaFQ/XlcmTGQ4aT5icUF0ZlFfKFhvcDlNITomKUloKDBOXC47UjM/PDBuKkps
NlskTUpKQjo+WENlJTQoXSZnLCxmb1E0JS85LCJKPVxpdS1uPTZjTlQnIj9hKEc4bnA1UCJIcmwo
WFdqWSdNWl1JbD00PmhBIm1bSS87Zj07I0sjWk0yLUZVJSdOZS4nWitEP3VRW2JPXTxGPSdMYjss
WjdDLVxqSjtMYDI2SicqMWBvP1d0UzQkMTpGcCRtJDBHJjpxMygwUmlSJ0pkWDc2IzAlYDckMStY
JDBsbEVrMmpGQHFSRzE0J0RhVXFEMiFadSlxUVJZREhxYCkhVUhfZVcoOGNPZWU8Qj8lUkg4aGoq
bl1QNFdQUTkhNF0sQj1caG1TSDJZLkhDXl1YcmpRLUViUGxDTmNKRXRhNTNoblNXXV0iKl82Yksq
NE8pSS5HJ1JUaVVyaTs3USxgI24iR2gjWzQxNWgoVitzWiNISTpnal5kU2ZaN0dANmgpJj4vZjM0
XSlUNkgsTydzS2twLUcqIj81N001RGw5LWteSTQ2MSpdRFo6cl90PUFRPUopP0NrdHFSLGZxOkc8
MTtUWzUsS2YvMD4kKjVEQ2FEQl9uKEIpUzFOb0BJUWdeNy0zcUAvNlthQTQoUFRSOkpISEdYajxS
KypaXStVdGA+SUY7JjFOY0oqOiZjIjR0QitxO3EzOiE3cy8lcl8uQ2o0USQ3SEsjXCYraT1dWWZw
bXFQYFYvdXNja2tIWzhuME8sVF89WUw9VCZcMjpWJlZkWy0kUSc3PjE3P0gxZUZZXChGRk9pSSZm
WkwlUmlqNlxfcj0yP11SW09SS0ZuZjBMc1VYUC0vb0c9YjNtZ1U7LFdhX2pUb1VcUmQwWGBVNTst
XkRVUF9BZFlEbi1hRmZZViJaP2ksNkFjWD0nMGk1JGk1NTA4TmNHKVAyQjRPUU1LMTBKJ3ReKDgr
ODhiVEFIWVlfLlohMDdZJFRLOi1QWEhqM0lFVUNXLFJTTVshJjpyJUMvXWJhQVxjT1ROdTEyUCM7
YVxFbSciKHNjSkBNK003YCpdbT5oaWIxRFRuLDBeNTBnWnBENF9dcydEbWw2SmRkWGxcMVtOaEdE
byZiWXEzcDZQdTlcdEguR3BVT2ksN2Q2OSxdSU5OPU0ha2gkbmI+Q0AyKyQmIVlnJVduQmg7IW9j
Y1JTLlslT15aPmc1WTltYi5nZEInW1hfal9PUys4bCs6bmVdIWVFVFomLXJDP0pPIy9TVzRnL2Jw
MWxnXEomLXByJnUsJGg7IzxpNSpuZik2VCU7Wkg8PnVeQkdmLjlSUEMxU1REM0JePkBlXE9IZjJp
dCNVKmwzSCgkM1BdaCZcPmpoYTIqQG02RklWbjhpNCleQUNaPEZgZ2JxQSdtNUI4JC0jYyVZW0VN
Y2tAY20lJFVcQyxJIlBkYTleZi5mcFdJSEQrKy91NClQS188PSZtVWZVYVBoaiM/RSZXImhzIVpf
Ij43UUZlTDBlWCREJC0rVDRmbSlGMiciXCFkUTEscUlgTVdOK3NfJVtVaHJtQ0pwQGFVUWZvIzAn
WyUjZXI8KDA9QjE5Pk8tSzhrJWooX3AuRU0jTl5BTW5YbGdrSlsiamhWMlAtMU9vY0xKRDphRF87
Mz1rcGEvV1tqTjZmNChULFAqZW4mK245PlUyal4hc1BkKGYlXzdxVE5GdVhxMigmQlo8cmtKXDY6
JSdiK0h1Oy8ncTxuIS9kJ0FvPSlUXU0pPjRcPGduJmFuRGRGV1g/al88WHJQZTM0KlZxMV46UFBH
TGlKIkpdM0FKNkc2PVU/InMqclVXRGpwJWRUS04pYHRDXUVScjNjJHJfdEZRLUF0ci8kM0pHKVtT
akJZZGhPdE4mSSNvMidEXmtBVFBESF5yRXBWVWI9JVFROWooOCI8Qj9wJS1fIlsxQnQ1X3FlZTpf
MzhDaXRGO3QwJSRYYG1NMWgwOCZyS1RyajRFME9lKmY8MF1WTDhZbCxnRTshXm8nZl09UVg/LTo6
RVtEVyo/XGhBNSRqTSo4I2ZQcmM6b0U4NEVBUTw7ZzcqRGgsKG41VSpbbGlmITJPZClwS0VGInI/
PjspRzdbLEhAQnVaWVpVYTMlcjknMHBmTDxeTExAQkhWaWkxI25pdXBlQWctU01oJ0FybCJQWUlx
UGpyXWhXQTxaY2tgR2k3OCZsJDo7SlooNyM0OzRxZXV1QDBLPFNqRD5SVVQrM0VcM1ZNSCp0WktU
LkNQUXEwLGdPJDU2WF0wOGhVWHExXChxdD0mQGphdWx1WGciSlhjcDxbLGUmUEsvIWZuOWkuRzc7
SE1SP0Y8UUhbZV5YPShObVFPITpFa050MmlDTU8+cj88aFVLXGM3Y0wyZC42cyNfRk8/cWkpLWUh
aWZsVGlDXzM3ZF9LWCQwPkdUazdPaFhgVVghJ1JnL2NDLllXS1pqLVEoSz0+NzZvJkE0bCgwQm5T
KXImQUE5UCYhPmFeKj8jUCdrWjJNX1hAalU9SixbYCFDa0FgPSd1TzQsZlQ2NDRLNicnRTtEYjVI
PFpLYzwwPy4jYW9wPWg5XCslPHJiNFxSNkErR2hBNEZkS29KY1gmRGYwMlFVKlVYXWVqNmZeY0Mq
RG1MalU7XDBaQ1owNFZXRTYlU2RLQ1s+Qz91JStYaGBOMXQoPyRmZ2FdTU9da09uJ2hKaCwrakhJ
PG9xV0M3NFd0QEIiOU8tPis6bmVdIWVFVFomN1oyYkVlNWkvZiRkYlBDdCN1OkFXJzMycmkpZnRY
Zz1uJWk3JV5cMDpccWdiS01BZ0xKLWRRMD1JNDZvbGJJWCpeKCxvRGciQDAtVkNUNW5WWShwOTc6
VWJIWF89R290Z09VUEMsaWduakY6Z0pWaCQmajBpYjpTZklMczZuVmlAcDZBYG5HIi5MUUosYmNR
QDI4K20nYmRbSChkQDlNbFMhclwxWUI5Q1RMaSdzLlVVJCUkVEJUa1NIYG1WZXVeKW8tXDNdJFNN
UW1mPGo7IzNgJ2ZsTz0zKSkqQD0oO2s8WyNvbjFdYj1aLks0MFE3PXAoPnBZRipmTFtsK1cxaTA2
QCxOWmIvSGona2xwYCpUQ2JsdEcrPGE8SGIucmpSKzk0XFRWIiZdUWVLR11LUD5OO1xdcjRCcGRn
VCdpOFRQRHBvMEBmWE81I1Jeb1Iya2AtTnFOJjBiTTwlalpecy5bOiVqNEA0VDRWJkkkS1Qockol
YDEsUl5xVGVsLUA1NHJyKDdTTWE8SFZiW040SDprYmtdP0kzOyVxTEgtWjlQamwscjphN0VVOVAz
RSdfUnAhJjAiaUVGZzlBIWI7ZDdgXFVEMTJcYFFob1giRVxHLWtkIWUsa05cWVNNNz5xbUJMTl9s
bCE5JWM2YFIzVFVLW2VYRHNYPURbN2k0IThhJ28iOkoqWWIla0ghbDtXXkdiMmJAa2RASmBDSCZY
b0o4Umc1SScpI09ISWBgW0UqS2g0PUdeaSJQUHQ5cVBVS0d0Xlc1RGk/b0NWYzQqb2pHclosQiZL
SlxXaUdSZGdIVmhVRU0xVz1bZ0QrRGpLMUNSQV1dKTBDaiUhVWFoPmckOCpXPmpaNnJNNDBtbXRj
JkpvQkJlVltDKV43VkpEQiRuO3I1RlldSylRVm5BJ1MmL18zNFhiKidwRzchL0BKR1Y2NTRsKDct
VDYzLDlxXm5WRj9cIz5qPk9maEgtOywlZk48JkspQUovTyJhbk9dX24iOS1vUEU8Nk5fSCcqNCkq
UEVlRVdkcSpTNzQ3byQnZycza1k0YVRTb2JeYllnc0sxUjNWWFU2MCJMLidKQiZYOTE9PV9aSVIi
Qk9iLUtyXzYlXG8vVSNvPlhIW3I2XFkhXmEwbj4iVDRHREVLLUkzNWhlZTgrOTVUZ1VEIjlPLT4r
Om5lXSFccmkxcEA7JFBhT2JhVWg/PG9AYlJxN0Q9MnBHYmRoM1hbLVBNWVxdcFs1KmJTLUUqL2Uw
VFRlcz86KT5BSSItV1M7P2JWKiQ7J2lUNmQmRS9lJisyIi0oa1xmKUt1Pj9acFltPl1yL18uNVgn
aT44SXFpVD5CREA1UnNJZnJza2lJY0lqJmYzU1gmSDFVXjFRWDlfNUpmMDpfX088TDs7UmVlN2hL
NDI2XTZoVzdoNjJMV1M4LF09ZFJTNi9pZ2AvTV9Zckg5cGtxJDxsPkooPVkkcHA2T1pVNUc+NC1i
KyxbPkRVRUllVXJRVWdOSi09dDVHXGFSMSoxYUVuKzxyNVAzV1ZvJ21oOlVeNzEnXWxQPUVzSydQ
cVhYbTIkZGxfRXJTOz1HKVU1XTZcbj4zUmhLIWRfPFdrJzdjbHNOQUVFMCc5MDtZOT0kYSpJN0hf
R3FORSRVcVNpV3BRPEorbUgpKEhgN0RBQidzbWVjSW0/W1E4bl9pUmJNTC9cOW1QNGxzTF1zYTZn
cCJfV0hdYiw4UCFjPFFQbE4+OGJSMkJRXCI0ZytqaSpJJDI+IzJpLyQxSiU2V1MxPkNgOWZNR0os
RTEvNlAjPj4rI3BrQyoiZFxKKCw/JixxdD9Laj9tXSstOzM8cm5LMz1wTVhsLnQhcHVSajBZYSVJ
VW1SUi02TytRVV1kTjNoKE9AYVFHJFdwM3QxIXRSczRQJF50YClXL3FLQCU4SD9IcTx0PG4pRTxL
U3EtVlhrWSRNK1wwPkRxQWFlSjxPSkdYVWJGZElGTUMvQShsVCxFY1xEJ1tdbj8qI1BbUFxaMy1J
Zz9Ya1NPbWQ8KV5JViFabThTYyk5ZytpKjRYI1o4MF4lOVhdciRDIm8mYCdBVCNWcUFAS0hoXGNP
RSpZNGcvbTUtdC43OSRgPVxmYjtyWCEsZVIuYz5aMzgpI2heQi1AJ1shKS4sJC5pS1hGOT5hXF4p
UUxuMDE0ODRZKy1rU05RLC00X0JXLWwrajtsR143UWZaWmRLc2cwQVJEXm1fRzc6NTc6VSMjImNR
KzoxN1Y7IksxbD4qZVFqJzs+U0AkciReW24lJlNSUiFVY3IjcTBWU0c+X0lXQkRaPTYnUmRDJXEv
dCJAVCNJPildXkFWWmAxSmJsRitPWFo+JD0scVhJM2FYKUA7aHIlKmssXG8yXVxHJFN0Pjo0VEos
JVdKMkQ3aSwndTNCcFtzIUQwQ1Y9JzNPPVMoPm9aUGAhcF9VZENzPVsoZl0lJlNSM1BrWE0oOjQ/
UmdzSE02NFVGXTk5MVpqZnFqKydSKlJGcTpXOi1QPl5oQ09SN1ppTDM8ZDAzQUEuT1giPmQhRkZQ
Q3NIPjkiIW1CRj1jXGQoIVhNZEVkNTVuZEQlVVhaaER1KjVcTExbPWlkSkdcSzhQO0RIdFhlcihK
cm9ZS1BmYlUpZXRFX2ZZcm9uNVJRJi1yQz9KTnQ9aCNRdDNbNWBAXjpgOGpRZCgjLm9zazIubmZO
MCNHTT5pSUVsPmwpWGk0YCwmTFNYaTJWSU0mbygyMG1AYj1bRjxhK2onSzY9bjlLKUM0R15PKScq
JCkrayVkOTRFK1hAPjk5W3MrWCkhS3JUInJBRkJEPTxVZ2QuZm1RP1VacDFES3UoXzBOVDQzTzJd
a3BZJDRaVWEhLkNSamI1cTZKcUdOK01RbmtCNCdYQkRVYV08aiVKPD5cI206OXFxb3VFMkJIT3Mu
MlVaPSVAJkdiJD8iaiIzaGtKJFdwMTZhNV4xLE5tTm0kN181cEczYG41MGdzQzBBTSMiR1wuMDw5
T2dPIydlRUtXQ1hZZ1YmIlhQRmUzImNnJCkvKDlMXzEiOTc+SDdKc1gwLlppTWBrJF5WZXA9Ny9g
UUYwXWA3dDJGLSkvYlNlJidHISUyKFIzInNxQFRaZTNHJ2pvVy8rXlY2Mj9aKT0/QWlMNmV1J0VK
bG1jQmFRdGhHXzk+TCRKb2Q2WV5tNmVlOUtiaihOJ2JoITQ5YkJERV89LWU8MkEoOEtBWTdbJEc9
bSVXRFEyXmFnYFBlMzxDO1I5ZURFW3MkXSxoZ3IpOzVWTVxSQEs7UDQ0My9XOztRJ0pcNjUoRHJF
PFAtZkdbR1JFKy5HR0BnZDI/aXJzdVAyQG9Abzo8PChMWyEhR2AwJFE4XV5VLjFEVFRTI3VULDBQ
KFJcJj08UT9VcFVoKXRFSyJfRXBQcyNGY0paQ1xGRitLOzl1Q2gsW0wjbWFAUk1qPC86OGBRS1s7
YjA/Yz9KTD5aYmZeQzwnZyNhTjVwNDZwNjZIZ0YiOU8tPis6bmVdIWVFVFpgWi5NVyE7N0AsQTNI
TCZVQGUkJzlfKGNocFRCODJuVTVoNmMwPUpqVDcmJjZfKXVhZ0NaYCEnLjxaNWsyXzA0IWI1Ukgj
YVlCYEBkXUdIMC5odDU3bTJhX1czSClTQ0ZsImxXQTdlZUIuTTQsYlNJTk5UZmJ0bHFTbzM8cFpl
J1BMRTdfPTErLzxsWGhXdSM4Kz1UYV5IanRrTTclZlRLaUUiTlY7MF1TViNGYW8sYGIuSGJMNTQw
cj45ZmlTImsvIyg2Tjo1UjYkL1k6T0pnLydER0M5YFheYGJncm49TCVlcDpQZ0ZnUFM6KkJyZWdv
W2ZdW1FSais1UER1MiZySkotPjFbL1NyUSlybnFpZEgubVBFSGdzOi9pMnMuIShudE4zK1kscEAw
PkxoQmpxLSUtXSVpPV49YE46VCpXbk5BYDNPaGNBUCE7P0tfZlVWKF8wQVYwVG4nIVktUzRxUG1K
MGRXc1omLWBvSG0tYmVIYy08KURJV2drLCZvRTRTWlRfVidRPWF0PzM6V1pOPGpWWW9TZy1WRU9b
OGN1S111U3NSWUNcQyRsKGdNSDswM201IUgrdSxwaGEhZi0tVitWZE0oOihDVkh1WThsclBwXSco
KmRfYnV1T1ZZRyEhayM0YmNdIUhNQXRdIzkkSGdFcm1IRGdwKiZNUDk6U0ksRjVHXzxuK2RMZEg2
ZzA9bS1CWTYvV21cLCFfSV49W1pDckkrJFlxbStOXGNWZGw1Pj1gI2RBb14tTmpMJTVUZ1VEIjlP
LT4rOm5lXUBhJStNNWxTLGgtLEQ1cGNaNS9bM150YCtTR1ZgR3BAQGUyWS0pTikxMllYZ0xyQmFl
JnM5YSg+UklwKEtfYVktMShZXkE+IVVtKm84Q0JgUUNgRyhhYipBb0VOLls8SFxlVDstdGVkK19n
MmgwZypFcyRZPFMoJ2JYZyc5MSgiKEMqXWRlJzpNVkpqMj0mZVpNLUokT3E2KjEzR0JJUms5cWdA
OWhYOWctbTVIQktHWzopclxcU3ByW0JKWlAlS0FWQHEnQjoqWkcsMSVicDRDSjA9KDcrYyo8ajo6
c0wlWFwybz90UiljVjtLMDRhJUp0LGE5SDoqLjhjXnQ8TVE/YCExXWZlTzQoN0ZdNDYtTl9fcy5R
KkVSTlVwUVA+SCEqJWhEbG0hWmJ0WE9eRGZqK04pWGclUik0cFosTkpTXXJWZyFQNVc8WF1LSDs5
VyQoQzRKTnQ9aCNRdDNbNVRnVUQiOU8sa0VzUylDV2s6YkNhRWZuaktyciElWlhJXzgwMGJYVmIy
MiEwJz87cC5vOTxqbVQva0pkRypNZUEmbWdiaSdZITMlX1FVW2kuazlpTWxnKExKODpUWGhZXipR
azshODNzLFhvbiZhcm1kYGIvOSFGcDtoUEApYXFrcUMyM3Bcay5cR1RHZyk8JyxVLnJDQHNxJC03
ciU9LEM0Y0pfNTU7bypMNUIkRiE8MEk+VjU6WiVNZHBYWDA6NGlyVk0paiNIIjkoM1NGSFlYKUVy
V1xoJmYxNkZgaGk5MWRmVlovbVNWVVExRF89bjckVD8sTlBEXSg2cyxCbWNvPWBJWnVXa09TKSIx
PjYuPVxcX0JScTU9WXJuSVo6M0pNIWQoKT09bFtPOFJfW2JOc0hAREVhMzQwNWBrWWw1VGdVRCI5
Ty0+KzpuZV0hZUVVcTM/N19hPChZIyNYUyJDWzcsZCshUkdyX11wMDI6TDZLZjp1RC0xSypVQ1lE
SD5ITzNLOFpzYUJcLE9dKGciSzh1MjRnLilgNTZlVjJyQEksb2lKOEBcXDI5U1huaGJyVDc3Y2NA
Qko2YjE1Tlk4LXRmb2tJU1lJa09iMW5DM0hgQkVVbzBDIzxDLlMvSjU4JWRJJ1IoKFdTaXUkOkwl
byhSNlV1cVIqXSM0YWlTc2NXNnFQIj9bQUZAXTcnU25dM0FMRj9APWhFTVBeI2lVRisnLjY5NFhr
WG49TltjTnFNSUlnYydQVUpeUGdDZWRjIV4/ODdsSVokSFdaKDM6RyJxMUhQZC5oLTc3N14jJyws
Sjg3Wi44JGBPaU0/WTAiVyxtJUdBXy1yIjQ8V2RlTlVpSDxESHVwK04sWGRHbHUsIkczXiYiOU8t
Pis6bmVdIWVFVFomLXJESmJYJy5qOmU8ZGtUPEh1RiRWJD9tKFxaJlBZZGxQYzVRLCtjazM5VW9e
N1AmbHFSRzIla0ZbWj1bOVBOQDpbS1tbPz1yY1g7WVJjVmElUGdfKkhDTkZqTGFrL2h1QG41OWVH
LyNddEQha2hgI05rQ3QvNVFEOC91NU9WKjs6UE1DR1hfU1s2MShuRWZWTGRSM1w8YDZNR2JkZ150
SnNgVz9hRXRQMjQ2dS9tbFk4THNDWi9uaSk1RjcrSlw5WGM8PnVpI1MmaSVxWkZTWy9sXFkhOTht
ImtaTyEqYHBqXC09I1Y9UzwuUV4yZVIyaj0wPlhiQ1ROLVByN3JbMzRzW2M8RzJpTk9gTTwuLSIq
Ym9nRktISlJqNFlbZWZiWjNtYls+LGsyajhOQDBcYD01YkNcRDxocHIxdDMuWEtfS2A4I189LGEk
JVk+YSYtckM/Sk50PWgjUXQzWyhqIj9TMElqJW1WLyxwWEVnRFZPViJVJ0FZP0A6ZGRMMTNGOypG
O2BdcSheUk0nbjRxclxFVTdIZjkrNE8tZVlEP0xIZ0dFLUc/Pz5hLUY2S2E3Uy49ZVZUW0tKL2o+
bnFNWVdeQUNaQj1EMWNHQHBgU00+Q00lS2YzXWolbGAtJHFyakgvWWIocD8sIi91U1JFamBHKS4p
UkhwbStQP1VBKzh0aGwvYE1kRmpuSXVZImNGZ1dZOEhARVQ1LWEzaWY9V2AvTjM6NC0hWmdkRTFe
WE5TQWFbLjshXjcnVl86SyZxNGdNZmdLQTBUVV0tZGFlZU5vNjxZWz9IU3NtOW5PcD9mbVgwUFc+
Yi86MS1hKCQjL3FAOjgsKnNtOWhbalYsMUNCIk42LlFeN0JXNSlzNHI+PElMViUvM2pwSTw4SWhj
OXJbVS40NzZWW09tJEw5byRsTnIsLSs6bmVdIWVFVFomLXJDP0pKYVNJSEFlJWQxJltbV2pYXzRW
P0JeXU1vXldCNDEiImglYytUWz1EKzAvREpPX0omSWM4NEZRY0gxMypQKE9sWV1GRTNjQz5ZMkYp
J25pbm8qMTlSMVk+bjcnQm8vSilUUD5TTkJHbXIxUStxXXIvUVdcI1pSQ1VubSgsbWgyaD0yS1px
UV9NOi0tOC1MQ2kuLSFYaUBbWjgwP29vXVshWWBkM2B1KF1LXTZ0Li9qKGxQIWxRUlFnNlVOXG9y
SVlway9pXVZgLjRJQWE2PiZ1b1FIU1FmVURhYj9qTShBS2dyNytsPitxVCtMZkNKSG5mWEA+anFt
KkBCIU5OPidabUdcOnJvcipuJVhMNiRZRGlxbDdgdWZQOjVIY09TKSJxZXA6NGRWN1VVOmZsUFo5
LChxNlNWKEUtWzY+PnE2R3NrQjNvbTAoRT9uN01PPT5UQiU6V1JpSys6bmVdIWVFVFomLXJDP0pO
dD90LCpZODhbYTVcTjxROjAiVjtnXzFRPWk+VUdhMk4nZ1hHZiVbNURULzxaWEQtbyZDODZEbl9m
am4oZTxNcmA/dEU9LmQvKVJZNUlaM2QnViZSNGdbKHByMkZYczg2LkUoWV9xczpQUTZiZWpXKmpz
NS9TWlkuPmchZW9ddDdUcUooMjVcVGFgWGEjTkVRa0Q7aTdiSShsb08ha19YUnUnO2dVUF5lM19S
R3JEJVwvWGJSQm1URStaKSlLIzM/c1xPW2M1YEVbI2teUTw0OGZrNUErOyxJKiZBM0VjckIzQEs3
RHBiMmNxWD9MSzplVFNEO1U9IWhIIS8kU05lNFdlbz0iPUQ3TV9FbSV1JkxoO0VFWVJoXXFGbkpO
dD1oI1F0M1s1VGdVRCI5TyxrTWJsc2A4dStTLy8hNVhQK3JAWVpHUCU/cTtLcUxaclUjcmtVcjt1
NFpIZyY4Y0thXSdVKkJCaS5UcGBEVDc8KyhyYGUmX0ohQnMrQ0xwPU1JPSw5bTozSyxyIl5LTVo/
LkcrLzdFUyEybjZHbFs+PSlzOWIqLGBpRFlwOShUVi42Xk9aVjc+bGwiSkVYXGMkUGMqXTtNJnM6
Q2g8UlJIXktxP1JgLHVJSnVAMHFUbEFzJ1RHUlVDS0U6ZiU/RUMrNkhbNEA/Sj9MbE1dQ2ZdcU1b
VydOIU03MVtZZEM2ZWllcl45OydwPSFFNi9FWzdAOkZdbTwrVjRuXiFlRVRaJi1yQz9KTnQ9aEBn
dDIzT2NvWiRHYXM5JDNTb0ZOIVBIQltvNEZRK3A/SjBXaFBgRUReXE10QERnLDlUJVIkQVI0YCwl
ISo/RlcmcEw3S0pEZ1EyNFs3WmtlbmMnb21JN01mWCx0YkYobnNyVFI6Zid0YjpmKCE2RTcjZm9N
PmJBakAwcD1TSUlTTTMhXj5kbk1oXkNeWSlnWlRXdTVvVS0xOC8rckhTPEYhKk4pJyI5Ty0+Kzpu
ZV0hZUVUWiYuJDNWS1lsJi5qWlZIbmZvSlhjTGZAXCVDKjBZK1I4YC0hZzYyIVVqKDNgPmhORi9T
ZVBQLjkjMlFEYG0zTyY5OGsmRm1ZOWRGcDxRKUVVMiNeQ2lINk5KQT47JDNiIlUsJjUiVSwmNWBL
WSUja29mO0snbEItcis0Nl1aRCJSZ05QYkBhQDplRjBNNk9vXFkySDJMNiprI0QlYTxLIU85ZUBN
PSUya1ZSYGo/bFMkJVk+YSYtckM/Sk50PWgjUXQzWyhsUWM5ZC5WVyxlYkstVWNMRT5VMCtXYmw5
Pz5WNWZNMVsxR01KaGpkMENzXnJEN2UzODhXVFJJO0RUKjlYSWkwQSNiZ2JkYmZPK3I4TjQoczc+
bVFiOlgqajJbYSghWCN1QVUhUzhqV1NWYC8tQ3ApIVQ2anNbKz8lVFtFWkw6VzhIcjVjK1sxVl81
ZSJpMWAnSFhqKG5UNllZL3NmVjFEWigjJ0ZUS1hRL2A4TTNgSW47MENPTzNbW18uQm07Ol9EMW5O
b0ojLiQ9MkA4ZEs6ZWszWCQzT2tBcTRraWI6cmxgNFEhPzo0WFApYVtjYjhdQSxFZClbREglXG1I
Qiw+O2tMLigsPF9sTnIsLSs6bmVdIWVFVFomLXJDP0pKYTpOUHQ5RTlaTitOIU5DVCtlPClVIVQ/
UShdPTVCT28wY3JuaTdrMCsrIzQiRy09VSEwJkYzZFoyOmJjKWFhIiNRM2hlMzczSWYsU0A4LCdT
MGs0NHQ5ZUZnU1w3SytZKGIuPDZhMjQmOk5aI21ZQ10qYWJZIyU/Wk1fREdHI2RnPDNiQUNydFJy
TGUtKVZQT3A0ciZxOGgqPidZQ3RtdWslJWxuJTIoWjdtOVtiU1EoJkdAdGI0M19xbGU9XGtdbUxV
Mi9yI0FxLjpDYCUpUFtlLThtKG8lVmRuTF9oLjE6QENcWV4zcTlsNGBCWzYwVHMyKT1pUGZEPlpy
TUlPOiNyZ0tVTGFILmI7VkQnSSZJNjZIZ0YiOU8tPis6bmVdIWVFVFpgWmJKNEkkRUpvLkxHUSpF
MFRsPj82NW8uSnQldFpIKHJOJkskOyYrMk5hLVQxWlZtbW9PbDJOUFRjZTlcXz05aiVUKmsnIUBA
T3NPVEY7MVFVc2FgK0lSbDBBYGNCNz5UZHVFOkgvNkpFM1pJXUUjdVp0MV1wKzFMcF1iQjBOcGZ1
UWk9cDUzSUJUYThVRnRhRVRlOWhwMikmZFojTnUkYUYvOC5wP1Q+ISdpP0tKJmQhZmlvTzNSWiMq
Q3E0RUFEcEFiJD51aDxDXSRtOl5kTU5jSyc/QGNAK21DU0BAQHJJL1s4K2dFRykjaT1aYTczS3BT
NDBXKHEuLmwzMz9oKDMrJVVvXW5pYl4mZiY4PXJoaUQ8RTosX1NbWzloWCdTZj9IW2UtR09CaEgs
bEh0IzgyUHMhZCxEMEFMRjNyTDgpXUVRZ0NUYSdFQUMkRDZVQHVxUnI5RTJrRjhZZG09JEAnYGZy
OWk/bCtMUmFtNipgOmFAZGtxWDJfYGUhN2dQQjFcXm9jNGcocCZHbk9iYGZsSkhdX3VGcDQ+XzlM
LFgwMmxGJWNtYFwyLnQ1bl8pNjc7Tlw3Ul9iZWZBJVhxXEpnTThxUTtAMmxNWEIvb3QmQEljR2xO
ciwtKzpuZV0hZUVUWiYtckM/SkphO0FIP2NBNkBhX0BlPVxnR1U1cj1mKDZEYXM/OVYjXUIhTGgu
MHFUQy0uWz8kWyUyJjY9THFqRWdILCwyczI5Zk09RCEpN3RzcFhWI0xNQ2w6YDwsJ0sjXWBRKWc2
W0UibDxgbiJwVSpdRTxENCwzbVBALUkhbzdjQihGQGEoPzdbWkRMKWVFXUVwZSliZ29IIyJHMyNP
bnM1ciNMQSY4J3R0Yl1mO3IvcEZiLU48bEhAZz4xTm0vZjdFV105IktAcVJFaEs3WyZqNVwyZjtp
VEEvLEw2VChpKkg6MFlnVC9eaj1xcStYL1xbM2phaWRbJidyN2BdKypRJl07bGcqcmclUjUhJDU5
LEE1NSg+cEJlSWAlbCQxSnF0NT1idCUkZ2EnZ0osUjNvMy0rNy1fUD1ISmBRVW1CIksoNzhtbDUw
Wj0wRWtYVicxMkBdIyxZZy9GTSZBKGFeISxRUDxAVVJhWS5YSCxuXS1GLjxXaEg4N0JMUW9DXmlT
YjVfRjwrPCtlQU5eS2JgWTBSMy8lcm4/Ky1FWkExcFo9VChvOjE3LmgqVCg6JSIsOUtLcFhrI1F0
M1s1VGdVRCI5Ty0+Tigha0AsZGJwXiQ8Xi5RQj1MSyMkNGlKVDpdRlc8KDBXIWxrIkJRKThGXnAk
aHVcMzMuPGZvbj9GP0xzVjYkISsiQlYkKzFBb21UVXVpRWwmNXNkOWZlXkhmOUhfNUBYXVBxXmQj
NzM2LEkxWCkmUkwuIkpmLy9rJUEnQSlcYXI1ITxUcVorZUkiO0JTWUFUVVddN0xxbDAvdSVPPTxg
Mk8ndDI9ZSQ+UiZNUjlJX1hOW3JsSEAjKyxtUEklP104XW9nQ24pSlZRckNLTTtBVShpImtAUzNh
ZmwrXzgnXWstZWpiPFtKbEVeUCYySituMFwvdWIwZTNtIWdyVVYzNkhhW2lCc0Y5JiJDJEZoWj0h
RmJKJjBFLCldaz0+cmshZFk5LiEqcWxCKFcibFdRZSMzWTQmUGxZK0ZlZGFPS2BOdUc8cS1IJ2ZV
VFAkRTlCbmw7Vks3R2U0VSwvUW1iJ2VKZF1BWFYxP0FpLToqaV0nTGgsblc2aFlaYm1VTD45KSpG
KGhBWz90QDouZl1DbFosQ3RibmJaYSk0Y3NCWzRgJjNbKGZLOnNvWEExQzZJXylBR29zWzhgOWwq
Oj5YaihKUU0iM1xXYiI+aVZda0E/YlIoU0hOIiRDbFcjWyhZWUV1QFRLVDZOZFVmKjBnQDZLO1Nj
IWg5JFsmRD1FLT9qa0hVXD1BMjlTamFtZm4kNFAiOU8tPis6bmVdIWVFVFomLXJESi8wXGc5VVwr
K1JsRm04LXEpPTldLXRZbWxQLk5jYEE3a1AnNjpaO11UZTNNaVVMWGpYYSJQIUVqQ1JLIz88M3JR
JUIiOUhJRCJSSj8/I2hqRCkoQS5BQTdbO3M1SmNkJy86SFdgYTxjRm5dTlFsNChuOFtPLypNbk5m
aEwkYSkqaCRGbHM2RVB0cDMqbiRwWCpfXENMNjx0MWY5UTUpX2g6Ryg3JkZKPlhzQT5TSCtBM0VY
cDotXFVhQjxLL2xZOF9vYCJddURNJXJpNWdJV2E+OUlnQS9NQVhrLzI+WmJ0ZVNOXXU2Kk9UPUxT
PEA8JUFtLlFxNW9IXUw+IzQqY2VFbCFjTlJrRy0nXmo2aWRqSzJoWCxpNWA5VmhaJiM5QDxBKVJX
SzNrXXNNNVVaI1FYbGAlTGNeMFoqV1lmc3FmZiRqSFxcNTxGJUlLR0A8VEY7NjkwWG1zXk5GI0ck
aSNocjsnSXBwLVBRMCM4Uy9MPz9eLy8zLFpRXiE0RjI+aDs/dUpnT1wvbVBgQEZQYlthak9PR2RH
RFg9LnJyYHVsUFdobShUIzM8bVdfY3EvSUNiLXFzUUw7JVxFQDNaRFFfOSVUK2FCVCIqY1hmWCtG
WkZaR2NsWGdwSHNSbDVlZGkydUtpay5tYHBXJkRoRkMrSWs1S3B0dD1OKi9yT11UXSohPDNYOTIz
TGN0XGNpMShhOztOcTAkJXJjND5UcklLYi1SWjMiUEN1LSJjU1AjYTYsQWBhRWcvcSYtckM/Sk50
PWgjUXQzWzVUbiZqcmFaa1NcIi1WWWpOQEtOLW1MNVRPaSNZUi42NihLKzlaQiJjSTAlaiolL1sz
WylNKjtrITgyUG5ROFJaT19gI1BzNXJ0R1k1NWEnWkVoY2U+NWxLKG1Ic0NQN24lXSE+P2Y2dXBD
KkwsJz51Ui5URGZYRWRUS0xjWEFWUSJBT2gjSzpNWGJBNUNeal5MPjo3NS1jZ1RQKmcpPHBER0ZU
YGstVk1AZz1rdVdBcToyaE1BJj0yUjBYQjQ2QjliaXJXRXVgV11DbmAyJEJKZkIkVlRCVywxa0da
WDdDSlZzI05dMkY9OThbWy1VSWk9W25vRWM1InEqRiNYRiorU2hYNGktaGlFVGVNXU5GP245b0pY
LVtkcDI+NldvLCIuTEhCJDAlOVw7TVIlLTxYRUZ0MGNbJT1lT1JkPz5yaShAckMqUz1AbjJwYjxV
ckpHR3A6TkA2Vl0lcExsP2phY1NvXUk7VjkxSCpGRF9TNz9ZZTY7LWAmOGwwZEZWX2xwMnVVZEc+
cU9cKCFoMWY0NTdzJWk1TTpKTnFDQDUlUGkmP0FOYy8hb0c8OCtkbURWIVMpQT11UElsZ286NiUp
KzYuVjVrZD5TVFo3aEZGXzlnLGtFXG5rLy1kY0JnZTVfLHNRMXVfPic4NzcsJzNeLkRHJ1dVXGMo
QzEtRkpOdD1oI1F0M1s1VGdVRGA3XWYuKStOVEhWM14+W2pbMjxvNlVgMXNNSGlxQXFiNk9vXWBr
JFg+NEMybStKJSc1Z2FUJFplbC4hRT5pKDVYTzxIWTZyODIsalREVVkybTVJKlYvKlNxOVZiY1Zd
OksiSVFlSCgtZWwwUkpwPUdsZyRRMkJFImJvLGREKEsyRjAmU1U5RzJDREJXZ2cnIVcsaTxga0NN
alcrWC0wKihhVCkmOG5pdXVUaWtVJEInX1NeY0VbVWBtWm07cktMLVpxUVMwaG5OSG0rQSwqQkl1
OW8wPDNbIVxFZlhwUkJYW3BlSyVYbD5dK2YwXjhxT15HT3U9LWFTJDNQNVdDOSYuYlBfQ2xZYGtK
Y2A/TU1UM1o/ZyFjKVYxY2hCI0UoUFFNWi9VMmgnUmZYY2hZWmJWLU1eYkhfW1M1Tk1dcE8mYktA
VjlYYS5Ia08kOVo9by84T3RqS2FoSmxIVUVTLyZMcyI8RTNTQC5LNltXJTQkO0FbKWlsWEtqVDor
cjlaXFhOKmtvWj1cbHBaP283bC47IkVXVzsoSXVyKlBmT1U2N08+JExnMXRMKmUoJUYwMksnUmU9
OFwnLV5MWnNwO2ZWU1lPO1tIXmEiRWErKmVBKkVwQ3MpTVNJbklwcjJFTVQ3OT0mUTQ7PV5ZWkpG
clctb3NwMD5FbkViWXApciMzQCRQSkBXQ1hnJztMaGJfYEMoJjhddGpxJD1TaHIjL0UoYy8tWVxU
O1JgSW1DU0lSIVBcJWNiMWNlZGNDOyFiaDZxYFY/JXQqY1U5LzJWMjVrO0RYSlpvPkpBYCpiJC80
WmNraWI4ZktAMElVb2FcN147XFUwKSRBaUgqWF1JQC06akluXlx1J3I6OXAjJSQ1VGdVRCI5Ty0+
KzpuZV0hZUVVcTs1Y1dAPFNoMzhHY2JKOjE6QlU4bCkqaG1qNXFWMkVHLnM9VGRRKkA9QVFLcl1I
K3BFXSdfQDhFSGI8LEdyMkY3V0A5RUhlZTosPGZVTmlXJmtxXGgtIy5wRCtOKjhpci9oI0xqaVBP
STV0UVs9aSw1W21ILypoWlMiJT1ZY11McTRKZixuUWI5aEoxVmteI2pWWyVbTDs2L2QnYUVlSlZO
RUskaSZWVCV1Lmtmb2Y2XjkyXmZVYkxiMGpVOlwtYUg5aWo8PFAhPS85b2pbIiw9ITdYQGRHR1VT
RUZyYik6ISdQJ0FbOnRZMFlSO1A6bSlfMkxkQltwZUczbGErMjlWI19eLTsnRSRnL2wvQVY1XU44
T1pELXAlLXU/L2xjK1hbVmRVLzxsTnJbRWszSSZjJCduKWRjXmdKMCUxViprWlxlP0MsIyc5QFNw
SlghKSVgYXQmSDwwRUFlPF1BNyhccCU1SDkoQl0tMl1PZz10VExcMVFtQTRoQFxUL1xmOzIhL1k9
OWsydENoXz5WOGBjZiI0Zi9YT1IhbHBlZ2UtaigrWSkrVD1cLVVXXzkoKGVbOHAqUCEzJG1URTop
YDlJNUxKJ2RxaEJNVlA/cCx0O0AuWCNMKWpea19YPSIsUEpOdD1oI1F0M1s1VGdVRCJDZDxWaVUq
Zj0tQGFFV288MCQvOyMxb1xdPGc7MzYxNCJcR0khUHFnLDVePylyPV8qNGxzP1RBZyMhUStaYmI9
MVJjRjdWOCl1X2g6dEUlbCk6UT09QU5zPWEvRzlIV2cvSEo/KjEkdVAqMUtKPylkPTQkKz09Zigs
JSo4REJGKW9RTCp1MS1RYTooY1EtK1NmWSNsUExDXEZtRmgxZUdQQVtvO29JJGJqKjotImg5TTMl
YnA7QG9SRF8hQGFVa1E8XDk/Ni4xalg8cmFhOTVQciszPF1OUkZAJjBaKD0zOG0xZXAlajxpSEpM
OVJlNlsla0RFQCZRQV5UYTU6RG1sPClRJy5LZDskcCYoKCJObjU2JShacl1LXHNsanJuVmZLOFVq
Uj48bE0uSTZUWzVYLUlIVTFTXCJjY04yTjg/biVvUz5gQyY7R0diakdZYUheUCM8dVtsYjVoLkoj
ZThxbztNKUlyQ2EqSkBzLlpXKWQmPkZnKDxbbjwlb1VgSDhFTWBDISwuWV4sbTZLaz9rM2JvdGda
XXJUPzRZNkQ8dGQkYHF1anA9WXFtJ0RPQ0ZmIWcoXTI6XS9rT3UjL2ZnRld1LSVZMGFuUyctJkFn
alRkR0cwSStFNyE/RnNdKDJxKz5FVXBeaDxPPXFWU1xqQ1QpQmsxcF9LIztXQTRHJVtET0thRSJu
LGRxcj1cakZvbDBKaTVtZjlqSjtJNWAxX3I1X1swPWY5RUAjIURJLzhkc19TOGNBOT1IJEJZbi48
XWhuVGZBaFFsRGJCY15nbjtEYGRmO1lfTWc9XD9jI0hZVHBjOyJgKmJWSEBjXUtGayMrXG1gJS8v
MVo7TCZUMCRqLC5nVE9tQjU7dDFOcUpWSFk4aCVvREtXPEJXQUVUUlwxQ0dtWSw3SmguLkdTREli
RF41blN0J1BsQ3QkZFkuYVxdKk9kQlFGKGBRLnMra180U0BcPSNlPUFcMiRiQlBIaUAvXE06QDRF
RCU9UHVYUCY/O2UsOUhSZTZlL0g3VVxwXDxqQVNodVAzRmwjZkU0aSQ4aCxTI11ISHNhYGQnb2BB
M0g/RiY9Mi5HUUFUTU8rYHFoUWEiWkpEU2s9aGZFYkhOV1dabDRqZlFwKzYmI0dSK0JEWCh0QU80
bFwhZUVUWiYtckM/Sk50PWgjUXQyYDdcTEVQYVdJW2s/aCVSOC1eOmtbS1ZbXG5lcylLUzBDKChd
ckhBRE1wTXFZWUxkZ0tHKFxHKUNRNjVtVyR0a0N0MSdiR09RWC1bVyEsWlUrcjs4PyY5PlNbNyhy
TzovXXFETCNKQGhLNmNpTi9eNHItUVM0PkNVNDFCJFFWRC5TNHAqbUMyPGw/RUBhQSdzLzozXCY6
MV5BMXJXPFw9dDVCW0krdVdIaz82bzheRyVGNTJIY0o3OVlrKE4sOEg/bURiLGU/Xm8xOFJsLzAt
YidbOU5URC5ucDpVMDs+S0lSNWZAQzw4MjkhaTRyVjcsU2sjbFwuY0EsOWUoTEojaW9OWypOLEgs
SDJtPUVSTiFPSnVoY09QczhxZF9oZixcS1RpWD0lLENnc21RaWsjQ19CXmUsRE0oaWV0azBeUl9k
Yig3PTU/ZjAsUWhIPS1UbyJdWyldVkJHVTFNRV9UbSs3PjxVLD4vImwuMkAiZU5dOi1cKyczN2lc
bUVZaWVnQ0ApWD9RXSlXS2RkZXVhdGVcciFBcEQvN1lEVixoYikpaXRJOWxcVGw7aCYwWktwNDxi
RChOJCYnSyEyOi1gXjVGRzkhMVVkPi88MyZTLiEuQWtudU5sJEBOTmMlQF1NNURbMS1lMmomIlFD
Pk5waGV1YlhQVmlxVVVrMiIwMG4mLV1qMHFKaCVHJiRGMiQ5KEorZyM3RUpWRzxqZTZKLXQ7VDFg
aStdXSQqTGAsJltLbEcwVl4wZnVTKiNAL2xfLzldSkg4dEU5RWspX1BrP1twVl43Izc6O3AlOGtW
QzRFNCZLWztjIz9qR0UiWmIqJzFqSk8oLnF1UlxNTmo1IUg4VDxHbEsubjVLZWU5VlwtKS8jOFVG
KmJtbSVcZE83OWE2ST9WZDIqZDhrUWBGKChxJTInIjtuRUpSYDAhOEttNzRkYTRcaDVFKj8zKzdU
R1pZJm5TTU5JTUw7T0QyVUM9a0hyJSsuO0pGRypiW1g9Iz0ncTZOTUZAUShBKD1CSUF1VEJwQks8
UDE8VVFoPGFPNEZbakcvYy5BVWk3Q0g+QCVUT01eUT1gQVo3Vk9vUSspZiMkcHRlbDMrVUsjSEhn
XmI7XV5McE9cNklQKjRQOUpvKWIhPmU7KltUVlFScG5lJ0M0KzwoREc3XypBOilAZVxUXDpzU1c+
KTpGLyNnSUJpZlRyJzE0XjI9WzZMJFtrLmtKXztwUi4uOjAra1ByMV0jWS8lPlxfTmhELzg1J2BQ
T2BLSiFZXUllJy9QWGUpWzdFZzZcQVJYclcrRCdAQ0hvUSIzIlA3L0h1aT1caExSYXJhM3EiaTNQ
VC0jI0haSWRYUjU/RE80KlhdST08Y3EkYVpONUtRPE9TKzhsKzpuZV0hZUVUWiYtckM/Sk8jL2s2
cUYwQFwhbEJJcylJaGktSFswal82XWAvQFtWalNrY0FMUnEuQFU+Szo5bzJnXV82YFtdUz9TX1FV
W01xYiJAM0E9KkZxNSg6VUJda21SKzVqPDQlJSZlVzJncjFGV3ElPmkpbEcuamhQMDVWQ1srQGk6
QS83dE1ZXipRIVFTIXJBJUcyOC9vZCFFTWIwXl51JT4jOiNdV2UwKl1ZMURKXXFjTEBVVDE/aUZH
PzUxQlVQcmMxQj51Pjk+Uj5LLkI2c3E+biU4KHJvTjgvLHBkIWtBczlyW0RHQ3U0bjBtKF81bVBY
S3M0NGo8TmxtN0lRS0VlRjU3OyFwPj9GbjZKdCUvaTtscyNAZV5yOidnUFVwLGswLGcvMF40V19A
Tzo+M21ROypEOXReOlZtXFY9R1Y9J1k4U0BAQEphcGIiWyZmO25jYFRPZWI7ZzFEal1aLWllZC9U
QWcsOE1xZz5eQSMyJWUpIlhXaHIjWy1ySGtLUFJGOllwQGJyUywtPy9jOXVaIj5nTV1gZDYtKGFh
U29nNiVpOTA3MFsqSXFkZCdpVDBULSwwdFpoYzxWYFhbYlM2L1goJHMuQlIhRl1mUmI4YFswdV82
XHRXPlhwcFxEXkY1Sj8xMXBeOi5FNy88UkpuVzZPMSE5V1NPIzRQT0goR09PZEw8VyZ1PTJVXjg8
KUZ0Q2pEOycqOFlUbEYmVFNhQm9HRDxScHUiRDokUVM6OWxqN3ByajEiU05pK0BTKFFQRC9EWGY0
UU5wMzEtOUdAcTs2W1JbVT9BO2UuZz8qREVzLkJNK0kkcyVHTUorYEg1LV5hJ1EhZFxAbmNwQVJi
OyNRJm0+N0lrMT9iI0lWPTIrNXMkSGd0WiRhM1M+RjxQcEZTZmgrKEBuKWE2W0AnM2UiYkRHPjRz
TUhSXWtaX2RxIzgqcF5MMl5ZLGxbQ2NlQmRKV0R1KlIzI2NgNklRMlNaSmExbjw0MF9LVkpzPnFx
YUVtJVgnb2BOYTA8TjZsQDtaKllBTWMoRkxvTCtsTlBUK2RoTWwrT1VoP1xDTT1BY2lmYkg0Z0Iu
Rl5mSCUxLTxYK1VnR0IoQShBUEYoL2YjWC1RTkFJPUZgaFwuMj9mUFFBXy5JWThMYW9qOl1LVGxZ
VXQpLytybDMsWnJlP2NFc0g7Tl0mZFEjcGphNmk7ZzNEbihNaEo4aFByXGFLXUpdTzxYYEwwNTVH
OU1SUWJxaVE3akVJWkpIRGFFX2JHOSllW1UjUVg/UFhaYVJGaWJYYGViRFFsMVMlJUInJGwiLilI
NTNuJkNDXDlGMD90c3AhPEBkLmsvTU11REY4RUZbXHNvMkNiPV0+Ji1tMVYqTU1lbmFXVVMrMiNv
X1s6PUVzJGctKGZjP0w5UT1vT0A2O0JnKV1OJiFRaiVHYjJKKF9FLyIqa0A0OyddWkNdOEhsIWJ0
T0xPKzo/ZyQ0NFJCUnNidVw5KDooJD4zajxtNDE2YGI8PTdTJCsiYyVOa1FZJSQlWT5hJi1yQz9K
TnQ9aCNRdDNbKG8qMmdcWjtRdT1SLTkpQ2wnSWhQQ20wPSxvOlUiU0dFM2A1Q1JaLkt0REVFaWU7
WSJdWjc5T2Inc0JYLi44aW5eaj0uUG1GQHQ6JTNLTVMxaEchZGNDISY3aDV0Nk9yVVRRcT1canNk
aUl0V2RJYFVTSVw1WSMnWjNTVlhTXihXbjBgMSw3NEZSKSVzLiJRM1JJbk5AYW9DR140c1BVM1I0
Z1pBSilQIW5dOUNUYDxqSjwhSDxBaDQ9ZF5wK1RDTU9lPlktLHNdRldtYXJTMm1fP2I0TFRFPm9Y
TCNddXE0WXM4UW5sJG1iRDNbYkRPWCpsOjExR1o7NC5Cakg/K2FoKzJHNG07cSlCMCx0SixlPmgj
T1xXUEZGXF9XJS1yYkg0WkcuO3BZTTIqalBxIVBzNURrMmlQXV80LUtEKUdmbEExc2whKCMxR1FP
KilfSzRNN0BRMUdPYXFBQ2sic2ZjNz1PKjphIm9yR2JJPFVgWVEvNWgiKUVIOzk3Wjlfb1hzKCpC
ak5iXU0wY1NcU15BKiosbVQyQWJnQm4+OysrRyFbKkFZVjZRaiNPQDwiLFhePWhjPExlWCVHNmUi
OmxkVVM8QFRsQE1oM1JyW0NMam8+OCddb29oaTVxXjBBLDFpVnBEVFs6ZTcwaygoRSpYUEUlW0RU
OGRbdGJAb3RebEgtampVckBxJUAhYkMmaD84PD8iWydSXUkraCJLZ0RzLyM1M2dPcDhqXUF0ME0/
VykrJ2EwNSwoKjgmYChxPkBSZTA+LnEtSGpQJlFBNCVrPE1ZYWhibUlmO2srayVoMUJCYGQhQFlj
YlFnO2JsJC09QmFgIzw+UDhdakxxZCVIT00pcDtQVUEkPT5LSl06YD1baiFXK2A9XG10S1lkcSpV
J1gwVFpoPEU9Qk1uXTI1Zlpta1FEdWlYQzApIShULVpBZChlZ2lDPkg9bGNjOUtXMGtrPlFUbUJN
OyVaP0FXIXBkWF5OI1AsOT8zNllCLEdNX2dxXUxfSC1vRypUI3RRNiE8SU5aNEZTQTNJY3NRWkQh
Pi5dSmQpQWtTJEdYWjxSdVlMJDw6ZWU6XihKWlRGayNqLWkjbmF1RyFFZlVoQ2BTWihPRF5GNUpo
LjRKXDk8OU1MRHJaXFRZQHVrZUswK1BYLHFyalhjUTJMZWcqPTYlKFxSSmdfP15AU2sybTQ5UDdk
QmtgY0JjRzgkPig6OnBAJEUiO2hvR2pxK0EyR2liJlQ7KElxUkBuXkk0UWNDaEhtVCZpTE8yXiIr
JF0uNydjRk9vZ1BldS1XO20iUy4tXnRoKEsnZis7JE1cY3VbP0V0OCQnV0hKNzVNb3RWa1xsTmQj
YDN1YDFiVDQhdVwhJnBLdEsuNycwV1Y2Syd0I0tSVV42LDQhP0EsLEFbKkA9IWBSZ1pXX0JXJCwr
S21NODUjYzA2RCo1azZ1JWI8O2k7XiIkJE4mNHA+QDszOkkoNVRnVUQiOU8tPis6bmVdIWVFVXE7
JDtlRi5lOGlPM0guOjgnP1hEaGJJKnIkMCY1NyY7QERGP2dpck1eY1ElVClSOFw9ZGM5SU9FcTw4
LmBcXEVbZlBsJzwhIWIpXDYvTTE2Yj5jXTppREhzRWJvJ2lSbTk5IyIlSGI2azg0JCpVOVkuOG85
MTFoaDg/Z0EibE9gXT8kcj1uKURBLXVWSSViPl9kYXJPNCssQF5QNzlkb2Y3O1psXTtdI0NhVFY9
OEckcWIjJ2E7c2ltJkdGbG5NUGsiKmZSJmZtSk1iNjlba2pIa2xEVVI0a1ZjKmVLTl07NyE1aktF
cz1BT2M0PnUwYEA9XjxoQClmRGwiU1Nnai9eOnMxOnJ0b2ZcTCtZaSg0Yjc4KSVRU0lAQEdrOTBt
aXFialhlYmlaSC1hVlFLUzBvW1NrWmNxaEknVzxKV1hgdC5fdTk4TFVaRi1kQCtjPVplSWM4KV5u
TCFjNVUqYGYsc3BMKD1cQCNSJG5OSi9PLzlwLVZTa10sKGIoJVBXKWFfYS1zNmsuailOQ01wKlVI
P28qWW1ZYTJudWk6RzhnZCRFaD9sIyhANyhLO0MwY1c+QElYPSVzYGxpZT9RKVRtI0MzclNFby05
LjRDPVdEM1Y5JD0qbyxPMnInRVllZ0UjWGs/QGVNNiU6WDdeW2UzOG8tI0FkPC9yU3FmSko8K102
LkpHL09oUipoOls2dSdjVW9SY1crSmlGbzIhNitAWD1kX1ZKZE0xbic4OmZMQSY0LXBgPEJcRyps
TnVeUk1pLVRRIzlLYFJBal5rMzVXMHFHRihaVCxmbEA3WSJQWzNmNyhDKjVdZChWc2lkSDBhNCVI
SlgwZCxUaDMyNUpobiUlRFEtQ0RjTS9abDxMYFNibSlwIWZGczlDRzc2UG5EVHIiRHQyPCRUZ0JF
JTpQdENsWTNYSG02TzwrJ2MnRTlmNGFRRS5aQzRVb1E1MUMvbUNIQjNgZF9hSnVnPkBVOEBCTmNA
MWREKyg3OEFRMV5wXixgMjtgPVBXcUBAaVZpZW9RViRbNFd0QEIiOU8tPis6bmVdIWVFVFomN1pE
LyZyRyZXO18/T0xkPio8b2spMERvJ0JvcmJIVWMwVnBFXFhDPTZiREtgLCZRIUIsOlxIQCQ5dW1Q
PDVCZnJUMHJFRmZZPllkJW4lbEFKXUQoQUZGdWRcQ09VIm9aPm5hSGM7XDIhYi1ba09aUT90Pi5L
VShJbilxUWg/V0tpQSFnWSliZEFiViYhKCYpX1lFZCFvUkVIKXB0KGRyN2g1LHQnSWxtUUIrPTBg
RCUpWVJqKXBsRyFHLWNbT2A5dC5yNkIyTjI6XD9eXkhFWkAxMV1bR2RVLkpWaHVAbjlETjgmOkI6
bC4wZDtdK2lYXS83PyRWR3BAQDF1L2BtKWFWMnFzUlEsM1EwSWYrZ180SmxOcnFhXl5cWV1UcG9G
UVosTyQsTFUrXG9pMSo0c1RcWSNEPV1dPkZHN1JNJEBkdWU2IltMOTtHYCNrcVZ0IWE3YW02LD5B
NFNMP2RjUUtPLC5CNkcoKVhgMkFdZkdxVWN1L1xdO15YLjcrLzFyLWY4dVhuaVtQbnBFLi5sUyZu
UFs2XjBtQ1Qick5hNU9bViNwL04qYmNoMmpgMGlpU3AmR05ySVRjb1tlN2wtY2VmJlFrRl9UYVAk
TCQuMElNdGZKaFRTOmI7R2txYDFUJm07TSs/KDVROlxHWS1pZS5faWpzZzpmRDFyLzUtKzpuXTA+
NV89O1RyRjRxdTQzYTJyQyFFZ05IKzBJO20+XHEmKyViSEskbidGU05JcDowX3BlJmFfWCIhYis/
KWEqZjlRUjEwUGlNLiRgVHFoMUZoSE0lVlJkJ0FZWiwwbGIqPnVVXCJbZlUwaExwRVVDU05UbVta
KlsjRi0hWWU+TkNJZFtpa20qZS1PQCZRXWpGLixuaDVgRyMjJj10XlghPlZYKWomSG9gUm0hXl0m
ITBkM0VkciZfc2RqXlx1PTxOJjtvUlddNTZybkIzSGo0M2hBZGNRUylGbFxRRTYqRT8qSSwlMmNT
W1llLytkbl5sOGJwO1ZTWDAsMypoUC5cakpUMitAYTBGQiZUV1kmUl8lJ2s5b2N0OCZnYDU4WDhG
VzVFRy5pclttPV42OENoUTFdbU8xSVVPXDZIVSwvYFFvPzwwUCFCZShfc0ZrPyQmR01iXXBdLGdW
bj5dWi9iN287LVNlZT11Wl1eSGVXMyVVQFgtSHBEUmkjOSppYDAtZCVVLGdkPHIhVTgoVXRnPEBn
Kj00VWc5YGxqRSYmVSRRQ0Q4ZmxxW09GcjNpX1pTWGU4V2llVUppLk9GVSE1NyQ1NykpJSdLczgu
bmJXcEskUlVGImY/TE0haWE4SkBlIi5FSGhAQCRzamIjTCw2JG5ZailoOSIpMVk6aCopVldWNW5l
b2tIcjkkNk0jIkxKZCp0WUcuLU9LS3BYayNRdDNbNVRnVUQiOU8tPk4pQFtvciJOJWs9dDNFQTdF
QmRBKShUMElvZ0NqIU07OEw8YDFGMjAiQHBcUCUkUGVWOiMlSTphb2hBQilQNFViU0w7Rlk/ZGsx
JzdJKyQ+cjppWTNsa3AuU0I7TlphS1whRCJdX01kLkRIQz1YbVtnbkgvJDt0Y1wzbjMvRXVMNVRc
TzRdZ2xLWGBHQ0xdOSpNcWBQRHBrJCRgMmIrNnQoTyNUT2BgI0hOQ2ZgdVA7YkJZbGlebGpwbXBV
czhaMEpFbWpdNUlcbUNvZWIxQl9AZTxqQTcvNE1wNylYPm1IIU8iSmArUGFeJCQ6XVBaay43LlpA
SktgZV9tM1ReWU9VRipRaVRfNzgvViYyV1guYzQ5cSxERSlcbjZoTGBtW19qKCQrXSgwKG5uJnJx
X1BQIydoN0YjPE5ia1lOYjw8P3RbZV1dXmJqOUNzKzsxMC4+MUlEcFdMTVIuV2wyJ0UxbyFQa0wz
UFxAPGhAWmd1MUcjYDU7YlBQPSY1WG5kNW9nIkgjUmJhMlc5JUJWaW4icT1OIV5QPT5qIUBbaipc
JmJEKEBQP0BGXCt0RXIsVGd1aFY3VD08JjViXyUiLTJmTlkrZy09UUhRWUouNWwoY2lWaiomYTo9
WzM2bEFES2MhJCxDcXVBcDQtamkxT0cwNTVXW2hUWWkuWzcqczlAXjlpUDZLPUtoNmRqUm9VPVkp
bWNMbDUoXlFFMWNbckpBJmwqdFw0KThVK1NpKko+alBqIzJqVkpvdUwoI15gSkQiP2pmR29XZVVZ
OlRfQGFBQ1dIO3NEOSlxSj07JzxSaD1WbClDIi1ZZ1U1WVc0WkVkS2JwQFEyaWpzZkg/SGtHYllD
OCpwcVtmMSpgLD0zUSpXQWdVPVFRamhgTzRwJkdJLz9UPSsrQTAwXT8zKjhyZkZtMlthZWxmJl06
WzE7LyJATk9qKSZBQl9jV3NgU2YlNEtJbj02MEZlQiQzZUVjSG5BW0EjWitLM01yLz10OC9FJ0Vd
R1I0Z0dHUiJSYkZKVDZxVj5GL2c/VzgtcTZ0MDkvPEdoOW8hNyR1UUhNTm5eaz0yNCdjQ05VSUdb
bGNDailcai1LKzFZPG5HPFxDL2JcYEokNzxnXXJwMkZKLyxIQGhdQ0cmaTdjQD9YYmE0U2JoLCs5
Pm5MVjFeSCxiR05lPVkvVVswRU1AIWMwR09nJ2N0PFNvJj9NXWMwLyo8Zk1uaDw3OUApXVgxZEp0
S0dSLzVuTERVWXI5WDExcjpSaSliP19ZI0REZjpWKSVKci82Si5DaFMiMmRQW2E0U1hyTVthbjRD
OlYnI103WiV1W0c7OktvY3QsOFhCJEImVXBYMnBFbD0scCQ6P2s8USIjZEg2bksoanJYLUplWGxA
XkQ1ZThTWjFhPT4nPTwkVS0pXUQmNGdia1RxTGclPmdqbDwwYiYkbVJbMy48MmpGRyo8cTUhay5Q
JjRCMUc1aDssSiQiS0FURWM5OXMzT1xjPDNfSWFhUTpdJmg2XU5KYEdvOGUnI0Zzbm8tXU00aiVm
XCFjPVxmOyshZUVUWiYtckM/Sk50PWgjZklRS2U8REMjbyFMXEJEJGRLPzJpVDQ2PGYvM1NQSURv
JmFKUFxwbkcjK14kKTxeOT8sTjUtQWojYl0wZ1Q0YHAqX18vckwyJEM+J2ZzSnFURFlnOGlEZm8z
UzRLamJfW2kmamojZms/W0omWy8vaD9hJkdGPG9FbGsnLGdnJltHSSE4ZFw0cF1xJWxkXz4wJENS
WltmbGgoT3BzTVNPPEoyciYpMEBdV2YoQCRwTV5hYm1oRyY6UjU1aTw/OkpeNiQ1NylYI3AhN3JJ
TF9PYGVqYVs8LCxtST1LN0JcXV4nSU4jMzBTUGkhVlc0VGtUSmtiXWRHW3RYam0kcUYyVVplYl9h
OzYmYyYsYiQlYzlXZDlhYjtmMEIkOD5uZGlkI2JASkdrXmEhKk5WMmdIKGtaJy1AXWNnPCVfPGJu
WVlLNWdgX3JmN0dPcDFVTUAqRW91Qi1nZjAyK05cTElYUUZtbGtwRHVjNmxJNEVXclNea0tjYDI8
U1A5bFwkSW1eYFRLcWdhPjRXXS5OYmltR01MMWUhKSU0U2JBQWFabG1PNGdLK2hyJidhbkZtR0JN
RC9wPlxcLTIvM2xpWDsmOVw2Wy0nK2NZMVFZMzdcYWlcLjtIYT88MFw9MkMnUSQwOjMhOTxWb0JU
VkdARTZgYT8qTFZhRlo3TDYsaSZOQD5IKipjXE4xMmBBW0leSFEsc0pybzRxVyIrczVjMzhYPXJx
Xzk5PVspLVhFYDs/WS9fXihaSTdsTUgxKWxOI1RMNCc/V0BtZ2k+UCVHMEJfYU1pakEsQ2duIzM6
XCFKWmV0IWh1JFgxZEckWEVoWlNlTCJIclVWJCpsdHFVY1ZqKmpUclJEalhdQWkhM2E6UTdRam9i
MlFbKmpEUlFGX28kZVBIVUBZLm1Gay1NZGFRblc1OSJfLVM0SGg/RUUvL1dTcGpTUXFiaUQtbFxU
TU5kQXA/c3FqNzxVJFkyQ0cwLmwpZChNI1kpWU5RL2U/SnVdbSljMCI8Uig1OlVOWHVOJyc/PU5C
QFZVQkFDTUkzSXMra180RTklbEQiNGUrcFpYWjs0K0UqKGxcMVY3XDZKK1FdLT1sbzIiak5zUV9k
TzMiImtIVmgyLTdVZEJpcWcxUFgrNWlPT2U3WVRQYFpmNSwwcjxZWnBiUjxFclpoUEFwWDNXS3Rh
KGZZJWtAKitCR2UmXEBlWUNnPGxWMlY2XjxHayorJ0V1Syg0TkVLJj1mPjZzV2ktRU5BMXNYKj44
V1xsVkdqKD8pMFtDYkdbNVR1RCtPT0BKW0kqZFlQIyNmJmAib2hvNiptMEhEWzlAWmEoWCMpW19g
KkdYbkAqNSVJUmhnb2dEYTVBUmFsSVdTQ0ZVMUBRXWpjMkBpVUBWTW51X3JmMWk1M0JYWjhWdUwv
LWZQczhFb1dsLklcO0U2aEMnQ19KdWc9LV9RZVdDNzNZcmEpQkJqPnIoKG4/VGY5TldUOW4qVlpe
X2tSODFJVjM3Sm1FLyV0XmwxIjlPLT4rOm5lXSFlRVRaJi1yREpOJDtwRlVGKTNRQTNIV0YtMF4z
WEE0QDokY0VXaXNQbENNOCpFPVshTm8uOUZmU1trbTlCSjJXUXNpJCpbM3RHMUFTI1NmRyVObDQz
KFc9ZXBOJmpFSj5EUWsqYW9ubk80T0FyUVxxJVA9MUVgcUlYW24kbD00PSUrNTJrTmE9XlI4Ljkn
bTJVLltRZmhRZ1gzcDpPQ05wZV5QO0dMRWMwUFMhcGA2PicoSXFzdD4lNyJYOGw6bDs5JmVlPzRn
Qy04SjQtLl5vJVcsUWVkQE1oXXUsMEVcaEVvNVxPcVYqWUczSClVSUZncU5qX3JmNGRITShqMCdO
KFcnKmJAdWxfIzxBdE5oQy5eSyI5WkckYnVJIU86YDdBZFMwMzQsSVxEJE5STG03LVsxdSdOMThZ
SFNKSCJAVE8kKmxGaCIxZXFKTyQwUmsqbWJTX3RxS18xUTwzXytlQ2lZTkBJWXMxXSdIWGAmNS0n
bl0rNWxoJipqLi88X2hvSHRcU3B0KGUsQVlJUVU9cVxiQTFqWlpiOUZLZGJUI2NLXlRGVShjUWJm
cXVfIS5RIVZPYDIwKTZSIjk2YycvNjBXQDtdRyN1MTZKYSMhaXImRy5MclZpampiOFpHZWpFcD1V
TnEuUC9cbDo2QktARVxMJS5gdD4wRXJVNkosXytYWk5kS1lldV49Jl1XQyxOcmRySFxLN1YnYl9i
Iyw0TDw0aS1MIjY8Uj4iLFBzY0tAYT5TYTxEQiRNbWU5OWYzJV4vW3FRI0VUS0lvWmJWRyhJdG0s
PmlzcDlVZDg+SVJbWnIjXCNaKFZWaiJcIS9RSEMwVUNVNEVTbFxSN28zM09II2pwVE4qSywuRUly
TF4hdUc5SkRvNltFOUc6SnJudTknMGRsZmkydFRALGFvNCcrVXAnZ0xndD0tXGRJWzFyJiVzIU50
SG5QcTg7MCcyMD9XY2kmVkRPPklyPDJlZCJZSCxjZiMqPTROLyNvZEwxUlc/KjRTV2pASjMmW0BH
Zz5QKUEpRV4hcF5WYUFIOCYwRVBLPlZsN1wqQFV1Nm5WXDtXSHA4ZVdTOz8qLmsnPzQiVHNBQC9B
cWpyLTJGLkUuWllSJC5EUl1IPEpBTC9OJ2sxX1xOI1xaQk48ZFdFRjxHPmlCbCxFZFJBLG1MckJh
W15YW09bQ1goJVQ4KT50TEs9cC9obVVZUWE6WlQoSGVoPUxSLicrZE0kaG9fZDgiNHQhPXNvVjw6
W0lOYllgV3JsJFFFcF5qVz5lQzVUVmtmXCM1IURRI3AkIj9vbEA6WSw1WlRFTnRUb00pJyVEWD0j
bTJTa0tIZUgpTiRgbl42RG0qJyVRRVgnJkpeO0tESUVBIUVRcV11WUxkKzpuZV0hZUVUWiYtckM/
Sk50PWhCME0+M044LXEpUGBZQS5PUys4XjxiLTBOVnIubD9bY1JkUFIuW0xTU2tiSGRwREhtalgv
bC1vNmkoOic+QC9MREl0K3ArNlpbUGxcSFEnJ0s4OG1HUUxKcy0+PFt0cyplUEFuQS8rSVcrXUFL
TUtyWSJHV2cqcSVQSihBdHJiRlstNCovcjxnLlAncSFQWC87K2dmaTYoJStNWUtBREJiMCc9bWBs
PCJWND1kW3VpQGFxRj4+VyVdKERuY21taGY8b05TTWNzUlVYbUpvLlQ/NDtMI2tvSG0pb0EoTWEq
P0c+IzInYVw8WjZWN2cvYCFFLi1NcVMlL3B0NSglaUZZMS9ZREhAJVtHIldzIlw3cHMjRj9cdTxU
TiQ2YWMraUBRaE9oXEs9YTleM0U4dUY5PSo1NWZlRz1yPGxbc1w1NV9QZS1ZQypyYXM5TDshV0Qv
SkxcV0lpZjdMKlZPPCFVRTtuVDFVY2NgRjRBY1IsW1QuQmgubWo3XWZlOGs7O2E0OkwvKmMmODxD
K3FFK1g0WTRZYmg7M1RjKjRAUDE+RSVEMHUqRCs1QyxbXV9DP3AxY1onbjMtbmJhNHBhIzsmPids
cSNwRFZmJzhnXEJqKlNaQ1glLlIrXCVrJjE/WWJsIlNjIyJHODhmbE9TPjJsdDFsKFgsUkNPbz40
MUpCOT90PkBOdGgtNG1Sc2wqUyspYVk/OyIqJVw5OigxXFNaRGc2ZVpWaE5GRiguPEVDckFITEZd
b1U7J0Nycm8yXzo6O0I2am1uXFAoPD0pdS5CL2ElP1pkcChUL2BPYCRyJUhLSm9LOCxNUTNnKydu
ZS1FU3NDbzlAW083UTBEIWA7SDFVXTpgcTNrJmVFPisqWkNYVVdrWltQYmpDRSVLKG1JQ0NUQ2tV
XSxGKzpCOE4rSiNyKVNQWy8rJTZcST06U2VaQ1plJz1SNCdJcWh0ZDJQN2pCPGpiOldcLS1WaXBc
W0doaExhMV09SHA9OEI6Skw4PW9uNVJRJi1yQz9KTnQ9aCNRdDNbNWBBUzxhWTVKZ0RsI0Rnaydw
WTcvTFNdLlFHS2VzVXVKLVg7dDAlJG9rM0E6UUxbKkg7LE9oYDdQOCVRSC91MzxDa1g8PScpKlJ1
T0xBciZZWmIjQCtxXUFPaC9edUQ0KVpZSGojN1lHbipAIzZJJ0UyKk9kIkMmJzRkcz8mTTgpPGAi
cSxOMi83NEdhQXQuV1wyNDshNGI2VGpQUHBFU3JNSHAoTmghU1VWJ2ImQDReMkk9aS04R25sNnBr
SiNicDciJjxmaCFwXlFUNHJxW2pbZyM/TSM/OGwmVS1oNTRCM20sWSlLIXNbdWdjXVM8IihkS1Rq
NmRVQkhURzQ4Iyc+S1VCZCJVTy0mPmY5MEEnRCtjZW1NXyFuSiM1UUAuPE9OSlpBMDxPcVMyJ3NX
IjdpOk5YXGdMYTJUSipbYm4+Mj5YNlFoQnAtPGpkOyclMWVwaTFOaGxAO2c3J1M8aUBcJV9QKmEp
V3BJMyViUSVBZ0FFa0c3UnVuQikmRjUwLGAzdTJeL1pnZXRCXzpTVGE0TVJ1UzdiLTVuOiMvJSph
Kmk4SDJiaStkNi1PN1YkWllRTF1LKGZmaCZZaS1bW2c8cyJ0PVJSLlk1ZUllbzFyOT87RWdDWDEj
ZlI2XVdxUy9kK2BzNkxFZDgwY1whWEoubTo3W3E0Nyo+SmhRX2E2V081Vj5JbDg0PVlQVlphKiFD
OlBucGlYOD8pKUorJC1lUTo4QDcpTG48Yy05aDdycyVHVSYlUStYNGpnMmlyVGw9XkdDazVyai9M
KSwzQEdXWzZCXmZOWCxlaFEiMlBzQEl1YSU1VVZoQlpRJUk2SDo5YWI7X1pkK2gyVSIoIVplKS4/
YSJRNnFnc2xfb2MvWmBCUWUrWXFFKiUoXS1cXVcxMVlKdEQ4UD5PaGM6QzBLcSdFQ2srNlIsLjNH
LTFfKU5DMjFXaGxRWWNlbFkmYypCUCdYVXRVIiNvNDhpRSppJnVJNS5TSiNPX21yT0xlTyglK2ll
LlhlNVpjI2lPXVdWOyt0PWtjK2RqMTtgZ0FlSyY3aC5iUVFERSU+JGRZZS1kZkc3VklAPDhtakBL
QUZ1OlFER01yRXNHaURxSFRMZCp1Q3UjNnRbbDBtXDxmOEs+XG9aJzUsVz5yVSFaKWBxQWtBJC5p
RU5HRjJlSWQ7XlNVSEVvKD9EcEwsOlZjcilaUjUpVEtUMTtCWClLM10lWiNbb0JTbGlFX0knRCxO
ZWRFQyEqIWxuRElpJm80bE9ZKV0+WWxVMCQlWT5hJi1yQz9KTnQ9aCNRdDNbKGtfJF4obiU7IlJm
MGoiQTNIV0YnY0BHRzhLbz9hR14oZDdmVCMyIi1hUDsyZy5fRlFYa0c7WClFcD1PbUVLP1pibyxj
aikmWi9KV1U2T1lyLS0/WXMpWkNYPVVgSXRGLkAzNkAxbUxrWS5ebk5tYkY9dWc+MUsyQjhHIS5J
a28nKUovPyo+Y0FPaThJRV9RPEkjMG4mSDJMKjhcNSRROkFOYy9qOS9FSmMkPC4wTCVIUjdEWkZo
QGRdK1w3UGBmODc/bkdTSTVQQEhNUGlNajlqZS1mVy4lYkpNITIociRNSGxQMV8zaUBBRWlJZSI/
QipmVm5PNmtsZychUnJ1Ym9iZUZIMCFDQl84Yk9qV0VARmUwbT9UXWUmclhCOigyWXMsU2NOR0NB
KjtcOyNLXT5tQTIsUmwiUVlmcSsvNmMlYmdhJWZSbVtmb2dIa1RSbDU0OS5iYWNCYUwnKEk5dGs4
OD0wRSUlMmxlQWJLak41Mj8qMGk7IT8tKlZlcnJtVkdvOyU+MkN0KTdRU1tiZFliIlMjRConXENF
TkxVN1gtYT8zJTJCdXVFVUpGOSI4ZlkkJ1w3U05FSWIiT21IaW5cVmVHTyNPQE9EO20ub3M2QjFy
b0M2ayEzb2ZsK044WHFOImxjQiNROFB0VWNZTkY/OVpfN1pHJWc8W0MvNlgpMUI3XHVvQyYoKTRM
Rl0uWT5IZydlIiZDWG1yZDojMWBcM3FsUyE0TlUvOitNWyZcRVwrOyYiOD5ZOlY7aiJcYVIxSl86
NDBHcl9JSEk2KjJNPzdiPl0iX09fal9GcWxaMGkuajAkXWsrdEUqc0AwakxkTXNabGZuMVVnQz8k
YGFtNi5cMENAUllSYFUidCxzNmZmcy8uTS5TMmJ0VmpVUC1XUUElOkE+Sz9CWGBvYDdgW2xTUipp
cWlGMC9kTTheNGB0czlDdEQrL2RzUmlCYGJkYG4qN1woSW9dSF5pVCImSGhtSEU7Q1xAUTtRR149
dTlfLzlrSmNLQUxicT4mKEg2MmNDZCtxUVVIQTNIP2klaj85ajRWY2kxW2VgNk0zZiZuaGVBS1xh
NGJFQyZvXl02WkpqcExvOC8kaEpsMFQ/R0ROWTArOkMlKClKTnQ9aCNRdDNbNVRnVURgN1JNXzwy
dTE9PClSNmlUbzlqLDBeRlNfZy9icmYrMExWOCtFbDM8SWZEOEw7WGxKck0tNztrSE5lYS1nbSI2
P1oxKzlebzlNaDlbbGVLYFhOWyQmZkExdGk+T29dK0swLDsjRCg0cCJISGYoISJlJVoyLm4kLiY6
Sl5NaXFncUtySilKO1kmKVppV1dHMFclaUNjZz1HJihEKmYwc1JSWEpgJSZaJzkhS1lrPEclIktc
TV1XaUc0MSk5MXNMQTdmbCsnOkBTV2xcUVQnKW4ibighY0gvKmpzYjEjK21XaEQ7dDBUcWdxMktA
UkE2PkM5YlxZb1JSb1tgUS5nW2hGVjNSN2l1TF1aalBYQSopU1lcXEUrNmNGS21MSFElcGIwUy1h
MTs5UXEvb1M9XGtUcjI5ZCNZVCQ6dDVJQDw3OURfJm4xUjplXDU3N0lodEo+cEtsMUpHc2lwTWIw
a2Y2VW1eRkIqWmpCa3ElWDprdS1SWS9VWXVHbTE4c2ZITi85ckNWUDZOcGlPYV0lV0lPOUtLaG1c
aU9SJjlgZSlzPUFRS3Jdam0pYSNiJStYcGNXaDRqUk9WbmZuWUxZNyo7U2tLWyNxJGJ1L2laI2Mw
LChUKSZFXCtfVWgyYD0jQjE2VWxfJCxTPlM6TXRWVCdwLCNOb19LYVFCQ2Iyb2E/b1x1ckQqVGQy
X2c2b0dPdEEoMDgiXiZTRGNfQSNJZV8mc0ZTS2czT1MqX1tbXEY3cEkrS0NvLm00bW4zSClTMzpR
c0BXckVdcjVLJC1dQzNmVio8T2MiY25cdWAvXk0xcjpCSFpbUiNRaDpLQUo7NDpFJGwhXGMwPGk2
PFpMbHFvXClPck5YPSRiTjQuPi85b1tUPCkzNFxCYiheTFYnN2tqW0hgUERaPVxkYkFCODxFTFRO
SUJeaWpaKUpYKEAoIlgpS01zWCY3Ui5jb2YrWVdPYW1Gc0tbYjtkQFNhZUUsMDUncys6bmVdIWVF
VFomLXJDP0pOdD90MCNCY25RW0EhQHM0bzE0YixFRUk9XGojODBuc0RuPy9PLGI+NSVpcyZJWm5z
OmQzZmVVSzAjL0dKUyZGLlNQP19Zb2xObmBzNDVxUUhRY0cpTk1rMV1dJWIjQ2Q5M1tfaTFzIihK
S3RqYCsnTWVwNlleUElHI15XRjgnVCsubSVtb1hfTTQibVltRXEobTZ1NlQ9alRcazBrMnIoO05m
VSMwMiZUV2lza20/N1kqVmpmbHI4VENwXUxaODgtYz11JWxjWig/c1pSNipTOk1rLD1qKT1CWzg9
QVBRPF9TJ2BqVzBgRDROaSlTbVhKYWUhJjQxZ19XI3FqRlwyY01cIV9iJWAvYCp0R20uXUNwcE8s
c1YoIS5uJEgvcWZnaylCSD1fJi1gSD1tPVc1bmhRSTZlbCxQRGdzc2UvbFktRWFdJlM4LTRwSik5
V0U8Y1k2bkRLXi1VSlk7WC5fOTZNNT8rTV5bLEY0Wic2c20iLTpIPD5nKTs1JCE5dUsrMXJzRCFw
UW5xQj1RZkdeInFNLGI4NjNCbE5vKktAdUwmMGg4VClcL0g9byUrSTNdQj44LUUiI2pHOllfZnFn
ND1kKGAmN1szU2FwKWVyZi1mJmZBPkBGNSVwbjM/My9AMXJJcWdbYSU5dW8kR21Haz8rYyRIWko6
cG4yMlsrPF4mKFcjNUZIaUVsQWkrKFEjYCgpcTE5NydmVWVnaUQpcm5tayRFPDlwOj1oYjBMJ01E
KS5mQThhWGFWOVdIcltONj05Jmpic0diLiFsYkJpLmhGImY5MiIwXCklRjdqVWBPXkw+Vy9VK1BZ
R2A+cDVsaWU9TlFRbTk6IiMmKHNYUlQ3ZmxAXGlTPm1LIksoV0RWOF8/Ujw7LzUkXURpUjUnKW0l
TnQ9OmVBVUorayhcMStiJUZeXEpYbigoTSg1PmpCRFtyNFd0QEIiOU8tPis6bmVdIWVFVFomN1pN
MzU9UjQ6Vz9xQypvZ00vLF9kdE8wVCVvakdlaiIjamBJcGAsRVlWZ3A0RnRWJWlBcGxMRFhNbD8i
UFhmYV1aWFMjLCpzcUFmOE9JaTg7Ri9MPnQ3NCgkP3RacEJwMVZvQ1VzPWQ8KW5aSG5gTENjYVtC
R1YvWGAjbU5oMUJ0KCRpdDYxYVhMdTZ0O2JbQTVZUjtrMSNzMm8yZixsbGQoMG88Rl85ZEEwa0Uj
RiZeJyZIPUQ0O0IjIi8xUjVrXmJiXi0hIVIpZ1FObFVoUUZiJ3NBTSslcDVibFxVRmEjQypCMGAs
VzplYE0lcTw+Iy4xOzk2NDhUaUtLWV5OXmdWMic2MUNvTzFsKCU3PnJlYGFcJXFXUEcqZGVsVWc1
UCM/KyNBPWtNS1o3Oi49QidjNSpTWHNzOz5JcnFzb2BYLjwka3E+OChaYS5FUFNjSDxKaEQyUDtu
MnRwIWVydXBpZmJWWF9Wc18nW0hSOFg8TFd1WHFiIThDImE5WXBFKCsjOUNuTC9nNkQ9ckklRkov
MG9VJEVfLk07b0ZeWSZRYVQ7QS5RRTMqXjRxJjAxcD9lZTgrOTVUZ1VEIjlPLT4rOm5lXSFcbmts
QDJMbHRrK0Alc08vc15uMGQtWC40ZCMiWDteVzwuVVRLT1hrXGItN1wydDs6TForWSZZVDhxOHFk
bzM+WiJXVVhPaW5MUloza2ZEPDMxJVtLJVgoSDUxITAwNF4yaFQtbDwwPic3NEImUEosMlYlTVYh
SWEvcHJIZmlpNXM+LkRJY3BjISRXYmdOLDVpanFPIzJgSVomZ2xfSFtLNHRrYiJBKyUycmYhYklK
MEZsXTUkUSdSV1hNIS5CV0FoPThKLzF1OHE2YSJqUnEtJTRuOS5hYlpOO2NHVm5aTlMmczBrcVs2
TSUnbyo5ZlNtPGgjZkAoZGlMbXEmWUhFcSU8XlxybjYyZSk8b0AsbWhRO1IsI3IhR3AmJCxUOUgq
JSRjJVRQJDtWYVZwSlNxODAmNEhfM3NrRHJYTStyPUFLWmUmIl5IJSlSLXRaY1RfP0xXQjUkciMx
NSZoVjUmIy5mNG1aP0pmJzYlM2hdS2ZaVXFYX2JnIis+NGI5cHBTcG10JjVHKjszaTclXVFoZkJT
bUR0NiY4ZXFTcm9oX1dBZEAxLi4xY0JzZG9wbk9MM25tL2BWNzdRbmUhXilZQ21OMGZqT0EtJl9s
UkReamgrLGBecys4ajJQTDMsaFAscCQlQDBlUjBpSWtKYm4mK25ZYExPRXBDYkk1TDFIR1xbSmBF
NCtBNDBRcm44PzFUbz83MTFQSWoxUDxGcztUcFNSPyszW2VSW0lAMmBOYSMxQEBZYiZZW0U+Tk5U
YG9iIyxbS1RTR0lkb0ZCVilkKypGJzw+PCVLQyY3N1BoPUdhPWJna0FHVGhYanIwYldAUWRINDR1
YVUySjkoW1k6Uy5qV2QwaVFxclw4YEwkSGU3NSdJT0hSPzYyK1JoV2gyRmliaz9xcWohRUNuJ05i
I2YxdStPMz9xZmtnYCJgV3FdKVRfVzNdaVhRJFkrR2MuPCxiKzFDQFhCWCsuQnJbKGxzRmFacT9k
QyxraDxpdSllLUBEVj8nNCIoYG9gUEEqNz41KXQ1bVA4NSdZIW85YDEqcG1lZE06X1UiXl40SjQu
Uyxual8yby0mSCJpNEs+YFltaCVCaE5gci9dbWghXTM9P29iW1s/JWl0LkU9RTQ/PSQ2XDMtb3U1
JGFRPzgjUXQzWzVUZ1VEIjlPLT4rOnNANk1wdDFTOSkmKExhRWcvaicvQ11dUEpZUW5EIWlrUTBs
TThbRDBRbnNvamkwbS9aQT1WXk1VJC4xSW5FSC48N1NrME1PIjxnOV5KRSFTO1dBI0pPLzIqO2JW
JS9WKz0vVUpmUDtHPyFqQzRpczZCN1wuI0leUiEkO0xQKzdhSSdTU3NCVjJdWGc3IUljVC5SQD9c
c28ucWtISWdHaVVjNEYkUS0waGFFamliXU4jV3Jkb0RgVV0mZUE0K21ALSFgWDEkLmAxSGxYZCNI
NzVIVEhAbSVXMldHNUtDXy8/NjVRV3Jjb1Q2XnMrMDU0aSxISVlJckJAV2tEM1ZEOzNUaWg/IXF1
OiIyQDVZbnE1UFtkKjhIL0grWlhLcGAhMS1BN0BELk9LRkRZZVpAIiFGL0AnZFUuYDZsVWA5VTQu
WG5XPU9yWyUmWUEhMUhVLywrNW0sSGVrcmdPVnBQOChicl9hIkxDNjZIIS1SNnAtOlU4Vixya1Rx
Iz1uWlg3a2cwM1FYPShNaj8kKTtgb1IjPWM5OzVMa0o1Im85MzVSQSc/aUgrdV5tT2RfbytbS2FZ
PFUvYFJFbitQPV47TCRkI3NbRWUnVUk6UDRqOjdyQyJHSS5mU2o/bj0lS2ZnNTcicC51dFw0WSlI
VyJBNDEycjInc1libW9FXXRXaldXWGQvU2dFZCkncl9VOSNfLz5NP0FTXkg2UlxRMl5JYmxwcm07
VzUqU1ZuYjshcyRZcW85OVQzO2lXaVtEOUVXbypicUBUZVNYTjhGbyFVTll1I1BOM1ApNyNrM15u
TERucVkzJiYzRlJJb0hXLEtxZ1I6WUUpSywtInJHQWMsPGcwcV9mXzBmdDBRaEdfPitack5Ebjk5
TFRXbzFZZT8rdGlmI01yU0NkK0JqKEJlXyw/cikqUTxcKjdCXnAnaWk7YnFhZWw5YyhPLzctRTI7
UkgyYU89P0NnUThlY3RZb0VJWkJATCRaWEZOMGNeQWEiLkIsVyZYWHVIL107aU1YWyQxOCtDTW5f
Zy9vWk1MRU07c3E+ajhNIjluT0trOGRyNVdoRjxhKiY7YTFtXWE7dVA1PCtOJD9VbmBRK2ZXVFtO
PD4nPCRjaVNgPkkkOWBOYSkmR15kPT5FWykpamJNIl4rViwiOU8tPis6bmVdIWVFVFomLiQ1LGBH
cFcwOSJpYUA/aGVBUHJGSTJcTURbLnNmJGcuV2dlaUU4PUQ3Sl1ILGEpLVBxaFVoVStPOi9IQGsq
XipxWStIZlVlNTszWi1iSFpDXCdyJEA3MShlcnUiWmU7QyltTDZZNz1MIT8iZHFATWQlSFdDTXVM
Kz44OmMoSjA3ZStCUW0/IVZSYmlMMz4lIWYhKWRFSXE1QC1pTlFma29Gcmw8U1o2cGVzPTArNSpu
OGBIQVwnQVNhYDloRV5VQkYyYDtURWVFZShOZnRnZytKI1FoIT1BY280czViNlNCPmYrSmdNLWZm
Oi1cYjBJMkF1KWxFOGtGWGdtSDsnNFdyJUQ5XkRxViVlaDBeJ2dKZGVKK0xsWmtMOFBQaGxOQmRQ
R21aIlY9PE07XlcibmxOdEU0U0JLV1ZTRCJNSWx0TEY/LU5UXD8vNzd1Pk8pZWxbMlhtWVhoJVYn
KEIzY2ppU2kqO1hfUmNRJkxkZ0xWNzdIcFRYR1FmSzM0T3E6SnA7J15ZZzdYZ1YmZ1gpVnBDSXQi
TXIoaTY5dEFBTV9BVmNrZmE0XyZVayQvQShIaUMkbDAmXl5qWUc+S1dbIkk8bThSK2Q7KWNQWT9v
Vj5WK2g8RlQkSWkyV01jTWRqTXI+RmxvNjs8RUZuJj9ZKTNmNkM/OD5jYE0oSHNEVXQhYjdqKU5q
Y1wiMm5lbnAuWWBQbzpORSRvJjY2LVAsMFM0YFEiXSg/TkFBKDV0YWsjYkU0TSEtPzQ2cSJKTCZK
dTBUSTghaVk5VjJKIkInJnBpaUVGNG5uUThSQFFZKk5GR0NRb0g3N1YlbkhtJnBqXTkmcDAvO2VE
Tyo6LClzN0A4MSVTMmY3NjAlIUEhVCVKR3QlK25UW2U3WFR1SGdfL2VmV2tDXVQoSUtYYkRUXT9P
dS4rLT1dY2hmKjxiW1dIaFQkdVREMzgtcSpBPm9wVCNFQ1NcOEhZbVlpZGEkKjc+LGdUVENPMFpd
KSQvaT9pck0oSmojRycvLmRUK247ZkBtLilqX0NxIjxaSyZbL2MwJzBKSGhzLy4iOl1OTyJ0ZEYk
a3MzZnU1PzgrN3MuOTIuTVx0MFU5ZXJOKl1qUyE+V01eWHU0LF9GNk1eZD5wKF8+TDorUjk+YjVU
Z1VEIjlPLT4rOm5lXSFlRDMjcGtpTTA/PSpRdXFHOiM2RSNBWkFNKjhgLDlfLlJnZE47J2MxOFto
WzhWYW9aR29jPWVxRCoqVSw1LDhKZlxuSUVKYyIwRWIzM0M9bD5RdUNMSi8oSElJUjZjPm48ZXNy
YjI0YFJwZjJYaDFfXCkuR1VKWERWYFRYMF9jW1ZmW0siMD5pMm8/Y1RhUWRmPjkhUTRGdGxfcGd1
WWVqSWVUaUpVM2QsSVJTVXVrKlE2Nm1IcC5ANWZrcDtXVCQjcGwuMj1xRi9WVFEtI0xEWkNKaCFL
RmM5TTNdXmkibXFiXDpSKDtwZFQhM04rIilRSjR1O0txUFpLbmg9S0NZV2Beb0hLZ2I/YkdoSEk0
ckknKDNnR0JWLkNFZkgsL2UpXjhnKjZvIVleV1AoPDNuKWw5KzxtTWFCOWt0YUtkUFllSiVbQzEr
IiMwJD9HTlNKYVBRdHJVMi9EdUdSRmZXcTRITl9uJDdMNVBKKlVFbS9lJkk1RCRxZ3UhM0FsMFgv
JWNAOUlwKTJZPThpMGNTSGpCWTxSdW9GRzNsYF1kViovPTorbmshJEByYVxrXmgqSFpAaWQ4JGJh
SStsVmEoVF5xcm4jVjNhRlFUcCpGJ1VsamBwJzBDQUJkWWteWFFlNz4xViNUOWhHcjFdRy5hKl5n
cEhJS3AtY2UpYm1sYmAoYCg2TkhkSGZjcFJ0OTVVZCZIc2ZYYCQiOkM+bGpNUDxrQ21TaU9HSTlu
cVc8U25SO20iYHBfbnJFNzhNT3VDZksnJylqOzhWajlgOzs+NENPLCRYTWMpNy5haFU+c0xlPDda
Nm1HSS5tcSlDcihfLVRJXyFnOTxxcm5FLSRxLTJybmYkWC4pQCE/X0JmP2tMI0pVU2w+Qk1PVF5W
bjY7XlorTHA8UE8iKERFNkF1X09mTiE4aF8yQ2YpJ2ROPSUzanRxWEcqMkNWVkVjOm1qQVVKLVhn
JjJFakRbVENWMjciSCJFQCRPU1trZ2IldHNdbU09TU8vKld1TUcvTUdDXHQzVEtVWDM7TV1IbCdQ
bERVWypILlpGbTkpdUFkUV1rLCpLaVZsOFNPdVxoU2ZCZDdPcj02Sj87b2s+YWNCI1wySkwzUWNo
LGNITmMjVU5VXkonbGVfIk9DZUE5bDopbTpLOywqTzhRVWlpKWlpPD9eSDY2W3NWJnBwYC5BW2xe
XUdNcU1CM2JuJUZpL0goS0djJ1p0NzthNTZyY3FTSy86JTBAbS42UShOOiZHczg4cztpPi0wSTBQ
PGdVNzdTWExUOWk9RyQyIjRaMlNDKlAhIjF0Li5NSldnaFJMQVtYZGNyJy9rcDt1LidqSUdyNDdo
RE80Km1WW09SJWFeY0tpU2A2OCRLaGBKYGZCYjFcP3FudWMrYWhzPyQrcCVRMDY1KllmNCpuTz8+
ZXVkcmIsXWZpbF08RUYwT2BccUI3J19GIlBYcUlDLD80V0tTZkddSlNoJUo0T3BSNC8uNUlPTidw
Zl8kRk1ISypQIW1oQ0hXcUsmbGAnJG01PT8jJDokLGMrRVtUNyNBYWBSWkNWSkwhTmllJUVJOFhQ
IjdIWTFxXWhncUZsWTJJJ2kwNl49O0IkXEVYXzYnWl9uYV4sVD9PaFwwIVJuZmNVUXU/SFRAWmVZ
PnVRRUFZUVsqRXRlYy8nKiYiNHp6QGkjZnIpIURjNm9NYEksRGgkQ0Y2JWRRXUNIV3VoUzBpQXFY
NGFsLXApUzYuYFZWQU9UIWQwciw0J1U4P2gnLWwuOiNKUGIoQDFwVStTJVA5KlhqMiwuamEqPXMz
Mz1ycEE9ZT0hNGd0a2VpI2RWRyo1QzF0ZlVVRyxZKEVzN1gjJFMkMjFlIkJNMzphNWdMOD5YJjFd
XHQ2ayNPR0hLck9jSEZrZG1PWkRsO21dUj9TJ1BJczcyVVpyL2VZbU49YGkoNF8tPyNlQWZQVkpn
cnB1Vi87QTIwPSJkRmo5b2s7ZVRMPSUxNCIxYUBuKGRqUWdhJVVCWEtaWFBxIXRBSi8zS28wQFNW
SVVsTnEvMF9tWTQtWildWG4scjNkZE5yQShaSGJVK2cwakEycnVRUEArXixPUS8wbFA6L29rI3U6
QTokYSxLUEFzaGZRUFpMKSJMPSswYTwwb2VNWV5ZUjhLQ0FsIm9kIT8lZissJlhzYUwyMlMjcDFT
XVItZk1eblJVVyNGLms4SmM4VT8xTVNTWmFfJT9lQFwtJyg3PD0rKF06cUVeWlEqZ1klZT9VMkxR
PmdCXWxnWFxLZixDUitvXGYpTSNWRzY/RDRSSUdhaWI8SS1NPWJnT2RHOU4obE9zcDdjXVw2WSdz
IUVmZV9CcUI0VUxjSWhLLWVwU0hmbic7Uk5APWdVR29pMWcqaz9WIUNTXGp1RE09LWleVFZbSEU5
QG5fRytdMSxWZkY6IlJrLnBdImE8SCpSY3RXNF0xNlBYajBUb2QkdUVTI0dTTVkqUU5cQ29DLiI1
KyoyPDtGUVwzUEUuPT5cWG1XZCNUNSJkUjRWNE9DcGdncD1kL0VQRW5xNyQ3UlMmPCZmYFRnWHNg
Ylgibz1BMUEzNGVlaCklYmwtLXNtSz5ZY3B0YFYtJDRfRy1ONDl1dV4uIjFrJ1Q/IVhGZmszSWBL
YV8kQWNWTj5hZ11AL2lrOV84ViptbXNqWCQ0OlVoK11sLTdIUi5FZzRjL0pWXV9iSiJnZSdnLktc
aUE0Zjw5RyhQSSwkcDliRmpLMC8jN1lpMXNcKDZaWUUwRFI8dHReSXNjZi1TTFFQaGJcWDNJJG5V
dUwjbSJPImtWM0dRLFk3dVA0UUVFakdtWWJeImtMI2JDTHF0VmstbyxaRTFNT2pCOGlAQ0xYN2xj
S2NxRUJ1MEhGenohISdnZUFcSUs7P05uY21vYFU2YCVHcGNSJWgyLTxFXko7cFtaM25kRUxVdSQ+
VjpHb2wrRCJcRTgnPTMsVk9eS1c4Z2tUY2leTl0nQ1NeY0NMV2c8WVZuKzdnN1cjKDhgJEh0N0Mx
LUVCISlMWi1aOWFMRzJQWD1RXzBVbW9uQHJxYEElYz0tdW1oRldoNGQoSitbJmNsVjVBSTxyQHVD
KU1fJ00/RktiMVNjPSgkU3RRZkpJZV5hOltHTydWOHF1TVRkWi5mcXM2W1pqZmlfQExnLz5uNkNG
WGkxMG1pXlYpXTc7JVdyLz9pVi9Lcy1DMjw0b3JzRT5GYTlHRD9YOCUtPGlxMT8naHQzKko5PE9Q
V1hhMF8kaHIpazNYUVJmajMmR0tbZmlQYWg+MD1WV1FBaEVDbG4hL1s7YlUwZFwpMzlXW2RNcyU/
WTQ2Lic6RGtrWXQrOC5yQUFTSUw5c3Bjai44MjpPOCNFUy5fPllPTUJDRiNDdHAwNFE3T2BNZTBU
Yj5ydHAoNCJLTzxzYTtWTlBxNyllPlsqNyVCLyI2JExWJSUvdEQ5LG4oVk5ec0QqdGIic0QzQUVU
a2J0VzpwUmNaTi5YIXJLJSUxNT5VQ1lRNlQ/dUcnQi5hcS40TEJEKmYnQk8oKlAwKS5kSWhVO1My
KVAmPyZEZzxIPjwsN3ErSztUTmlHXjdbJEJ0Li1JNGlEUzxvSzlGKSpcZiRIOUBkKERrcVZWYHJV
IW5KNjAkal1sblZJOkBkazVQO1Y5Y1RXclxwP1Y5Zl4rMCRGOT1wbjo8TlJXKEgtJFAvbDBQTUpq
ZW5vTEFvKyxPQzYjQG1FRiU4TD9eZmEobUpGSjY0byUlNCxoJUgrMlVcdTFpVlZcR0IjUCpfcThk
S3ReQStlcWNscTAvV2lRIzo0Z2U/alBeVz8yZmZlVGBSPDgnSWEmZkRrVU9PUiktbUtbLVpfK2xC
VGErZ3UsZ0dEKSYucFtdXidgUUhaSGVaOi1lXGxIZmljYmtMTmk0QHJxTjhKRC9JPEw6UWhjWzUv
QU06WFVFYUUuYC8sXU9aUzFwMy9dRChoLShHMU9zSytpPFcwU2VeNDM9aTpMXjlFRTpsZVppaWJt
Rk8+Qm5Jcmw8OU0+ZFFmZDRkTFFyV1ZCZkhIKkRKZF5MIjxOO3JrRk9TaWw3JGdwNnM0cFc1Uz1X
UGRsNnBQNDMnOlpNWFlZNTpOXS9ORmguI2UhXE1mXyRMTSYlZToia1NvOkg3RmpvYWVBclFpN0Be
SDNGJDVZcClrZiRWOSE4TEQtYiFMVmMvXz4+OTtgbFJYXWxhWzp0Slg8bWxNJGdyZENdPmBjYzxB
WGNYOWokT25Tc21yITBYZ1wnUDZvUW9jWEY0Tyg7UEFsJCtHL25Abmdmakk+LSZHVXRgRm42TS1f
XTo4ZyMmZllxM2cpaF5BTTVWL2VQJjY9NCVdV3JgcjtkJFhJSTpuczMjLUJFRlEsMD5DJ0dNRkEn
MlZmUXU6Wy1cZUVQJyJvISZrcSZuOSpQXF5GX0NYVjQ5aFEqXD1ObVI+Ozc1RnBGUkpaLz5jXy1k
Yk4iSFBAMEkxYW89OXJdJ0czSDokdHRQaFRqR0UmNnIhMnp6ISElc2BYOi9UOjgrOCkuTSFxTkRd
LHBNRCVHcGJHNDMxWzc2TWAlNmpLWDJObERLYV5WaTpAWztORzAtRmcmK1leN2FQdDgjO2JxPmhc
MnRQJUlNSW5Way11UGJsIT1jXlYsWXAxbEknJyE6aEtyJ0cwUDJaTjBdakM9NkczZFRxc2dNWEY2
QzlhIk9yRk4oMzg8SChtLXRVNk1laWdYQToibFd0O2lkRTcxal9dJUFuTE1MJWBlNzxbWEQ6UEBW
K3VrTzpKXG1TW1Y8LDItWCpkL2pGZiU+Y18nK2FZcGhnT0cpa15SZ1xmQThlNEg2JyNONWNZO0sp
NUcubU5EcTdgLVtmIio3OixTVmkwcnIoSC9sPXRVZFFUXTkjNXQ3MiIiLVYtZm9kJHU2MUpPR2A8
PlZuSWM2PG8hYCooUlNQRVZkWTQ2dS9lY1Q0NCxkLV4zL1tbTFQiNDNgPlg+MElaRj5QbEQtPk8t
MEBhaCk6VkNwMmxXbUpJSDJmZHB1U2wwOmxKRVdTZ0VvJ1xVQTA0LDxub2xVJFpkWyJIT0libi1o
Vj5fY2I0Y3RTNFNUQDlDcjQrKVg/ImpvSDhePGMoaiw8aUkwZTlURF1XQUg1P0NGSUVoMDBkNGVL
dDY/ZkhEY1BuUUshb0ZNdGdBXV9Daj5xS2ZELj5BcVNDbERVX0dybVJSbDt0LjxmRG5oVicpVVtJ
IUdvSWUmbk9IaylhQW8+aWFcVT8rbkM/VFcsTSpzSHFXK2lEaSk7RiorMEh1Skslay9kVU1rWUlF
TXFGMTc3VjhtLlpgMi1nQVU8W25naTU8ZnQkazVcJVByMS46Y11bLjgvQko/QCptV2w2Rzc2XTxp
N2VvYVlBSmY5NyUlT3NEPGozdEtvYm4mJzIiYiJBS19HaDFgWlNrLEhTcTNFOT1cTW0uOCo7SkYz
Vk80PFBNcEBZMkxDPj5yQkVxSExYbkMybUxRTmlkaXErW1BwSSFbJiVnMUAuZ0BzSTlvRmBRKEQ7
RG1gZ3M+WUdYUyFocWFITVJYLCtDNyFmSkc8dHJzLyNlTm1hUzg0WThjcyhZV3FpWVI1Q2ksYl5F
L0BLaWZOMGthTnM8ZGhYTDlRLy8ha1dPI3BtbE84XEAtM2xUTT5qbUVfRXA7QyZVLUNjQkpXazJc
PGBaS2YiSEZsbF88UyhLKEROKlBeYEkjbitpLzlPa1pHZkZyUzZpLGE/RGMvZ3VnKW1xdWhkcFdw
O0hvRzFON2lENWRkYE0/XV4kJ1svOmg7KkQwNS5uaiRoRV1PYzNhbTlhPGxoLHFINV8xKDZ0X0Vs
XHNGSTE3aEdocmdcSkQ1Z1lKMCFJZloxLzYxPXBubThvS2kkRWJgVnp6ISEoImswL0FKRTNtdGdr
biFpNl1LI1dJdWsnRTEuRmBvbj08KlswYi0qW2tYcCcnVk5LZ2EuJVhqJSJRYyVVal5cRTxeOnEw
Ml00aEwhajJILD5aVycsUzZtZmtXYEIqOFw2JEghPFJVNiwoIWg7OHE4WEJtNkhcZyRyJlNgW0Vi
KlpyODc1TTVAOFJcU3JNQForSGovcEwvakFING5BLFIzbFpsNTYkUmBXL2RuI1ZTJC9KOCNvSWIt
Z0JodCVVVzVCJDlHa3MtYDhTZS1hLVkmXG48dFRcJVRGWjUuQVpWZj1BP1hXJDRjZztORzFwby9a
XjNtP1FccF0sWy1nRixqTThUI0ImKldlZzpHUTpUUCFgKW5uWURqPiZRJltrcWFSPVM8MTxXOjE8
aVlmYlhfKnAmZWdAQm46XlUpZWIkX2xKcE5RUXNvS3VBc0xWQ247amc3MVE3TUAuPXMrKkBtZUlV
I1lScnFHc1BSYloiajpEVTpJVjUwbzRnR1lNUV4hb3FYZ2VxKj5WSXFEWSwwWj5VMVxKOCdBUkJu
KDVJOjdcT243IkVpLisyR2wqW1siOkxaOF1nIV9hQ1QmZXJzT2tCV3RiOWA1JzRdSElSJzAyUD0x
VCREP3EsVEVNPzkzQ0hXUF1uVVc6YFIwMChqKEdGc2UoOVxIRUUyWVpwL1FQRVYwbSorYD9bUE8j
MXFoZV1wbkZZUzJqO0ldM2VnIV08OlxLNWJCJzFxWUcuMjFmI2E3ZDFBSEdcMCdyTzpNUVc5XTlW
bVM2cC5jQj5oQixhakFAPiFfVmNGT24wMjpJOjUrMWVWJmNXOyola0hMR0ZBZkRFXkpuKDEsMWwv
Wy43ZG4hY09KRDxNTCsrQCY/VlBDI2MuNStKR1U/Uk41WU50Kj02dUVfMiVRcEpnLVpYZjprME06
N3F0LylnUT1jWTkuUSYhcURuY0Q6TTFWODMzYSdRVW8jPHRZOmk2aUAlKGIjUktCbCljbkJARCty
cDtaPCZDbzxKXURZY04zPUc6Oy1QLDNiTENXLztJN0xwaThGZjtXaksoXDNeQCNUOj9FJUxfTTIs
PjMsaGNjdCxnSVs/altOTFVuQG9EWC0wMko5NyUxUkhWKEEhLDlyXkFKbC8yLyUycStdcl46IUBj
LWNNXzU2SC0hVWdpKikpPS1GUlNcWk50TConJ0trQjpnPV5HX0FPU0UnNFk6W2RscG5VcmM4alY1
JmM6Nl5SJUxyTHNHTFphOCpDUykhT00zJXFXQkZPTVVcS0Y9cTF6eiEhISM9L2xsXWc7PWVRIW91
Xlg4RyE0bWdVNSJ1VDBXRlw0Pk5wXzw+WWVGLSthcCZwbF9UKEA6YUFQRWshYz4pSS5MQGdZPFUy
XCJqK01YWTVcQ09nQSYxWkFTMklPN1pdcSJDUjAoZFhLI1dWV3JEJlFsSkkmaT5sVVF0cSRXPVI5
Y0lsVUVPaWJ1IkVAJHQxNmE9dXJzLyFvczhINSRyYDhpJFhhQmVBWFNrb1oyLmRSUyo0a1w+Ojgn
SkpNWTsoW0dPK2IkU1wyZ25sXFEjYTgpKmhbPHVWcktBbyRoPjhWZUFJRmxgNTRdQydYQEYhWjM0
KiQ7dDRBPTM6YVhzWUJVRzY+MlpoaiU6QXAuTnBoNTlKQmhNXVRPV29pS2Q0UkFOXEY3bSg1UFQ6
SU1IQURgOjVlaGUxXFA/dXBnbTQmbzEpXUdiMlpBTykhXWg+KlVQZTBBNU9MRyxiWCsoJklFbnE2
TytFU01oM0prPypKQHFwYVAlZyI2ODVKNlZbQ3UxLVVVSSZiVnRKU2lyMEIjbzdiNUR1OypuRVQq
RFxvYTw3QF5laHFqTzpydXBpaCxoUHRbOGZPIkRwO28iKDRVKF00KT5OKGFlZV0yczpSOFUvYT9t
dDljIT48TDhQWFEiTTMmakQ8JnBuOGh1Oys9STklZC9YdFIocUk8W0crTTwjZGckcTIyZENXVDAq
RXFxJDAxJCxQY1l1Rl1qUSUnVD5ocD8wMmheWCpNPzpvI2EyOF51Li1RIV9GZj81aDFJQi5nJzpU
Z25YTWxlY1FDMUIxOzRhPV8oWC48dWdbP01CUzk/XypvSDouSWVCIWtySG9ZQS1tTVNIRCcnI29b
NTwsbHUjPkFNKyo4VCksMjgyU0NGNkxySkVYNHFSW1lFNTssI1hRUlJPLTRaMGxaRyY5cS5IOkVS
ZTU+OlREWzppYzFJXHFhaT5HU0QqWys9P3M9ZyYyYSFKZz1SIyJAUC1bX2gsbkVuc3A2KD0lZj5x
azkyJmxPOmwkPHNNaSwjLVknQmJII1dkam9yU2c7KU48cUdKcmpGNE4qNU9aWmdbIklbOVtlaj04
NDFXU3Mvaz1rZylwKykrWFNvcWE1QmJUOWNMLSNEQ2hSZV1TSVJ0M0JSQmRYVkRNUSdgPjpLSmki
QSklYFxTJVY5UD5VZmlRcW1OVEtGQ048SFIrXVs7aFwrMCcpR2QoNls8XD8nO1twXUNnLVsnUERK
LVxYTVRFa1lkSjJtcjU3SDhvZkxPSWYzOkJPYSJTNiRDVTsuaGZmLUo3dSE9VV1ER0AkcmhTcF1R
K0xDT1JFaS5KbGNHYko/WHBRUVY0WURGVzMuTTpQN1xzWDY2Rk1VKytIZ1ZIS0chR0ZjTiIuXTon
NGxIWmRsQl9DXDxWaD04XWZvKG41dSpuUVR0UVluNiRFSCIoJzJdQUFFbGNwO1JPQlZGOSo4XEIw
cG5AVF4wQS9hT3JfOEBxMmFjaUpbMm1tcSZyLDJGZCwmWEMia1Y1XTdAc185ODBccT1fSyJGWTEq
JUJvQ2NHUjBXZEFJLFA/SjxiJUpUUko0QTM9UkBHbigpI2QsTlR6eiEhJ2ZzTTNWTFktVlAoOVtT
PmJvcyo1Z2wlNEpMNDtiS109b1xKTExDSF8nNGlPTTguNz50KkYyVUhDMmdNXjVBZDldc2FSXSlw
TCVKUklJQSRmRig1Jj5XLz1mND4laHFaZUs0RC1TTlZIJ0RWRGdGX0stJy8hbF4+amVFSU1CZ1Y4
W0c6PDIpVTVvZS84XUpDSFk3Iy5wQGdmPmU/UnFFQ3FJREsuPFVAZ0dcam0pNWYrN0xCZWRxU2ZY
R3I3UmA/LV0ncmZwR0lPcWhsYjdkWGstYlFmXT1UWi1BL2VScztYRGFPLyxjOV9lMUM2bl4iJE5J
ZUxPcVstWTBKM0hKaCFfNi0/cT5TQGhDaTEhQ29tVzIsWEAxL0RYcDJzRVgxbDEjImlXS05cPElK
N1VTXipIQEJROiJxUlZxWy4hTzpzZVQ+IzNrXmhDNzdzWSYrQyhiVVVNb0FsImJfOFNEUCNXQTFh
cWZqTipBY1p0WF5CRmo1YkIlcFYjOThAWS80aXAyWUg9bG5bSFZeVCNsS1gmRScqT0FMXWI0O3Vp
bzskJjBLZ1lELmtDRl89bCMqLTUhbWdcQjlNVC5DJT4kJS1aWioqLHQ5TF9cSikwW1pJMEYjNzE1
W1pbPEE3cDtnaSwsXDolRmdVXGhIaiUiYSwuQC5oZG0xZTw/M1FrYSk0LWBJa1tvcS1eblsmQSUm
ZkJyViVLM2tzV1crakUmZmtLND5PNUY1TEdOLWtncFQjc2pfbjVnPWYxPisnKColLFNsRV1nVmdU
VVFcW1QpPmVkam1lIU9wIUlNP1tjRUpkOCRobHE8aCoyXEkwRyNjPmtubGJLXzo+VG5hOUs3OD1h
NWZALTxNclpyIz9GNWNdaGdDPzosOFxmayU2Pk9XKDJcK04vK3VKRCErYzM8MyVCPDJxW2REcXVp
MWVlJCEpcEdyI0FMQmtMJUNmczNSa0EtY0cvSTJoWFNnUmRbVEMnaGZuRSMocm5WRFVjZS86TFts
XjRSI0Y3LnA2R1NFZSMlJU5GWmhhXi0lNClLJUVgIms5S24kSU4hcD1GcXM/cjdTLyVkYThTWkUk
PmBlRjRIQk9SMGFIMDY+TyVdVTQ1X2YkJ0c7O1FyUTdZYmFiMCZwYkMrLzBLVGBHPktlKTJPXjUo
cXAzT1ptW1wwRzFSSVprNzpARUtNU0MzVWksPyosPW1TYiQwLVM5MEpnRkUnNDQlenohJi5JJDdS
bWlZQTFFYzQnYF4nO2AkdTFxTGklQDtoWFRzXTcsLi5AU1xFT1E7TTc+TGZvcl5MbVoocVBnQV0k
IzQuaCFcbztwQ0dlWk1IQVxJbGs5UjppLCJvN2NBS142NlFWTCVqQiUkUChPREEqRVpNNmJSJE9w
OFNEU0dealFBPFAwRGBNTV4nZGVEbztVSSwmb0NWazVNaGo/W2hJR15rSHNAR1N1b0ZpISpPL1ot
TS04XmVwYWE/JyczWiYyPEg2aGclb2svajE/NUk6JG9YLkAhZidyIlpQZixfPEhoMHBtUXA9PDct
YCosYWQ1WDJSJkptMy1Ibl8+cEJUVnEhOU5SQCQ5M2ArX1EuIm5UUm9YZi1ENyoyM2JDayk5ZjBt
KTE8XVQiUDYqJkdzJlNxcWlpQixkRDhVVF9EQkI2ODBhN3VcRWUvP0sldEsiLHVFZltTc0RwWiFG
RUwhV3F1L3QsUUs1YC9TOHE8Km5Xa3VbSS9mMDdQUWUxM2ttNiU3ZmJtJSNOYmhtazZpLVFzXEtG
Zj1FXWw7NlAwYkJHPzY4M15mQ0ZkcEpHK3QjKlpwMmkjYkcvIUheY0deUy5bSGouR0VfcUdNPyN1
OEZMXTBdXkg3WCd1PDlPL2tDOFptMC5BZHRHImpdOzJGVDRNOGNsZEE3ODZHX2k7QmNoNitvPi5A
ZCw3RzJKZ2cyXlpxQXNbZjFFQ09FYGBSOUBhRjdLPGxHUzY1VjxnbG9ZUHREZXFGNmknOVJAYHEp
IjckUTZvQSE5Xk4yWGRFKWc9PVVQZGJJbytwa01Ia1IqNF5qNSlWSE46R0dwaDRtbVhNcF1KSiEn
VGAzcWI8W2hSXD8oVihVT2dBQSYiNj9fJS5yQT9bL0hcUGtiJilEL29fIkhUQkRHWHQlND8yYEg3
SDEuMDApInA5UTQwLHFBNUxiOSNwb1VyUXM+ZSIlPEFYVStocXVMMW4tZTcxLDckKzNvQjFQLGI+
PFFwST87UGdYK2JYWSZKW0JNMEdrVlYnakhtM29majJhQ1dRRClhX203LyRFcCY0LEtjIyxpZyVC
KSdYcWBhYXNKP0NjQjhBb11EOFRMYmJLaiZUWEREMmRDLkFIMT05dU1DKG5gbz9FUFM3ZGJSSCxn
TWM0ZTgoJVtUNy0uXEZNb091RV4jbVJwU2JuaWddbCU7VGlyQCs8Nz01RT8mbkVvNis1K1NsJEBB
RU9gZmJrXThAImtgW3VaL0lWUEhPM1VFbzAjaTlVQEFUVmZjNF0xZUY1QTNeLmE9dWYhMDQuMm9e
P3JrJDJwRi5FOGVEcD5xYkdKdWFYIz4xRTg1bHA9YWFHOGFZPl9dSEVmLy5pSk81U2xaUCohZD5P
NyVrOyFJZkBKWjk4TEA0a004XGYmR2ZzOGRzKnVhM2YjbiRxYm8iSW1QcClWSUI/Kk8vQClWKl0w
V1ZkVT0oQVpELDowOiZGJkdILGckLFNiRVxaPTQtLSZPLydoOnJGamR0ZUM3Vl1qJDpNSV5zcm1p
K0tNKU1OL1ZKc0spZys9WHQ6KU5VWVElTXRdNiw4LkAuO2ZGbCN6eiEhIl5NJlhxTSYmLSNNbSNv
WjEqP1hhQkEpLXNLNFo0Xi0iRlhNdV1mcTQ+SGpoPSghLTpbTDZvUzxxLTdocHNAODgrIy5ZIVAx
YDJUVUFFPFpKRUssMUpmaTVmVnEyQE1McW5aXFk7dDRDIyJUXSFjRkspY1omMT5HdURmbyxHS2VA
aShccGMvb11zZCRZZ0VrayRyTU5KYTV1Z1kpYy5gKistSk1xJissJipmXTUsa0FYYDNabUdOMCFl
TkstXDs2bWJtIylFM2UqWXRnOCwhOWQ4Ij10MEdhbm44MzInL2xEIipSYTNAOEY1P0ZxKiwsST47
PjpGc0kwMy5RLTUoJVZAcCItXStRSnVxLF8lOHE3LWZySFgtOC11MGQuTGs9Q0hdQjAoLF9sc0Eq
a1E0K2JBWS5CW2IoM0dqU2FKW0khJDY9Oy5QZ0gnMV1uPW1ETWhZJ2MqKW0tXitnZE02TkNDPU48
clBIXSNLUF4uPUBMNitNaDUlWVI1VE5JZFxyJTFWVUFbajA5V3A2TVRvUidhbEQuUjpYTVxhQ2c2
MXRuOXEyI1VNLVciajg7ZmdwK2lEZXAlP2RXQ0RBVWhULDFKYU90MzY5KktbND5zcklJMGU1T2VB
Ol1gOEFOazE+cVFATlY9SUpuUWtTPmY+YipISEkyK0IiJ21kOSpEUkJdXjFaYyEoXiVFYnAnUkFW
OTxvcSlEMkJpSFw8RHJBZnAlaDlYJClgPTc7SixKXSRWV1oia1Y0YixUOG4rPl9IaCZRXyRpPyRZ
LEZMLWtzKzFlJklUay4/M0VGJmVYKmkiYVFDQlE1L2smTTtEISk6RkFBMzpCMUBwenpOKlVaZGRg
PGtiXTRzTGlBImpFXCdIb2pISHA+XCVrVmU7cFFYKzswKGRdKjhwSlFaOiZlP2pfJFhqZUBqLDRp
Qm9NY0ZOb11TTWNeMFZXPC5ENCkhQUdGNm02JiFUPWVGciw5aFFuQTBTTThpPDZLX2ciaUNlWj9t
R3E9UUcyVWo3LCQjcTQmdFNUaFQ/JVBRSF80SHAnMWssMTpQN28hZGYkLUUnLnAqN2klR0ZDOERv
KCFyTzZxRG1adWssTDZRNChQPz1OZVAxVzMjKW8tOSNRbFhMOGciIl8nSWYjYWVvKnFRZ2Q9IVV0
amxsOCslUU86Iy9DcTVwOFtlTlNEWzloNW9nPzoqI0Y5SEglLT9VdTk7R2xzM2YjV1lEZzIiaDow
M3QxQ1hoODM4Vmk8PVwycENZVjUwTD44X0kwUE86NyE/QSpFNUZhMzhkX00uO3AxKzRjO2kjMkA7
Q1pIYkkvVythXTxnNzw4dXMyOiIoOkpILEZrcEomQCQ7RUY2SD0hQzBlLjplXTNNXGQiaGNhU01T
LG1nVW4vPDI2RnU4UltTTl82PjZtUlFdXj0wam4jaSxMRDc1PTskay5sMV1fL2oxZ0dOVktwWDVw
RVMySllpWCZLPTYnSiMiLiM6aXFoWmJbTV9dN2AhKltfdD5pR004ZyYuVl9CUUpdUENfTDMmTWVI
VWE2T1EuM3Q3aThBMjJjXExYMmpuNThnPTkoaCJVI0hmRVN6eiEhKCMiI29dKihMVFdnR1syc29C
I2tGOmc2JTA5Qi4/XT1ebkQ6ZUpEbi5VcXBrQTVIWGUoYyxfZmBMP1lAdS8oTz5dV2pINyFLV2pq
YyQ5cUpuX2JTcmQ3akM1UmlcKkRNNFxvKCdHL1h0JHNTayhLXWdFPUEkakNLZVI+UyR1XlJOVD8i
NS5tNi8iLD1BS2gyaXIuQXJUZloyNy90QFVUZD8+X19aS1htcHJHLlhgamFmaEorSlpTbVQ/JGtC
WUhkNy86UWRga21nWHVDI15ORUdGNEwvPllkXXJRUF9IMGBsRHBZJS9tNEtIQldSRVlDP0kzPGdn
PjpQNzlpcS8kRVRiTFwwMVlQbExkYXp6cGFVU2I4TykqNS8pWWAqKzoqUWc+ZTlKKVtHI2xpcWdF
TlUjUGtwalxZaEFBOVtaY29cc2YnPUFpI1JWNjJIYykjTUZbVUYrV15sMXJVdDM5YlRCKTxFNkpI
PjphNkhBNyc8NCMpOjYqSCVkaGUvL0ZgQGwraGFQVD5aa11LNVEnJVNdT0UuOlspVCNEJmMxOTVV
LlhzNUtQdFwvPVA5WkFaK29rNGU/Wlk4UUhfOm5UIThKNUhpRF5wQjkqc25BSyppaHRyTlEpLzgv
SjhgRUtzLG1zdEpwMWQmIVxuJ0NKbDwkUVhpLUdHKXp6ISs7bTw6YilbQmVlODBQJjJgc1BbQFU5
WlhjPUNUUz9xQ1wycDBhIixDZStoZVs9R2pWXDVrJipvViIiX2pOO2M6U1Q6RFhTKClzbEJFUE8p
dWVYYWszRTdgUThxOnRoRTslQ0RrVDYmVTs+clFrKWIpUUZhTiE/PTI/SUlOTkFgWkshXikmY0de
VVBtc1s6TTxQU0dXckZcSzRiKkw0KFRzYChWNFxzczZPNmFwKGFUMHBrczJrbzRvKjw8XWxjRjZq
TG4sKXAmLkQzTFFAJGQ4UFdZaiNCYl1FMU9OMClUVzlbI3NIMjQmaUgzKydIenpAJyNQLypHLyt1
JUBrY0RuS25CKSZFSDpFSyNebG9xazpYcEUta1MyPEZwa2RuM2ojQmk1LCxFTVFXaFJMQGQ8Pk8/
Xi04SDJDZltCQGtUb3MvJk5iXUgnUk5RISFAT1xLSllmWXNISG1iKVliJSNRTCIsZFNYIjU/OG9A
JCpWZihuWihDLl9gW1VTUzYvIlJnPyJmPk9kZ3UiKGwsRXM9U3A9TFBJRChpSk81cjttbChcKENU
ZGJ1Jm83LXRxJ0UtKWFxMUIyXzpdMmV0VUpIU2lRTSZnbWwwLD5wLUg8aiNhQF9aUGI2SnE8W0RM
IVNHXkRedGElLmcvPGZ1QDlRT2Q9c3p6ISEhIlhGYFxQLE5KZUZQLU8+O0hCWi5rP19wX0NiUzkq
WlttLGNFcmNUPE5HTjI8WSdwO2sjRjA9cFc/TjI3b2I+XT0kMyk1a283LWBXPDFpQTNUMSI5JDtn
VWAmViNuOlBzXTMsS2Q4WE1WYiVaZChgWnFncmxcUCU6LyxxTmBXYUYiLjZXRjdCRUVLOklrRjpI
YS9YNHRPYmdlKTJJZ29cbVY3b0U6L2BhP0BtLDYqcEM4TWtyJWMsJFFcNyxsP0InUEUpNjYlaWIh
MThjIzckPiMsPjRZLDxGNlhGOTBaKD07ZiNPXlwjdV0kX2t1TUFPc19gVlI7UTdOOVU2JFMnW3Mw
LUBdcXp6ISEhITlsZl89dSw+OCc6Zj9GWyYmLVA5MWo/ZkE3MmEvQFVASC42UkdYIU9AQEo3RzY8
ZGYhZEQxKCwpPzJRdXBULzpvay1BTUxsNDc1WFooP24vPGRbLUpDZCVJU21gXSdcPShaJ1FGPWI+
Nzxqa0oyZmNsPTAiJmtEckksVTAmTFFfM09PNEB0XHNQSGVUYUdNNDBobmlGbDo/MTlnUWBJWiRy
MzJKZlQ0THA1SFkkNStDMXNpPF4pQ2c3NTsnLVFBbVlCPF9LVHUxaEJfLSpPWSw8RUovV290bEks
K0Q1I2ZcNTo4LHI7J1NObSNxaUNbLSQlQlQjUk1zOWJccXJIWCtfPVtwMnp6ITVNXldVc1xcNWRc
cDNgb2BSUGwiRjNWQF9ZMDBuUXN1ZCZWRydbTjRAJ1xbYGgzNjJpVmNAJVYoY1hgW01faS5CVWxs
a2pxIUgnS01cLWI6JEJdXE01RWtsW2IjTDdUV3AmMmFYIUx0YDNzPGRbcUZnP0snUixxJyJhT01M
NTEtQWlIM1FcPnUrJltLaEV0SFBTYkZMaFY2NkQxZCJFWjYtOE9wYSNZc1pmK1MsYXp6IStSJDUs
L1UhTik6WVZYIkAzUyVIIVsiPShHXGBJTm1TKC1NO2pmWjdwTiMsOi5dJi9TKUg9cishLGdKYy1X
cj0uXlZNQDRXMi0jYHF0KzQ4ZUMnbEE2SjppclhJJjdWWmtdJG4wSF80SShtXUNfOEljb1AsLFhU
Jm42bmFQI2lUM0BfQkFzY18/Q0dmOUZfLkUjaz91bE5tT2t6eko/X2ojYk9UREU2KjNpUXA/LkRI
IkAzUyU1bkYvYm1MLTFxaUAzLmk0bDpISEQyPSQnRTY5YSs7RjlbRDdcNlRtXWNgQUc6YjFJTSFX
VzMjenoqLmFJb2BsUWp1aWVBUV1KZms+Tis6Jm43Jm1cOXE+WWRfSlMoUkFYaks1Py87OGMkKnAu
JVhnMmUzTzAxUG0kKFtvX1UwJHNcSVRZclhXRGYrUyxhenohK1ZTbSR0RSpfR1lYQ15tRVpecCNf
RjApSmZrPk5nX1gza19qOHM5Y0gmR1VwWFRIM0JPTUpLZSUsOmA1NytjamFyRmMsRWJBMyE4QXBJ
KXFvIkxPXz1bcDJ6eiEuWVNmJ0woMkZqTGtNVCw2VTpEIkAzUyU2Jy5SZmxZNSFEJlltOTZgbTQ7
L2o2N3QjJ1Y5ZTFnaHEvUWRyNmBGOGZxc1ooc2RublY4LGNCS14vbVg+WWI+Inp6ITtITnVbREdK
cnJKcXBBI19GMClKZms+TmdtJSNLMTtOUT5GR1t0cEdXJT0wQVxJYmEzXWIyN1pdMiVBYytVMjRn
NCMzO3BpcXVhLyZSSU1pKS9lSHp6ISEhIjxqOlNUNmtQbChyNW5GL2ImLVZmYjcrW1Y3WSw+XV5j
NyMmRjJKTCVAb21BZjhuN21ZY0tQV2I/USZpUEsoZzdxMV9Pc3FpPDVhZS5fPVtwMnp6IS5ZVHFa
ZikqYCtiInFKNW5GL2ImLVA5MTFvOkguUDwyQUw+LzBUdDE8M1QwVzIjJkQnayVmKDA1ZktnMS0k
WiwuU1VoQFtobisuOUpJLEE3aCVja2hHMkgxJ080RTZ6eiEhKWNvM2ZTX203aUdMJXFPOjFiSmZr
Pk4rOipTdVJZJ2tJKlFeRHFDMlo4ME5YZjZZMi9wXEBbcDtlKDpYI2JwbkZoR3I5QThJS1skTWpO
UkVUcUA5MU1UbjRUUE5fenpodWdubDpgPiNAcldfNzA8WSVKLSJAM1MlNi1ydDhacHUnKk5ESyxD
Kms3ZXImM1YxZS1DKV9YTy9TaCtRIW5jZGxjSjNvYDVIQ2Y0UjttaSk8cWxGRChbTCEmNnIhMnp6
ISEpY28zXEpwdC5MYEVHLEFzXTduLUQ7ayJAM1MlNW5Ha2hNNyZyNUg/KXJxXk9SJWVZN0EmKU4j
VG5SWkhNIicpJUZPMSVHXlQ0KkJBYDsjbGpyKnp6KyE8SSg+a21NXGwySElPJi1QOTEiQDNTJTYv
SW1qSEsqbjBFXlJxZ206RV5MYGBpdFFVUCtKOEgqcjcqZTRnbUNrXiJGQ29DZGJ1TnBxbVYsMEFV
ODNEdElwI2xqcip6eishPFIhUCNuXiYmLGtGNEpmaz5OKzoqUUFCTThmOi1oaWxXIkhbOTZeJUlV
TjNwOVFuVVg2M2g5Y0htLk9Cb00mbDBTWSIoK1s7bDZFUi5CP2IpV2BIMysnSHp6Xl4jWyw9by1N
bExLW0liIkAzUyU1bkYwWUgsOTE3XihRKmtISWhpSCtHaFhCWjZkSydvTEtaMG1rNTUpJzZDVTU7
ZUdnSWVIRko7enohISEhX15rUzNuVUlKZyhsIj5FYDRbQlZeNW5GL2ImMl43MVx0MD1MNGgySEpe
UDNbUUxMR0Y5WjBqSFoxWVIiUj4ucVY+OypfZShoIT4+bEtGIl8uenohISEiSEpDclA2T10qMCRH
PGI+Rys6KlFBI19GMClvIidjQzVOUFsoRSc0WTE9ZShaPCw1IUZOW2lTTD0jOD1OOC1rKVdKP0lR
LUQvZ09QPkZRQUE6P0JNLT9XK2ljKTNVYGxFcWgiLD96eiEhISFAXmlWSkVpWmQ/LUpmaz5OKzoq
UUFhOU50KllhJUhHXyJCTmBWMy1SUiREVSlMWFUhRChpQy9uSy5ZVTBqODk2Rk9gI2ExTjxrNylB
LytQTiNGYkUnSiw+SVVhSDMrJ0h6el5jMTFTZiJmcydvUmU3bEpmaz5OKzombVxLJ1IsPVBYbSR1
MFFLQUZIRW87IkMzWzZTRkV0RC9Yb29YcVYxRlVfQmYrW1FQQGwkTjFVPi8mVD1DUVBIMysnSHp6
XmMxMkgsQUU/JyVeJS9iSmZrPk4rOipTPVtYKCFpLkhRVVFFJzRYVE4oTF0kIm85XTxbM0BwIVFR
KU0hVDlyTHEqVWA9RkdUN3IkWHNVITdpQXFTU2YrUyxhenohNTpgQ2I9XENDSGk4UmUjX0YwKUpm
az5OVE9DSzgxO05TRF49IyJmWUUlK1BTQ0xoPldoWTg+ODw1JWpfTmNcJTpaYVpLVHNwQktCbUFB
MTptcDgvcixjOmI0VFBOX3p6aSNBJyNfQDExVTYqMmlWcF1Oa28iQDNTJTYtcl5MPlljVEAnSlg5
O1VyY2g6V2hZOSFOP0Y7IkRLXW0nPEp0PCRIclFLQihaXGBZUGdnMytJV1szRiRhKGlXenohISVC
SzRzR1NrRDRnXWJwITUzNSNfRjApSmZrP3EuZ3JNWE9dI1o3NUx0Mkk4VGhFOEtLS3NMLDtcLksm
bU4rcTxsb0NwaEhsO2FkO2NQMmgsc15MITNSW0x6eiEhJUJLXWgya2M3LlI7TG9OKVsvJStlIiZr
WCM/WTYyb1NYOVlBLThyOS1ySVxpLlcqKEhiRzcyUCxzPDFVJTRpOkUrbS4jX0YwKUspMWcqWVdW
R3A0aDMwL2chQ0ducV9mSnQpZWlndG1RVjJGLEZDSVBedUxEb0dXKz4rOF1JTF9IMysnSHp6XmMq
cl0xZCVaSz51KWVjSisqX2g8aWdtUzcxXj8zZTs1dVlWQ1hoZnJNMSleOi1VVU9maWQiT1FYdWU9
RFlFbkwiSiYxbGFaMDZgb1ROJ0U/KmthPWthQTs+ZDBARTsibioqLTVuRi9iJjlLMGpHYlRjVEJr
L0tUSFNTJ2lmJEVzPWUqOD5pJmZ1KixnXkJIRzMhK0IyZXVNZCw/QkFmbklsWD5ISlZcU1FFJzQ0
JXp6IThuZjRMbCgpLVRETChxSExjJ1wkPTQ9ZVgyOiddNFpgJiNYN2o0ITdiLGdMMjVJKWhoUyN0
Yl0iNFo2VlBDI1dXal9XalkrNiJOLjVjVlNeQW00KE1zZTI9aiw/b3InL2ZYVW5eUj9wb2k0Nmci
QDNTJTV1OFlUbFktSkoyN19gcHEwOUhKNyNjZSIub00mP0Q4UWkiZmYsPW9Yc11GXWEzLVdiWkUt
VmxZR2lkY1ZsMlwvbE5tT2t6eiE4ZW9CMkloUSMwVDxwbFttRVRkQlNlKiouLz9CZSQtMi8xXG9R
c3VUPEorUWtFYiwlWS9VW0hMckoqKGcxa01EMm4tM0JydCtCWGdzV2NQRGsySTpzMiJUZW1edC4z
WyQpMCM6I1tEOEdcKjhvPHMxZiMiQDNTJTYrblNVU2RdUiRORUBtNi9PWkw2R2pCP2xGQkhqQyMu
NVkzRjE1XiJNJjkkWGpuWldRYGxMVDFvb2IsVjRcT1UsRGY8Wi96eiEhISNXKC0yIj8+RW9FT2ol
P2hRSHMiQjoySidfW2leWSZtZnNtX21zI3RMTjQ3dFkmYy9gTWFCa2AhKUBiI0QzZW5rOGpxTidQ
IU4vI25IXS5HJERpYnBEUz8oSCtcJUklVD1zN0wuI25tcixrLV9TZCsiQDNTJTVuSi1LJEVnOT1Q
W2plTUVQQ2xNaUFEMzphJk5YR1spaj9PajBiSHFaLG4iRiFvYF5FaS1HRyl6eiE1TE5JMGhhXlEp
SGNpbT9fVzw/PStuNDE/ImRXX2pHQChuXkxaNyFzKFReJGtXM2gsQzovNEIxYFhaW1k1N09QZFNL
blBvRColLmg3ZTQkW0IkYW1FOik2Qlh0STZXanJJNVxaMl1JTi8mKSVkNHUmYkVdVVRhZDE3TUxW
RF5WXyZYTS1dL3AyalMyK00tQXAmLVA5MSJANVBIaS1IO0UpOmFqYCxeTzpmTWRDXjcqQXFwV0tl
LnE0WUFCNFc9VCRGcVMpISxQRV9lTiRBK3FiXlw9TlsjenohOlVISzFKR0dOQHBuUUFJOk4hYjk7
a1hrJDwnVnRjOi1uPHEiVVc4SUpfNS8qVGpmPVtmLSk8aiM2Ok5qZV9tRURURyQxU0NDIiFQQGRU
ZFMzQXJRYFlBOGprLVU/VmEoQ3BKMiJ1bU5bbTBqb2A9SGFSW3IoR0dDOWhyKEZrInVDclZILTop
bTJvKDRpOCxVVT9FNm41bkYvYiY5TDwzRj9MTiNINVtxRUtuaSdmTXJeWF1nYDNVUzEvXm83WERt
ZCkzKXJMLVRELWRcU3EtR2RWaihuKnA+VVxpI2xqcip6emhyJHFzM2tbZ1JtNDFidXBITyJYN1Qt
PT5CWmp0UlBeV0xBPk5sMGhlXzQvNUdFQ0dGSWNdXCg8RUVlJlo2WC9YJStEImNBJGpzZzspcCUu
RDQ3Q3BRbmdEaHBrPjQ7RyM/WmNwUVUuK0MhNjJfPXNXQ1tUbj5JN3I1YU40YHVbc3U0aS1tcjVu
Ri9iJi1PIi42RU1XXUtKWlRpbGZPOUYpK0xOJylWdEJrK0RIJTwwP0NKJSkoJUEsL2kuKF8/PGhH
NCE8PCoieiEhISNXKWQhdClUJl1JRUpsYUkibGNHTDNYIS5yajxRPElOcDQpXiNnT108KFphbTNG
Wy1GUDJNXVszbWxnLUVqQWt0P1tpLThmbVk2YTU3X29UaC0mbWowW0tHWk9eX1IuRTYkXWlQPEVW
WzxaaEo0UGladWdHNzIpY1csbE8qKnBLLGhmUEQiJSY5NjRhOGMmLVA6XFR1WmlFX3Q+alwxPUNw
Y2hgJD1kRTFGRj9VTzA3PGo8QlNSTypBKUlpUko6bG1ASmpiJm1TMzR6eiEhKWQmWW5PdGA+Ymxx
MTlecWBcTzNpXT48PltdLGRQOChPNFMpT3FjNWZyZFtBMFVycjlMUCxZUGBiPGduU1AoXHRONWtH
XCtDITtLVUwjQkMxMDhRJ04lZG5Zcy1zXE1lV1tROmlraGBDLlE4IkAzUyU1bkYvPitiSyUlJzFz
VlFBMFoucC5XN0pUTlhpPiMpNTBsb11CLFZ0ZGwxJDFkTzszUj9CTS5qUSZQRVtJTF0ubTRUUE5f
enppJWxXU05UPCpScHBtIllKKD1ySS46TyUpMS1CUj1bIjtNI0MuTS4sUmB1bCdlYEdcOV4jYi1w
UClidT5lPlU8Izo6QjssNjVSOXUpcUMpJmFpOUhPakNjP1pSLk89RG0hODNxay8odSRtZD8rKFJh
UCIyUnNGLW9BIURqZ2k6VSk7Ji1QOTEiQDdOX189Y2pxOyZiUiJDJT9EdWRzP2JyJCpHWDddPSpS
Lm85dElPXXRHVWM2WDxLWDE0PHRGP1o4Li96eiEhKHE1YDNQPiEqSCNpLlFwNVxnOC81UWpNOTxC
bXIvLm8+Ukc2SCxTIiRJLXJbSVRBJ2FbZWNNVHRNUz5EZCM/blJManVOKSlUQFAoISJcZCZeZWtt
SmpycSVlJitjMHEyQj5NUlBoRz1SKEtKa3FXKG0qSixDPkpmaz5OND40NDk0PF8hJ09qQTVnWlZo
YDxMbG1WPkUlYlc0Q3VMOCFkRyQyQjIhXGtvUGFhTz9vKG10KCNsanIqenpUMFhGQGtWTldROWEn
KDMwOFBZdDk0KWA7U3EiTiY9XixEI2xEZmklYytSa0cwajc8LTlsYjA4Ol9KWXVTaE9gTUU8OCg8
Y1RAZ0cnXFBaY2ZpXFBEcU9qVXBNQic4bS4zXF9HbE9rTz9UWipcPV1sNDcvKzoqUUFrViJRdVNp
ZTFkK2puQzAtMlxualtxZCoqRDBgJzYuPUt1ITdjN0cyKSNZOVBYc1gyTHp6IS40dGFfc2oyRSs+
Z1ZKTV1aImVFbWBgZWRqR3NnSTdJZEpWVV1FdS9ncixzbkdeQG87ZyNuV0ckZ0hjZFouNlE5Vjdp
I2BtVyt1P0JmYHRkX29qYCMjaF1zKyNfc2knOiQlQUFeLHJvYm9JZzFOPUdiTHFCMDs0OFVQJ0ko
WTZiWWFhQ0hdcmpxViNLKURWRGImY0hUT2w9MDAqSlRJXCl1YWdJYVRta0dDcD5OZGFmP1YzLTok
YWUkT24kIUo0bFokUkhsKGFxSENUYyxgcDxyNSM3TzlmQ3FMVEVjQzNcIzUxIWJhS1JyPWxNM1Bu
KzoqUUFhRXJPKWFbPTRIJXVjWCNFMUZCWT4iOSRucmJvPWtkQ2pLRkYkX2M3X2xWXiROaSsmUClH
LGtqRHMtOjsiUDQ6ZXp6ISEjNCMtT2NjMkIoYmRgNTonUTFAcE9JbT1PdTAnPTAyQUdkYWQlJGdx
PCtVaEc5UCg3aXJmPVlTakpxQy9kZDJWSWEsRUktNVJzbS9RU1RHISxAcWVsZXAoZ2VcKF9UYTRA
UkMxYmlxcFUtNSI+SFFJRFJyYyRvWidsWlo0JWxJLl5XODc/TCldaVs3WDxPNE5CWytUcDdtYVVs
cHFRbTVuRi9iZCtGVEhIODxBMTF0InUwPllkSltvJSQxb1cqcDg2W0FDTCUxSixHWixISm1fcTA5
alFCX201OldGUEUxS0JpZ0R6eiEhJlktYXRVSiNBUk9hTUlPOHVfcCdBMlg/NTY/OGE/cVE2OTw7
MDA2VWxDWVtBdXQ3MjcrXWtaamoobyxKdC4sOjxDK29BYmhkNVJkdExScD9jWT5hT3A9KkYzWkIs
cUFNXDZBc1t1O00kSDZDP1dVMCk9KD5iKUI6a3VsXVUwKmpmUmNRW0xmOUp1YDs7OlpybGNeRC49
VicuUloyZXRZNTxkS3FZL2xGKFg0PFxQMkMhVlIkIWVxailCX0hnZl50J0s1SitfSWpbT1RfdGMr
WWljJTlcWnAwamI4ZmlEakIjQzZANVE9Xl5idVkzTUBzQ0dXb3MtUVIvcEpBaC5xLi8tYitGLWE+
ZWElKF9sZj41TiRFQmQ9MFhpQFZabXFFJyVPcWJQSDAuPTpJWl1mMDNFVzFYXSI4ZlJGIXM2bihW
Y0NkaWVwcTAzLyZCcWxYIixVPDIqUzlQRlYtOEJmMWI5cDs7JUosSCFccksjdDNdM2cnNFtURi5t
YTJSPTEhamcwNEYyMSorRUlSZEJvQ1B1WS5pU1hYJi1QO0dRa2BrJSpgQV8vKDc4L1JJRDBzUkw2
cmcxZ1REb21MRS0rM2oyZWFGNWErOG1WZksrI1E8KzRAJyomIjR6ejUvVl0kOFE5QV4vSCZPay89
Ki9nQ19FZm84XVQlLXFyVls4Pj9nOixLRFhNVDBCS11oOjBvOUI3WzhBRlhMdFU6Li9qKG1wOFVg
Y0pAVyJtbEJlK1ZWVCkwSWwhTShJZS81PTVdNUgvbWdhdVFiVihqMlhzK1k8ZylwN2NULV9aN09Q
YC9POjhqRS1pakM9NmI4NTZBMy4hYklEakxJZFlUPF1hMGA4XzpGUTJDMTM8PW9QZC1KPS1DSGRr
PmYwLT4pUEYzYyxYM0puNjNePm9FLCdLYXQrS1slU0AzMF1zYypAZzxQUkpPL1hyVHBBQSNZQ1VE
NDgkKy9xKTtWLVQ+VFZuXTJCSGk6SSFyL2RtT1gmNSdccFNgW0d1R2xDNFdEOTBgOyFTbWNxOE4y
L3R1SkhPSWhkJDBscCRPTHAyKWcxN3JPcWorSFZec2Vjbio2Mi9tRnQ2K2RuWCI5Y0BtXG9iL2tu
RW4nQik8ZWoiSDNZK2lXaSYqR0RGNW5GL2JVRygkZkE6aixdVWgqTlM3biJaIz5YKi51XCI2ZW8l
REhKcyw3bGZacEohTzs6VC1gOEBcWTlbU2NBYGp6em4vNVBDKGJOb0xlLV9xVHBkXmQ3LXNDQUI7
cyVBcFdcSCRRZGFjbThSPzteZDxNaUA4OjZsT0FqOV5OYWhjWFNLRk9vJkpdIjo/RExvJUhMVE1D
dSJfPy9hP1NPLFhyXVMsTzU5MGBCTl09R0pjXVI4bSxUQkRLNzs8cGRta2EtZVpGV0ZJXkxOaTAi
Zmo8K19kTlduQVpyYEwkUGEmUUJoZ108XDo7VzZQIiZyJjdnaTBlU1lAdCxAVFltJVpGPmwtPSRz
LVMnPz5TSCxZOjRzOmlsbkNJU0hTZ047aXRNLi4oMjtnZDsjcFdMSXNVUiE3dC4jX3NJP3JScTFK
cCNQUUAoQC4lXG1dT09IOT1fWW1ULWNJZyFrSzVyJWEiW2IsaDlzaistazBKWXE1OCxBU2YwRTUq
RilDMU9wJE9bWlklK0ltMWc/ZmdVRlpaaF5APFEsVXVxSmFnXEBYY1ohKFNjczBBSVhzRDNcRktS
cUEiQDNTVXFMXCVURiVSMTlnX2o3PF1wRzxwN2gpJmRsWk1lMEprLkFnZCk4ayFMbChacUppbnNS
TV1gaCxAQjozKEw/Zi1HenohISZZLWF0VlE9RTFtcTUsWz0sVD0xZyQiJ0dKMUNoZiFcZjwtTDdN
UVtccEpsR0BmTjJVXDdVT0RnRzVyamBkJEooSmksT0Zyc3NdO20pPEZuPUtDMWV1dFJhNmlhRDop
VTNxI2hhQ1EqRFFBKj50biVZbFtNVDYwVU1jUkU0WldaUzItQz0kTGJdLTU1RWNYSGNzLyJVP15x
NyVQJzwoJTJvdUtAY2t0Jj5mKEdUWz9dSWhiMCVIdFpMWiVZRW1HQjcxaGhQWkkpKlA4RUN0WSgw
VGZuPWw9dCxgcXNzPy00QmEjW2pOKFIpSVZER3BZciNfMUwtTmtxcG9KYnEyWC1MVGNUWScrMFVK
NVI0UnArViY7bFhrKmcpMT1ab05uMEFrM3MxYi5taF48WkJxO0wxcDJoRDpwSWE0Y3BhWlBHNVBC
WitAUVg9V1o9ZDljSGE/cG9KMnE8cD5uP0RuXGgsRFNFYmk7YTI7amIxRCUkQS8zOyJqc25sLEpm
az5OK0owPy9nailYZGldanJvPUkvWDJVWy4sT2RaPi9ALF1kaldiTGtqVTByWkQxXWNiWDFNTVgk
azkmPUVXZkkuLTEtTkYsSHp6SGoyKz0sWS07OnF0LVkicEhJO2JdSShIUk90cHFjRmQ2JltjJVht
Wm4lRzIrREs9T1AocmJvaGwoOU9SLHUwSUBNcVFsallkTnVXNCYocDVCcXI3Kk8ta0M9TTwvTmVs
IlhtRi9oNSNZbCREJm9EMzJAPz03UThgaUI7RCwtWFpgJy1aS1FZMFArXWBENjxHPkI3NTNGZS8z
VlBUU2JEcTVAIjM0Mm9wY1Q9U21NL19cZjAhbTpCa1dNcW9zOjhbRz5oP2BaZzNtMTEmUVtbISw4
cV9pJiFkMztHOVFjVUVwLSMyKz5AUiI0Kj8pXDNtTkZlS0owMFYlXWdbOC1NTnFgLjBSPjJjbWpP
JmFaWiptdF9GYXJNOUJJTnBvbCxFcz0vTlpUaGlKK149XGEpZycpTyoiLFkuOj1GbDpCWGc3OmBb
WFQ2YGonaW5oMCVFajhfSmooYTVFWCsxLkxeMk5GPi5vPk88SmZrPk5Icj9wOWo+ZE88KEFiZF9I
clFLQiphTTlrJTVCUkE8Z2lBXmcpLC90XkE1RkZgXyU7NGUtX2Y3blxwSiJfPVtwMnp6IS5aXjdi
SF8+QWxOdUdTTihKanBFY1A1ZGhHUjZcWiddO2JEOTA4LEgjRWVKLjQyKF1YIlFSI2xeXzksPGY8
ZXNuIi9BOEg4VC1yLFgqdSJuRGZadEc8R2g3bGdFUzdMQ1dfT15cOlhnY180XiJHY101Xi9nUlta
W1RmMkBbbiUxOXFYcDNJO2pQP1ZOJzsnKnJsbUJEPCluZFlSbGBbMklVOFlYQlliZ144OjpyNkop
YlsyZmljYUIyNEhMOVNwaS4sOik/JDFsWkg5JSduZSxEPy5IXmlRQEA3a0k6dUgsYTVpSz01X11F
REBkV3BQZWxIZUpRRC1dZF5xTkVXa3AmTlhCJFZuKmp0IlFQQW87QjddJ2pPQkk0VzozLzNMQjVN
cEozYE9jcm88TywhcW1CUSRFY0BobClaXFtlQHUpQ29hVlEqR2ByZTBDWzlOVkQlYSYkUlIvZ2Rb
I2lTcFFdREtYcTw4UUhUN1NjU28tQytCYWk2NXRjMztpRWBvLzVQMEonVVM8WztHS2JYPElPK2xY
IkZwOl5PLTAzLllwRzFqMig4RyEjSydNZ3MuL09ORmEhMiFsKD8oPUIlcU5fKzoqUUFhRzQ6PUNe
YGQnLU5kVUwsOWdYRDU4KU4qaEtqJlsyLChAXHI1Y2ZOY1JLL0BEaT5ANStPPlIxVUZcdXNJKTVJ
WXp6ISElTyZARkFoSiotSjlzb2VdLldYMjonXVJEJVk2VmBPLy9NIlxPXkRUXWgrKksyaCwnLklB
NGAyWzBvMlJnKFRdOlErVE5uVHJtRG5lbDYyNkYmR0NHKUhFI2cnXkBXZVQiO1gyVCwrXmg1PC0y
WVw+PV9iZSExO3RaP2ZQP2g3Imo1cnVlWyE/UmwibzFbQT0nby5CXTs1cnBzNlctaWk6J0Q5YDs7
Ok4/W2xXL1ksTmxFV1lMXUlMXSQySmB1aUhaYj9LKyNzKmBAMEN0Wm4zMmRAbS1Sb1RMXjkwXWhV
Rk1bImM6MF8+ZWhKQj9PaCpgU1pic0U9SzROIXNIM00oUTFIOT4lNmwiU2lvcyxkYCVkJzUzQ3FO
VWlQNnRtRF5hMG83SDJmNFo2JjVuYW9TUSJcLkZNMmRYNGBBJ0thakUlOUNIWDg6Q0dEO21AKE51
RV5AUTlLIUJHY2hVVz9wQ1IrLWldZzw3WzlgQVpncVRlNiE3RVM2MjRUL0ghWVlJREtTVVlRVXQ3
NzJgVCo8XFk+IlNuY1tmOTY2PC1kUD9VWyRYdDdIPmJzVk5ZWFliRDp1cUBEPCIyJFNsOVo9XVks
P3NBKCMmM0B1Y1s0aWsxbltLK3FRZHp6ISEhI28nIiFELjkjVi9bckpkTDhjXC0rRCdoNDA0ajQn
OGI1US9PVWQ7XlJZOUIhUi4sdHNgamkhLDxLOlZaaFdoPE1sTUE4WjdkMURzbTlTMD5HNydWU1tt
UzY8Q09TWWBCblY2STJecDAvMkM5R3BhOVckKlRSSj5yPF05b2laJlM5TjRYQURwRzYqcUJnc0hK
KUEsODtrWCRCWHAkPyNnT0ZRaVZdK2w6XURkXy9jVitVTkRaY25cRFckU1BQMEx1VHNSLFJRJS84
O2whI15Waks/IypvQURvS1FeV25gLUkmIjlPKUlOKSZ0IWpaRU8rc2osVFQkQEUpMlUlUGJMU3Vr
Skg9ZDloalVPajxYJDEjRTJkLzNCRGdPSj5xNS81cjlmWC5sQmVzTFg9OkI9P0FOTVNUVCknNW44
Oz9AMyI7PTAhYS1aU20icWU1Qm9EJG5jWEFjME1OcSM9SjpybWZkP1UvWl9gOjJVbzI8UmpSalJZ
UzFLZydbSUo3JmM7JiovVW5fUEtdZl9MUSYtUDkxIkY0J2Y0YUIqJDZEJD85TS5PQm5rVzFjbzsu
M29YLStGYnIxYTJUZVM8JGxpZiRqWiJWXmtJXjQ0YkJVOkIxQHB6enBfJ2o8QkMiJzAjKnNgKyNN
N0ZsJzVfWUhILD5qdC9qIWIpWF1CNjErMj91REZNQD9ZVT9jTi45XCQ+XVw5J2w6XSI3Lz45Wl8/
Zm84NF01cm8sMD87QVJSNG9DIlYhQzhzQHFYKjs4SjtZJSo1R2NsN1gyTG03VmszRik7UDwhWEZl
OUhJR1lvbGZQT15XRHNzL2ImTEZRJUw0V15sK3FFYz86c1s/UHJYaVlncTxNQkAsYm1LSGQ2R3NB
R1pdY286Q2wsYjRNZGU1OTM3OWNzJGVQRGVzVGQtLU4zQFUtT1c7Ti1nMlRoUldTNUwuY05ncDhv
SGI2ZFJEMSE+MiZyZl9PNiN1JT5hVjIsPVohKS9XPWg7M3FlcGJyRywnOlglSy5pUzAubWMkZjVJ
RytAVEAyR18kT1pIQ1x0MnI7UCh0RzAsXGJqJWFyZjRVakU5LyFRVDdRai8yZj5AVzRmMy80QGpt
QDtFcTwzM3IoMzwkaChZb1dsSVBrXV0tT1xNOjNnX1dMdCszNW5GL2JAbjw+WDVuRFMyQi1hbz4x
TkpVJ1V1JEU+Kj9FXnBbKmJmXERBT3J1WylHYnVtMC5iVGRyWm5eN10pNjtDQ1JFb3p6ISEhIkhN
NERQREpXOFU8OSkhLHI2X2M7QCZYbWdrYmk0RUdEciYkXCg8UUNBS0BFPHRTLXB0Jj5ZYyQ2SWYl
W05mJS9VS2VEOG5iblxiKW1aX2U4VCZBa0lsJnVKRFJdX0Npa3I0TUkrZiE5NS86LTNIWDUmQGxl
PFtyO1Y9aj8qOScsRVZEbT46UklHLyskRkxLbVVtVmsqMFI3WXRyY2oxL2UsbCQ9UGcuZlxwQEgt
P1hzaGBQOXEuVURQUmVEb11FPnUsN01OSF0zNVZbajs1UzNGS2FsJmBFazYrc0c5SDtkMEZYWWIx
WywibCIoaDVPQ1I4OThMJDlhbkZcOV1jKm1qX05iInJBQiJvKUlwLkNhSkdfKlk2WmpXTVhJRkcq
ZlRFQUtKKjVhJ0JMTz9SXlIrMW9yMUYlJmRDVzUiQDpCSC4kbVs1XD1RL2pLKDZ0V0QqMy0wOG04
RFtZbkRQNEhTcVJMXDdDZjRvNWciRmxObU9renohKzNUMkNUOWVuQ2E8N11AbzwqbGkzWC9ZaHVD
T2loLzA5W2NIYCEsNUZYV0pSUzI3ckMlP3Iib2ZtVy9ab0Q5XT4kO2gjZFlmMFYyZHU5MStnYGll
M0dlLSsnbTU/Pig1b15dRyNRRS9QQkVSakMqKzVbY1cnbDZQSEFeNVhuPU4xPihFLFg0aF4/VFsn
JVo/PmJoZkteJyxxQU8iKCwmQ1sjTF1vOjlZW0QuOG1sSihTTyJqXiNQdClwbWJlQThbW3VlazIu
YG9APWpQWl90aHUkc0FmQ0hISTVCUDEsKmZBdEhRP0IjPl1rTWhVTHRwJDQ5YWtGRnQ4W3NULThe
NU5gOF9SbzdKNGA7P0A8STxWUE1uQ2dQb0I5KUJQIWdHZ1FzJWk9Jio3P2JYaCVDbGM5PmxIT1Qv
XTw1Kjw2U3M3V0wxbTlPIkU/QE9QSHFAcjVpbEZlak9kI0FQWV5TOi1YVnIlaWhUKEhJTzNzSlhM
TStqTEw7V2M1ZC1KdDJVUkNpInMxM24+KVE3V0FvKzoqUz1PUGtGJyJfRGFJbyQhSy1mTlNsaVVQ
KTQ8J1lDZmFnI09iWSNaai4vSCRfZ3VhIUNTJEgnNVouRi0pIj4jbGpyKnp6P2Mncj5NPF0lZCVH
MCdyUFYrNDhxbjA3TjJmNXAqWG1QNF1MJWpBOmxHTDhGTU1XaFtvKC5sb1s7c0hTVjskQkJrS2Em
K3BLbVxmTWlDVDhKSzoxLDZtIUo/XW1OdGpkKEhHNzFGKTVQMVMhMGJOTSpZMElYQnQjZ1hgVVFD
dTBSKGA8S0FaLm1oP2VXP1Q2PSc9XC9FcWNIc2NWNShKUjo8J1AiZSdOZ2dhNlw5QidyZlZZbVN0
YldML1diZ0UwOXNQX2ZhUF5rP04sQzJUWGRwVHVeUV9uOlc1KENdPTcsLWc2bDcpNzJQNmlmIz0j
LVMucXMxZENbLktyMTVOVl0mMDxLPlA3aE9OcGhBL046NFhMU3AiUFlMZjIkaWIlPl08ZyFJTnBE
S2JaLzY5JTtuazViYlBeYEpEOXU3JDIoPGZLOUlLPmpebyVddUU7YFpAOWc4Kkh0XD1Wcm1PWltg
JkgwU2BeMzFNYyZQUzYraCpZXS44T0lGVWFsXFFFOWM8WUcjMWpQOEMlYT4idCNfRjApbmpVQ2Yx
XlpqTTJCRztdYGxGUyhWK21PVFE6XVlzYmRlSWs8JEQzYmYoW3VYJCJUa2A5YjRHKmtbNFBGJyom
IjR6el47UHA8VVEoO3BLZzAuJmxZNFI3MmExV20ncGdqcmMoZElhb1tMTmhYdGlgJFwwdSUuLkxb
NkdUJUA9Ymg3WkpMSDg7dDtmNHFddFlKJlhMSkspVm1xUVRMWFZrNy9fcj5LXlRmJW1yWi9pXy90
VUpfJ05RL1JTSy1ndT9QRmBIUjJqbEwkX049NklCNWpKcCExPGI8MTVPPDkpLSw4XytGPT8+MyRm
ITpZNycwKTEtTEgtRFRBamYxPEUzOSZJXTcxbyErbG5ebSFcJ1NAYzhrWkNGZjRHT2JDRkJFMUUo
bUtaPG1EPFBTTkJESyEhY05nX25eOVhzU2BdMz1zdENHJSJwXVE3YFpIMD1oZlRYWD1eZV4/KSlt
XnReLlYvTSxoQlpEayM4VnVHPVNiO1pROF5adDtTaUEkYT9JIjhKZ0ZMRkMjdXBpLFFGb2JfPipp
VlhdT1E8U1NpbWhHWGpNb2JuJlAySyMsR2tbN1ZWOFBbUGptTTdHSTtAbkkjcTc4Nzs5QzkzU2NC
XChUVz5ldSQpQkM5X2g7XGkub3I+UjleMygiMjE7XiVecSFRXyNvO0pmaz5OSHE4Mz5OSWhmLTpQ
RFs1aiVcc21QQG5GImFeKG9ucTMsTGhMUUBxQyNURyNRMSxIcWtqVGE8TXp6ISEhIV83UWVgXV9U
MTg3czdkMEVXakcoa0guUTxPXG5BTSZAXUJAZXBXXSUwQTtqUC4+ZTZNLzdJYyQpKlNSJCMyNEdt
Tjg5XGkiZmRsN0YkWVxrNTYuRzpBJygpbEhyNSptTnMyU1RSRjw8XVpqbWwmWSknQDIrZT5RNV1A
JG5VLT01J1xjSUlVSi48QFxEb11yQnFVUm4rK0VwQCM9SkloKCVFYSJhc2xQIitRWUUjVFssb0E7
MS1nTz9rQFBJcEFtM28kaHJqZk1fPlpAMD46TDxcIT5ZVFZaVmM9bzc1OFlgO0NhTTZ0Y0YnRGsw
Y2NmWWVsZCYvL1ZvTFI6bVQzYl0lU2xvKTNCInM6JXEjYEZoXWNvNkdqZXIucmlUTyZccmFgKGo8
VTNWWDFGYjJTZVEoUVQjYUpzNGA3dUlBZVIyO0hXU1VDR0VYSkRAXFRbKzFgLDZJZmpkZD1mUC5V
c141ZChfb11gXShHKlk4YU8rXHFxYV5WNVpDNjJALGc/aUlDWXVJL2Y+QTw/aT0ndDVDQyEiQjZP
NF1wNCcnXionZyNucy8pXXReXCpfM25HQSl1cW0jX0YwKUpxYlBcU2psI29UPzI/RGQ8LjkjRTAz
X14+Q1JOJG0tMFlxbUE1YUdqTy1bODNyNCtiOSpaLzk6QjFAcHp6cF9gT2JXSDNUNllCaUZvKCEw
YFcnbDFTLT9HOSpIPDdmOyNfQ0JlMTcuLT1pNUgnTExGRUwybiY5RTJGST1lSFZRNWNlPEFFXjBE
PzRpV1JiajZAcjRgKHJxXzwidDlQKllZLmZPRWtYQiVwViM5OVppLEZkWTxQYmFqPkgzXmQ+Nzsi
KEAuJ0dFPiw7Ylw/a0I6LGVbPlxiRmFdQSRjKCpxTktYOTIiOjouRCFtIWhGR29yI0dmUzlBJStS
J1hiVixmMWhwIk4+Zj9MbzQuaCInSEA8dW8wNklWbShMOWZeYzNPQEdPa19mbm9ZQS1jZSZZcmwn
L15lMVEvW10yQnJRNCkiMWIiOkVdVEFxaWM2ZFdZNylCSlBYb2FLY1RGb19fUzVkJEZrb2hpJSVU
VU1fVzxVZkBxTEhKR2hoZkRJMVFOSSYtUnQhTSwiNyIjTTUvUFEsWThwUEc7SFxvJSk6VVckLzwm
ZENqTHEjaVNEKi4nMjkzTmkxaHJvIldqTTJvQEw2SydOXkN6eiEhIiouKV1gZCdQbTArWyZLI2to
WSxBPSUqbz08UkM5XmFAcV1ZaWdvOEhPXSI1Qm0tJytsMUdePyMoWzI7YFQjOUs2UmRlcFZvPl5B
RXA+LT5GQm1vODpualVMb2BRclhaOUE+aSU/PTRRaCU9S2EtWXJHWzRmS0hCMkxYRCFjcEZHZ1k9
Jz9HPlFrZTptTWRANT9qVlZwcEQnYHIiTG9lQ2lzMGNvSkU+VnRyVmdAaFJHalBbc1RQPm4xTjNs
RGpYPHFtPT4jUzspcjcoYyRtMzVDU2YjVCFoc1ROQWNtV1EvUTdZTzFVdUMtKk4zUSM0dSopWVxK
VCJPRThNZ1o5PVRtX2ohOls4Oi5uXFwodVVyNT40N1EyRTs2aCkubz45QmNqKThXVWpOIjtxcWxK
RmV0Xlk7WSZIYlp0SCNTPl1sUE9mZHUxVTtldEZSbSZtOGRdWCtVK05jaF9bZSYpXFUlR0g3KjBO
Z3MiZjNiRSFSbVQpIVxMLlo3KzouTyRfPV1XRzkmamEkZENvNUYzYmZMMiQ+STJrPGpHT1JNSiIw
VTZhc05AakI2X24yNmJUbGpuMDwuOmlKUHV6eiEhKHFlJ1tDMXNYQUhMI3AmNj4jZCNiJTJvJDpU
YS0xLy1RWXVMXG1GM19gQClQXTsvKlVfRywqZzg5bF9PYF5Ea2JwWi5ALDopNjROUWo7Okw3a2VX
KkpmRFwjQVYscDVHLykrNmROVCZtUzQ2SC1aJ3NjUzFWS1hxUkAwaWxvIlEpVlc+K2dGTEZHYjAl
ZGxqTS9zTWteODAtVyQyamU6Lm5sO0NzKVtkJVUoUEZBX25FPEciOzolKjVlImhxNzRDXk5LKk1m
QlhvSy5cTFhrRl05N0NPOFFOK3BXQCk1LVtkODsqTkQwZ0tJUlFZYl5aNCJGVi1lLFNsdS1FWW5R
MzBsXSdqclMndWhYW0FjPFtcN2BTTiwvdEE3ZkkxI0ZiXGNxRCRkYT5EVCVkXVBFOVU7MipDRG40
XjxUcT5RTlJAJWJhcl0vNUM1UW5WITNaZUkoW0U4LlBpOlw5QG4mTD47Xj5mbVsxO28uaytdYDIp
LG1PM1c4SFQtZTJrUHVwOmdGNEk4QDFwazZvVy9QQTApWiJoM0A8aDp1Zy47c2l1Q0VKczgiPSJK
ZF5kMGdWPis6KlJsZDItJWBVU0Iqbi1kVlknQSZQMT1hY2lLPi50blZTVTw4dU1HIWBeSihaXVJc
WzNCcks+XUZeRyE8PCoieiEhISNXQG9zVmdWIitGc08zZlQxaipFMktZLD5ZKEZabF1Lb2FyPzlw
WVhHKVxCVV1RTmxCRk88KjkoZiIvWkFFWTZedC9NT29ucTFdayJvU2ZXNlNdO2FLNFksQDhtQ2Uv
cDBIcC5HKCc9LHFHLWk6UV8xUj1XZjtHbl89RDhwOTthMnVJKU9bLz01Zi4yVyNtNiVhZVpXdGBZ
cSRoJjtNKTImbWk3TmhGUFtxPCZzN2E4KkpHXUI4XiU8VzFFOUYkaFpEOHAmPThwdEBvP1dEXSVB
c1srZ10kZ1lTYjtZUlIhNj1BMSo3QidbXDxBa3IwXCEmNmZLSGsyWik6OTJfcVxVO146N0lkWUVm
WFI2VGxdazA2VilvOi9pVWlpckMnYTBnSkklZD1RSDlbNzY7SEM/Wyg+QTdnKmleTkJkJSNINnQm
LEFmOkM5T1FJSXA4UDA4PS9ALDdJKzRPcmRtTD44RUxkXzhUNkZbNGMvNms2Zis2VUZVPXB1V0Ex
aV9sVS4tWUw0bF9BVisnKlhmPzVmbzlVZDpDUCZkK1piLTdcOkImbTM5U29DUSVDczoxZk81IU45
PlB1aE06Mj5WLSNfRjI/IzopPko5UTMuPz1AUFM1ZUQ+TSEqQ1VBZm07UV1bMDNuLGtTOllDJWh0
Ok8sTi9fL2xFJzQ0JXp6IThyMkBcLVZxJlhFbl0xOGRTKHBGaCQwVEZMWVBpMClOTklgYjlMJVhz
W0xHaTkhWmJYVCU2PUYsKi1VUydLYUFiNFJ1clQ8dCFQOEJpQ3VRImN0SWYnbE9rJW9BJTpHLj0k
UHJRMysoW0xSTVFFQlRGRVlfcWY9Y0RhVDNQaWQ/QS1UZ0BxO2A5SVosIVJFP0A8VEJTPlhyWGpo
Lj82NC5rL0xbVVtOM1BPRFNfanJiOmJQaj5qUFxhI0BePFdlZGFfY1QlbFQ4SzBNSmpecCkrQ0xi
XDBBREhRSjQ9NCZrLDQnYUBoXkpycWIoaEtTbzt1RWdZdCxncS0wM3MuaDo8T0otLy5xYTkuUl9g
QSJXLyc/SGxicUgyXk1zaks2I0Eocl9YTzVtSCVka0FBV09nTVhWXGM9S2QxPFk8WTNvbmIjOFpg
Xi9QZSlVaDBLMWQiIzVnRihOOS5wLDw5PHQ8W0hAdUwhYmFXLD5bNHEiQW8oKCRBP1UsNXRTOUVh
SFdzV2FUV08mOWFnbl5kQlIqOWE+cCInbzVIPzhxRydELV4/UVVqYCkmUEcwImBeLTAoQiZlVysp
Wis2Q0leQU5PZkBjdS8tV0EvT3MnLj1AWyFiO2Y+M2JWYz5fYldZVnBuMz5gc1g4UU40XC03LWdP
SFxMPT9xJSs5dCswY3RWa1kiQDNTJXExLkNMKUUiPnU7OlZeSDxjOi44TllacHVYYldHKT9GV1tc
XzhhOWkkS2xcXTRXXT5fSUgkRkduVk42V2ktR0cpenohNVM/ZUhUcTJxcUJxQk9PQDNBTWYzSGs7
QjkxU1BXRUIlR3BAPDooQjtRMz8mZyYhVzE0U19wPSdrNmxXZmU8Ly82dVBgSGhTOj1FLFhiLmFU
YmE1byRPZWwoLCVHXjcjPyleSVJgSzhUdWhBOWdBL1VsUUw2QUdTQGtuKEhHXT9uJFhUbyU+O2pb
ZlM/X11zSUpBJ2FvTjZmYkkpKkpyXUhjPEdxcFM+M29vXDU5UiokTiVdKEgjYWpYMiczTWNNQG4z
S3VdaVwwMy8kXi5tMWhCMmAkIWopRFY7STlGOy9ZI2VyOCYqTTdZcHRwUUE3ZDk6K0RKXzg/W0Zz
J2BDP2IjSklWXEI4Jj1tPEpWJEVyOThKKzlwOk5ybisyVjwzOUQvaDFmM2lrWGVec2pfWUxtck5F
MW1mVV1ZLD86IzRNImNRQEsvaD5gOztQN089VypdZlY5SmBfLSY9JHE0JVVbNHRfY0hDaTYjXy0z
IztQaTQ5VmZDbjppK0Jwb2FcLyZVV1xdUFkqOk5KVEhnb11eWyJLRyhbLChZUnRdMlElVjJPS05J
NEt1ZycwQmJAXG1ZYWdWKU86SlZrbUMqOmUvSGU/TiJANk5vRSc5Mkw7VCxNUyRJZVkzP0AlJkAt
MWlhKDpiMSNNYjlCbEckVjdJIUgkX2lLYExwNk49SmA6Y0BRXConZitTLGF6eiE1PTVOPFg2SyMh
YjUkNz4jMmJEWGYlVHNJcjwhbUBjTiwqNDU+dE1OUkAlaCltM3UhaDtbTEhrcnNMKW51KS5iWUlj
LSJlV21hUUlkdDNEKnUkczEmP1lyLTs+JkMxOUhQPUdbV3A0ISYtJV1MaFVVRGdqbWwmLGQ1Wyhj
U1ZkaGs0MFcoXkMxbEE9KlI/bFkmNSQkVyRpWStmR19TZFNqaSM7YTVNMGdEWUopUCpIY1QwLT0n
aTAvWzklT2NuPm9tLD9ANjIlZG5jRFo5cz85TCdxbC1XMDo/W2clTlg5cmRMNCZDPFltbURANXBJ
dUQ9TVctQ1ZHcGNnXDlSOmRWdVNFZGwxWSxqWidRWE1UZlxbPlU0ZVJARUx1ZDZqU2U+bkksKUBv
UlplbEw9REhpZjNLc104N2A/S0NvM1N1aDY0VEU7KzdOXFtJMl5Sb1k+bXAtb0VZJyEzWlomUzIi
VTxvP1prJmtPVkhMaFlqV1oySUNLZWg8Ni5VVzpiOFZKOS8ubj1JY3EvcEFfY101a1FCdDheOFBQ
TyclLjlOSmszYFteIVpWbFxTUipgcXRzZW4sTVQ9SF0jOD9ETF5ZQ1o9TVNDb19LVnFYRDhLZUE9
UnQvRj09WWorOipRQWE8dE9UPi1Ncy9IIUZoRyw5cypbTnFAPks4MVxtSFdEX05wLCRDLEEjXURC
O1pmREJUIUk7Mkh6enpVUS1LUVAlUllYQyRcRE01JSlQS1FTbWwlKEs0Z1VrMThrJTB1WlFOSUNZ
cFBvMiJLZFZjS3MpQ1tVRCpZZCY6b1wqaSdOcD0wcm9DVk1zREBzX2oqRC4/VUlkPV8xa2JXRFxv
TUdPKVFuWDQkXTxrM1tNPFRuWG1dbUxdY2NcU2MlWFMoKEo8JShNLCUmPW9hbjs6JVRsTzBWTEEh
bFdTY11vOVJvNkZJPiwjMV9cWHBzcUwxTlpaOkpBVkcmWGYoXUVaRXFOJlstY2JTJFFfZy8zTmUr
WzM6LkRvXDM0ZC45LGBpN0U6O1AiT1dcakk9MV9MNUFUcjQlWnU5IzU2VXQtVmY6YlBgYEM3LVZQ
LT91Zk9KSEF1PWFMITdQcz45Kz5iKjwrMys6TWQ5O2VuKDwsSSImWFRwL1NLaFBTYGlGOUxcIiVY
REZgP2BKPU9nQ0knYmo7ZGQiLmYsWEk4N0RPN1thaSpcImdObF1MXEAhclEzKmYhUSpYNWFWKiop
Yz1kPVklZExHIl06TUVfZ1pELV1QLEJfXU1oSUY/PzBsdUE8bCVHaHArXjczWkVySjhKZms+TitR
IXI+OlNUOGFgXkEhJlJQOFlDXmxCPSZRTWM3KiNmVmVwRVJ0bD8mRVQhITgjRzNqIVdXMyN6ISEh
IzdwRnJvM0pjdTNfJEItXyg2M0ZRW1NRWVJJbW9IS3Ndckoqcl46UCUqOk41XDAmXUAxby0tX2xa
R2dEcTlHT0JFImY0L102NDFvP0FnXHVXYE5YZV5rXFwjRUpUTywrcGNKK0xvOiksamZvcC5kKDMu
KEosUlFwaEZTdVtnL1hMJDZHImQpOSNOUiJdKVU7QyNlbCMjLS9CTjFIPC1NLEkxPmU/U1xbP0Nw
RzEuaSNgRzQoYVtrXiUiIltrRWFNKEUxZU0zJjZLI2BRLE4yNGQhIUlPJ2ZFbVApRj81PmpiSy1W
ayRgXmwyUlEtW20wUDFqciRnNTAickoqXVE5I01QcktsQUdsTyQoRiFSKUxmcEE9TFBoL2puUFUr
c25UXkotLiphX2ArWzcqKlhgSGYtP0BOaGAtOE9ERVFTQT01a0UjdEYlYjtqMmc1QTBTYShPK0hc
TThNMWVqQ2IkKS1AKS41UEtdNDM6X2M4PzVpcCRHUGZBbTJMUmItLjljTnRONGBTVkhfN2VGMkdI
Vl5RXGNic3NfS2lOMjtmPUlXOnNGaVUtazh0TGlRQGRZXj5vRixTZmU7aitOViM8M1ozbHE0Y1A+
UEVfZCRLJzRMUmInQzlEK24rbHVaMmYxW0YsU2A+WUg+YklXZSFVLSxeJTI1QmlsXiFFOmkoKjUx
YEQ/aUBuXU9HIkEkRCxwUS5eLkg2blAtO0UpNVBJP1JBS106Mk9gXiY3LUosVUQmOyFGbmN0KTlL
US45WGhoQjtxdV5RZFhVX0U0STBQRyorWD4qblwqOUNuLUVhalE/MkwjQilNSEVRNS9NWiQ/aVBc
a1dULiQnKiYiNHp6XzF1UlAsTE90QidXbSIyZUFBTkM/Z0RFQ0ZuWUdDNVAlayZtJFthTDhPbl1y
blNINGVhJmkyS1pGZEJoMiVYREVRY24nI0wkR1w7ZyY6VDFIJ19oY2BDOjxxMlBLVEQiXW8jOmtI
SSRwSGBMMk5hdUpYMTk2ZU82Y1ZaQ0ViV2k0NltqbjA8Zlkrb1RXW2VjSk8vS2IzMTIwKSdTOmU4
YHBxL1plUCVVRVc4cmJfWkVPPFNnRjQiL0sjX2dJKTxgMj9xa1xmcW9hMidRJihdQFsvPSd0Q2FO
YjlxUCtVTyteTURKQUwxIUhNTSpgMTItM3BaRTwkb0pGP04oSkdrW1kuQklGQi1sRVY5SUNgVktN
anU3M21MIlVKNDFkMCgzTGdFP0M7J24wdXRUUy9ZKWovLkZXJTIlOS41Rm1SdF1HLjNwIT1kSiY7
LDVcMW9hdCFoJV1rWnBEYjspZ1EwZW1kPzInUSJqTmtlK2ZGZCRtNC84Y3BnPCpKTVFrU1daNCwj
XyQ4RTYsMy41PnJyZD9HOXEqKk9pMy45KklJRSsuZHF1WiVeZF8vJUZfNmReOXEwLVxkWk06QmAo
bF9dL25VLV5UU0FAK2gkUW4nQiIoKzoqUUEuJ05tLFA4O1FzVnNyWGBoODUwYjJPPSQrbnBYNFxQ
QGxga1tAV0owOFcvTGpOLWBtaS1CQ3VUL0g+KkRcPU5bI3p6ISFqcFE3XGVNUGcsU0psNVhLcmsx
akBFPT1XP2YuOUMlbmcvc2dBTnFzVUMmRmJGLS5odEpSW1I7bl07XVdZbmlBblM8cls4NUxLOT1N
XDc8bFJfT2Q7b08yVCoxcExbJ1Q7Wl06N0VVbXFIWHBxPDk4QDdrXlwrUVAjamJpZCooJzsrSzBt
ZTxFKDZOWzhlW1ZbWz5MX1w+Py5HTCsqbDRUImMiXTpQSkIoOTZjb1teVkkhLUFGM1xoLy5RLzUw
clkxInNMMjxQaUAzXE0mYShmYVg+U1pvLklSLUU/YUZDOVtMdVU2dGpaYVpxUidhVWJiVVtjWGBT
cVdtYDIkUWBtUWloXSZuJShGRGoyRz8hcCtcdVNWIkZeKSoyMSItMkxvQig1SGVMQUhOR0NCI1dS
UWBacGRQPnIoRVZkKy1wUjJgSV82LC8rZXJLTF1uWFQ5LEhnZGdQbUE0PyJfPz9iLmVROmhfZzNQ
aEFkWi0+TlpwN25tSUA5RUI/VDZiZVFZMXFeRG5IOysnKkxUNCI5a0ZVSDVdTTdJPUZqP1g0OUIi
a2NnWkYrcWxMJ20hPF4hRTA6MUlsRiE0RklyWS9XYCk2WzNkWSRpbHp6ISElUS0sO0Q3LWItPGtS
ZChUUTA/bVclPjtKXkkzLG8+LmRYPWZqP0M9Ujc1KFMoNjNWaGVxO2xcbmQ6SS9lJi02YzZXRDpY
OENyYGdsQmlPJCZYYEhfdWNFQCFuXDtnX0xyM3FXYzdwMilRQmhIXSJHRDNkS1Q7XiIoIWs4WHMq
QGxJT2QyPk1IVDhfcCJdanMtJUt1ci01TWktZHFvYENEXltOOiJRampnc0NQZCYpViNrSElEZiZZ
WGl0bUxuXkFXQ3RaSG1ENjtmcSs0SDZSa2pFPTQ2WENJNUhXPSFRSlUwVEMwMGEqP1xTMWNvLSZg
cihkRTkpbiwzakxGPXQrbTBAcUp1ZjVGcyUhVEoiOW5RWDFkWj5mQUI3VmpwUiheS1BLSi42aWsl
YVkzMlkobHUvbC42USopMUs9XWAmVHAzUUFZbi1mSShudD89MmVoZD1XSl01PmA+U09XT29FRG86
bGhbIzJRXVxHYT8hNShycEkmcWxmREs0OFNaQ1poMVksVXRAKE5obyQoTW5EME51aGtDJChMPXVP
dT0pLChSXlxNWEE+QWszXkdISi9Rak5pRllRXWc6KiM/OlpxOUQ3QCRyKmRwKCs6KlFBODZfJzZm
OTwvQDdWM0ZVK0xna1AiQz5gKU5ERF9qW3EhZWEkcyZWWUVNVzxcTF5VQDV6eiEhISJOJiI7ZWpN
NFZfXTM1KDthZHVRX2pyOFM8NzQkL3FgWTIrJ0M/MXF1MnA2SFE5ST5aLVNULHRXN3JkLWVWNCsh
YSNbQUVIR1QvMDUrP0FwY0s3XC83blRGXUAwRiZCbzs1PCsiOVJhcjJnaDBidS1CJigrWGxoUkUm
TCsuSzBGakdWVUhMUUMyQ2VVOVJNYiZfYkM8NF1jKyoxWSVgXyI1IkhwN0gpRiJZbnNlcG1fQ1pi
JWViNSUzZEM6NW4vdCotViEiJylDbjVWXkYwSlRZJzBtU250Xj9iVkVtITZVblpNODI8dCZmYnVU
RW9YLmEpNyxzRGJpckAoInAtXF8jNGpkTTFMWCwvOlplSzlxQT1uOkkxYzpfbFIiK29YVCdvYlpw
KyksaVxsJVEqQS4sZWAwO0JVTlNdW1NoLVFHYzs/SUlWXVBmV1RXXUwvNjdDci08ZWdDKyZUbEVr
PSEuUFpnVS5odXAkWzBjLXFjRT0+OkYzW3RMazxNPEUiQDNUcE04a2tJLj5ddW9ubmEkcjtZaiou
TTkrJG5CIlVGWGw2XlxdWWphSzdZLydrJW1PPV0+QmQ1WzBlZUBVOTJTJEprNmdMZGhEaEA5XXp6
ISElUS1Aak1kOW40KU51LFcpcVQoajNyQSYpLXNOSzNibEJoMlJFS2hnSVMvaUYyMFAzSTtGO1wh
YDNuLVFUdF5oNyNKZ2I2TCwiXVAmbEdjPGttYzFjPSFuPWZYMFZFN3JiTmwiU0giVCdBMyc9X0Y4
ZUFXJUkwPWkqTGdCJF0zJGlWV1NLLmMrJ2lBP1NkJS0pc1U1bD1rLTo1OlgyKjhoclw5M2MwQHJS
Uj1aLSomT0dXYyRsOWJnVT01LE5rWHFFKjhRVlFCc1E9SEdiI1xqPVgsO1JcRWg3S2U8Km4wKysn
Nk1WbE1PMlZjRkdiR08vL2AuSmAtNnFpJU1dJSVMW0tnLS9lPEFFaDI/YT9KYzxaNEIpVzpLKV1g
PWUzLTdMTSwjTWw4PlZATy1pL0kxX2kjMkMhSyNvOUBpOU1FcWJgZ1ZNPG8qTlMydUJRM0ApbC5B
VyolM087PWJJRyhzVVkxZCdiN2RjT1ZXKXFrMD4oLlw2LFlkbkZXJzo5OSs6KlFBQllRRjU+WWha
NCk0UihHYTdqQzRCZipLKEEuSjBQOktGNWYjdW8+REtaZUI5VWpLRDhGOThZaT03YEovI2Y2MDp6
eiEhIzpSWicrODoycWdzLFRfL3Noa2A4PWdFWWshZmQ8WCImZj0+LmgpRzs5IkQ+Ulc1Jlo6dG1g
WTtba1ssUnUqNDpPRSpFVkIrN0N0WHUkamxLZ08taTo4ImBEP0hHXXJcPElXRzI2NllHXVU2OS0j
U1xhPillT0dXKS4lWkhrUDMrWmxhVS9pZTkqInFTLFRIakJKR28lME05aUxyWSczRXBgTyVEdV9K
RyZmck5CISE/UEcnKzheWSUuMllua28oS2VNSk4iakdBQWJdN2IvdGFibSJIVlhjQ1RBOCdTWVhP
UmBjcT0tcm8xLEJoaVo5OEg+ZShSdFUkTUVYdFdJSHNWJ18zJjtmMkhLYj0rLVhmM3VKSiI9ZkVv
KFFgKS5ILjAnJmUxPVI1WWc1cV5fMywldSFXRlExYWgwL0RUSkhJNW5WKE9sSCs4XiJKKjQpTUZG
Xl8pcE4wQCYxLnFLTjRYR05MNVEvNCUhQitKOklLSmhpJVlZOlZnYjdiIkUmLU4wNWBlcyhSUFFz
ZUpdVzxZNylOQC85ZD9WTGUmbDdpJGZoSzEtMDJkdS8jVVdUUWdYc24+QE1rImA2ODdZUDlUVVFp
Vkg9Y1JqUF86LjdSdTBXSTksOTNJPlpzLyFXVzMjeiEhISFBLWtVXSlqU2BbbkpjJG5LRyo2c2df
M01lN2lwPylOZnM1blBfW2Y5bXIsPkRRYmE7UlVsZ2hYSkE5LVtrWHFHQUNEb187JSdnTVlhSDBT
ISJXTFJMQztzJ2c8cFQ0OnFWbVdwTGxkZzNmaHI8YVNuciZHZjBvITBgUiRyLWRONlxIJ181I2lW
cmp1XW9OZ1xBR1lrWnBYWylrJFlOcUN1PElKX3NqRygnMEgzUTxkaEolRERYVmU7VyFTKGJAO009
YCIyYEs3cHNTQTMhYCE2bXJKVigkIjMhJjlCJlVZaS5LTVguN1JfPG1BI2JmcSRgSEtzNmEsWz9A
XlZOXUQ+U1RYZWVUVldgWyR1KEM5LmtSLDc0PSclWHE+NTFsJUFMPixLPCxSLWtiWUIxNXIwTGVW
TlYkW3I6R1duT2g4QyhSZFRuSj10J2AvKzoqUz1NVDFQPi43cVhiQ1NddWFNaS9PJjheLEVPYlE+
JSYxOzlRMlAlLjhBZEhEP2hvVDc6L1JuNTowKiVxJ1ppLS49PTF1L2kyajZsSzFpLUdHKXp6ISRF
WyU5bVMoMilQW3BVNCZGJioubHFrQWx1JFJsclFTRi5gdVJTXmc/XldVJzAvXW4sPyNDMmZfaTNL
UyhGazBEL10xPk1FI3MvZzl0blRyUVdyMERuNyorcCs0cGppWVdpYG8nRkJubVwrOTlaclxWJUE9
ZHRNQksjXmpdVWA3aENYbjFmTiszSmZgYmcxa09qX2lmZyVOOnQ8TCg4ajdhQDE5bkk1QTxBPVA1
Ni8hMDI9MUM0X145YjYpZnA9Y1FSaDtxc2pfMSRUQCUxYWJbL1VRTiNkVCNKMzA7Zms6IkVqMiJJ
M2ItSmNudTRWYFBsWT9sJU50LTUjMkZRYGJYbz9xV0B1OkotaDBCTF90akQ3PW02bE44Zl9lSSVw
N3VRY2BXYUZpMyRiK242RnRRdD1eIWAvK20/WFZmPTM9SE5YLSZNJjsqYE5CMTojTUNCYFVWU2hN
IkBLXElCJih1I3JpJHNSRGlsYWdZQlg2PkBdIUhuSCk0JzA2dEFhV1FYMy1eYSllKkowIm4zNVYj
cCpVVCtELGsmLVJ1S2dlTlRTRzxNZUxzJjlwP1BLJFZdLGBXTyNpalJhZStvYDU5JG5KYFZiYyUy
WWZBVHJEZGNsTTktVXBTOlslPDttWjEwJU0vakJaRi1ORixIenpKZUYyVyJWV2IzcSJQZjBPOVVr
YjhAXU9EPUQqdGo0WnVNVCRlSSNHNiZMWyRJMmBmcy1jYCMnck1MXCleIWZxV2NyaloxZ1khYUpk
SFUlNEJrYz4xRm5eQyIvbU5SWidHbzUqXWhcOVwsZ1ZzZGxnKGEjPiRGJz1wNjw7XickW1xWSEQz
a3RlcWNuYFlSaUhiJzk3UWtZVmwiLW5MVWYjVmAjailpLEJJY0VyYyhtOSkxLjJpTSIwVlNeVm9q
L05lLF5SdE1kPWZEJztxKk83UG9bSGJXQU80OHMkbGldVGMiQDU+V1onK0UlU1txLFozUiNsU2g9
aT9oLzhMRypyVkNFbCtaR0gtY0l1JCsnWDYjc0tFYE5WZ25pKXAtXXVrTDFVV2c4VDk3Py5LLE4p
PW1mS2w0b2BQNnB6ejVgaC5CZGE5VzxvITtUMlQjUi4ubXRZRThbLWQ9cGg7LWA5PyFrQUZYWilG
K2NXKjNgYSwsQ0YtVmBSS08kQHNoP2dsZUFySEUrVGdSTVBUNFk8ZHFcTi9ETkg2TUknLS5MPydk
PmhUP1FmO0sqclY8bWY5Y0tZOl1saEZnTCJCVT8xRS9pMGIxPVlVZXFjbihubUJOYVgiSjRBXUFt
JUZOVTFSdVF0YGljckk/V2RfRj9RUCIhW2NXXW1HYSkuISJtbT51MCRCbWlfJ2w2ZVxeKF1NRzwy
MGQkYVIrOiY7b04+OicvNVwvSSZEQG8rJiJHYlIrOkEtOC04VVc4IVNyaGo3KU5FZjkzUSY9Rmcm
IypPbkBbPGNuaDhHOFI1VVszQFhccXA6QjFAcHp6Ij04b1ByRlJGZVQjUk0rJlgxZiVJVldHQlQh
USZANHVHNHRNRydldVckLHI8SCYzamckNGZfIjJsR2wqUnMnMlNJZUIwKWIkVFZTcVg8VVFRUmlu
XkdrK19IamlPSS1FT3JNZU80czoiUWI/W3E/KnVRRWhnLU8/YU1WX1dZdSszZSJAM1MlNW5GL2I/
NCkpM1BGPkVPMEguQDFsMThHXmZrZl4kJ10yNlE6LmpqKk4hPWwqbXBrbzQ7NzUzQ0ZCWyMxbig6
OzdIQTtkWCcqJiI0eno2JkVpcztCSyZab2VbRjEoYUBDaDVDMUEqbXJ1NXRwVSU7REoqM3F1ImMk
OCstNFQ5XzorbykrbG5kWCEoRVNsZmcuQF4xUzwsal9ZISJEV1gpPUouKE05OW9bSE5xPC9Yblow
PmQhcVFQZXEhNWdQMixvI19GMClKZms+TnIyKTQtSD8uKTUkWXMuW1NldWJhOC1bKWZJQEY6ZmNd
VWprWXJcNiZlKyNBSzRDOTJKNzghdS4idS9gWjtYPFRCKXMtPnUiN1BhXT5ZYj4ienohIUZVKWQ/
LT9ENVNcTyktKSc5ZzBeQSJFMSRgXl8/RCFoU0VdVFpzJFRDN2c/ZGRfXlhsNXRrMSshbF1Kaixc
XSwiP1FdUFlrZzUjQHFlOlgtSmcuRVxCSidjY1leJjQkMSZoV182XUkzVVEkYV9fa0lcJi1QOTEi
QDguLGpFPDldW2QtTCMucXMuTDJcNmVDLiFMLylWTCkzOShYO2RyWF82XjVram44WEw8SkdfKSxk
NFNbQFdKME9qJitqWUQ7RU16eiEhISFRM2lrKFIiQzxiJjpdQ0xgWXA7LyIkI0YvS1l0KCtvb1Io
Om9RKltzL2YmOCRpcCk7Wy1IN1tELGgmPlMtb0ZtNjZJSileSWIiPztCOk5iWmNKaCZMUDdKKV0t
JCVhOSpKZms/ST4qPTdMQGw0RmdsY0VHZU5mOz8vQzNAUVUob3UlVHJvXXA4PkVnLE0iTzI3LFZV
a0EvMVBzTixBPlZATihWKkliN0w8PihdOlByc04tNFdrViJOOiQtK0tOSHp6ISEhOXM7TCUmMUBL
aXE3MGQmPTgsVChaJUNmSzhmKFkwaVlcNlEybk5tPE5TSWB1L0ZcTVY5QWVWMkUrOXUjSChAK1En
aVwqQ2o3NlVeQTw5PURWLjdhJ3BnY0NXbjRdWSJeSmhPVXQxZCFdI2wrOipRQSNfRjE0ZS5naUQt
aFJ0bV8vV1o3bkk6PWdAWnUpZ1FYPilaZiwhRVY2PCZXaFpnZyska0dzQS4lQ0s4RFpDaUpqQS4k
K2dkVnE+TXp6ISEhUnBVckM9KzM7OVZJX1kjYGRgVFtPbjcuUnVOYEQ4XEY+I09eLVxOMjVrRygw
RiltS01jI2JyblVWMlVPOic3YnIkMzh1Kz0mSylGbCMpNCw/a0VTS0FzSz05SWZnVGMqTGckPmk9
KytLNm9DZGIhRiNfRjApSmZsSFEsa1gvSjRSWzdrYTdaNVI2a1lINUE0J2FNL1NKVHFoSGI7QV5M
YGBwLF9BVlZkWCF0UjdaPmInciE3T2xQJ0RVSTFmTmA5cG1IQWUnRGxzL2sxPzdVXD1OWyN6eiEh
bDI7KHJqUjhvSiVJIWZAKFFQOiVwS2BTOG4saS0zJTV0Wj10T0A1I2tWTT1vIUtuWGlqV1JUMTlG
PUxZSz1JPUh0ai9DISU+S002clJtZEo1bFxKJSdpUS47Pm9yWiNTK2Focl5IQD1JTC5mLzVIZls1
bkYvYjprMilWNGMrYVRIOmpMKjE1WSdtOTw3cyddY141KVA8Tys3TVZRVi9fKWUuPCdDbWUjWT5h
VExVW11kNWNFQ2U6KVJaL3VJdTM+Si0uYycuWVBnPlckRWJgVnp6ISElVjYnYXU9bVhOYS06ZkAo
UyZscFMvImBGTFNeXGE1PS1CTDA1NFkwUDI0V2A/Zk5IMk9xO28/S3EhSXUjcC1iLFBpRTI9Q3Fj
IVpPLWJMJ1tORDdcKyUkPmhbUjUkYTc3RHIxYWVXW1srRkxIYjhRWFgrJ3FXaCg/ZWojPk0sSS4z
czRrKzoqUUEjX0UrRm1RLCthbCQ9ISg+VzNqRj1KPSFBaFMqckpTQilTckkxKTpvN2ArSVs1MC4j
Kk06JTo0VXBwNmZIQlBVRWt0L2gjU3JlRyk4S3FiJ2cxVjNpbTRVaXFtMF9HWXp6ISEhIWJMTGVz
ZDpdR2dnZkZNW0k6K3BTX20pPFVSSiw7czplNlBqUz5AViItTnFfRV1cbi0wYG5dKzEhVVciV1Yx
YEw5NjdHYWEsYTcpWSpjY0I3cEdrN1tAPFcpVlo3c1IrL1RyWSZmaWRedFNWXktlUlIhUGZwa1F1
aGAjX0YwKSQ1YTY6QS1gYXVQRUg4RWo5IWhCNjE0X01IbyVWL21pT1FCXl1oOjdNKlUzOmoqZVRV
O1kjdGsjZmA/QEdpJEhQa0giRURXIUtPUnp6ISEhIk4ncTw7akU7ZSpqMjFITU5tQ3RXb15kZCY8
QFdLYVddQ2FYP1MoOD91MmBMSlNHJzZuZGVOMydPP0BIbk1UNVZvZGtlLVFKTl9aMHE4RmpGKC4+
SnE0WkphKmpxL2FZPjNUbHU0RTpxWT0mKT1lX01wSWghbyIxQTBTX1pHR2dVP1BIbm9PQU5kW1hI
TCdTZTU4Ji1QOTEiQDVqTC4/SWgyOSlVYDNmPVNFJGUoWjgyKmArXVhJRDVlVjI2aWw5cG1pW2Vk
Qms9N0AuTF1YSSNhVTAzUSciTDMzPVJoR0tCM1hvcDd0bz8+ciUuenohISFTMyxYazFbND1lTSEs
aU8lViFhLWBxOTJoVWxRUnEiaW1zaWtLbSUlLVYyIUlxUzkyZSxCPFcmbGZPJDs0b3BnYFhYXEAo
UE9TKElXN3AydFQ3W2RMUy4yWk4wbG1JLl4kcXMxRyNEKmhIMEJsQFdTRGNeIlU4VEZSSCp1JiUu
Vi40LC0yKFYuR2pVJE1dI19GMCkkODtYaGxSQSMrS0BfS2pFZTNKJE9wZGhBNWgzO1JoSSYyWSZp
aV9RJDJLcUZAYm5TZEknaUY+YWReYW8xaG8vc3MkSEZsP28hVWZoUzI7ZT5ZYj4ienohIUZnbyMo
dDkoW0xCPTo/az9JOFNlWWMxakVZZ3RoZjdEUjAwWDBxYk5aKzJsTCFnIW1IajFSQ01WYTBkWkJT
dFFdYj0/T149Wk8/RCFQO1xuLHFZO2NAVT1TJFRgPV09R0pTWEs5RVJoPjQ8ZjFKXipTNSgwSEM6
IU1pKTVuRi9iJi1QOSQnc09oZzs3PUxOSSxKMFppXTU8KClqOD0mSzVXUTI+c0w3KT4jMzVTakxD
LScpM1RAdCRWNCdrMiQkal4tZmZLUTdcZCozalY4JlFsTm1Pa3p6SjctPzIxb2I4O2ktR19DRUkp
RV1BM2g8L10ndXMlVjNkSUtHZTNJNFQzSmRCbTpnRVtXQXBITzYkLCVCMWg6MF9KK0UsYUhpQklW
cUMwaSwxTUs2YixJTy1VIkAzUyU1bkYvLjtTXWw4bS1ZWWpEL08+XUVQPkw3UVZWNl9QQCFTLnBt
cSliM2tWWkxZcD1WLCRBI2xGN0xIXGBAXD5ob0pFbUxBenohLlxIJ1QmXG8mRyxUP3JOJidcOkJK
L105TCROV2dILGteL2YqS3JuOXEvXjUpUCNYPl1qNHBXPyhGQT9eSmUnMHF0QkRPcTA+dVRyX2k9
Uk1WSlRjRXVbPCtrJycuTC1PPjtII19GMElKLyw7ay1gKyY2P2staidPQ1UsJ25pMicxJTg+X2BK
Xy1nPWBHJUlZczBANmZUJzFSaDUpNz4kWiYpXzlROUg5UyJIRjNWP1ldXydQaS1paHp6ISEiLURP
aiVGUixqMEw1Z2VTIUZUVFIjWiZrUSRHYW4rWSxTOHIpYUgwPTZxRUc9RCliREwyT1oiU0VURFND
LFglRWYqXT4rMFsiN0cyPUdSPEhmOk5gamhKNEEvVThfPVtwcyYtUDkxIjlsIjJmKEM6KXA8az4t
NnUkazIyXU9BMjA/Vjh1SSdpRVNjbl1sbTBuQElDTjxnL1YocWpdW25TTm9UbyRlJVgtJFM2TWNj
RyJyYmNIZDdQVGs8ajRUUE5fenomP1BkRilfNzwzXllUQE07YyQoPzdUc3FDUUVVcURVXjtsJGl0
PF5uI20zV1E4WSFqSUw1clQ2U21bUEYsVCVgYEdDZ3FDSmZrPk4hYWJ1b0hEM1NJL3Rga0AmXm9b
dVhMc1tTMk1xMEJaSERGXz9uWlFgQE1qW0pNNmI9SlFaK3Q/N0lLZnI5V2I1UkItYWZkak9pZiFc
L29MKzRUUE5fenomQTUqJ0BtbSooXUgoNlE1cT5dSzFbNStQLCphLUUiNFsmbyRKUmlYIkAzUyU2
IjxAK3JKUD51NGA+OXJHPEpPZ11wMTlqPC5UbWNBWC9McF4oZSwhcWFuPFVwUU1cQ01xZz0/JF5a
MFdaNkF1Zjddb0gtbFIuX048R0AqTyNsanIqeiEhISJMP21NPVA3JVAuU2hwOnUjWmlMOnEmLVA5
MSJAOkQ1V1ImWnQ9S1gjbD0lMlBdKjlLITZIQk1rcTJVNEh0P2AnPkJhKmFgN2Rocj49LTImV2lJ
RyhsIT4wazRXLidCSTVxIUJRQFNjQWBqenojWmJzXzdYalJEJD8vLW8mLVA5MSJAM1NVRnFmSjAt
ZGNIcVVCPW8rN1xhIm5HZiokSD86PTViUEM0cyVRVk9IWzpaMHAhMmExQytdWFZaPihWLTtGS2Y7
UWgocE0kVTZEQCVhUD9oTGBCNyw8cyNsanIqeiEhISJMQClZUVU0bTwqNT9ARFlXNW5GL2ImLVA5
MSdfaSMjZjk7cjY7WFNCKl9eJC5bMlA0aEs4YV85ZDg2WD9caF4lRllVNTtWPS9SMyZZLDliXXRn
cjdVMi9YVkpcUTtBUDVfPVtwMnp6ISdtY29KbWY5UDozZEhYZitTOVEmLVA5MSJANk5kSmBfN2tB
UW88WWZOOVA/VmRmOE5vcVpoOTZuXDc/OlEtOXIsYTVGakVecVw1PnUoVFNkczVnRFhUWzVoenoh
ISEjOE1Na28rK3NUTzo8YWZ0QjxuQD4nKzoqUUEjX0YxNGVDOWdALVciJkQqWWxSZT4yQSonIzwl
Y1BvWFdiZjtCbnVxRl4hLDJuKDlUJU9sVGBWOEFKL0tLNHJhPl1oXzxVR1s3RlRJVE8+WCI5OEUl
eiEhISFhOl9IUUY0XTBncE50OGZGI19GMClKZms+TjdTViYoTVxuLk4tWzR1YFpaMFBdUzVxUm1x
Z2hIb0dGbi8qZ20jP0ItQzNGbUMtPGE/LCNXb1doVCViI1UoVDJAW0AkVmo6V1U7aDduLmYyWF1j
JTYtTkYsSHp6SmYmMktBIUosOUNBWmJQJi1QOTEiQDNTJTYsUWNyTyE1XU86Si8yRGw9TG9MW05D
RTYwNjJkdWhyNyxXSnU5KThCcmsmL08tNz4hIWlKaVc9V147Ri5EKzNTImhFcWpVLitNNlk/PC9l
UlRVUTMtTkYsSHp6SmYnalBsYipBZ0lURVoyVUlZWkIrOipRQSNfSl5YLlxMJEJlNWVrUDVESnNk
PjJAaXU1PiZhTD9gKjsrT2xRdCdkQVpfU3IvU1JQXmtTTnBqN08kLHImdSpXQVZFPERUTjlxYkUn
NDQlenohImRyPDMxXVVLJj9bQWRKZms+Tis6KlM9S0VCPGhQWEplRVhDKnJmZUVXcFYjRiwqTysq
N0gzcFFFcio/bjtuYj1PL0diXCdmTTkjS2dKOGVwOVteLHFVYGVpISQwNGktR0cpenohJEplVlI/
YFBZSEZUT2gjX0YwKUpmaz07Jz0sZT4jJkBWVlQkaW1RVVVbU21IQkw4JGkmNUs/Xlo6JkZYQ3NG
OTdSaCxVK29kX0BMVDxNYFFcXTRvWSxAcj1OWzU6Wj46Vy47Q1hXTD4nKiYiNHp6XzJjTDkoSEIr
UWs/bVwzKzoqUUEjX0YwKSlCQiFHbFJASSE3OENVKFgjaUIiOEM2XCk3VUprPVUzbyRPRVgkPGBn
TltgVWBibVZyLjZEcTMxVT44YWVzYjM6Nk40c0MwSylqczltJFlUK2g0KkR6eiEhITpCNyVVZ1Zv
R0pjVjpDbVhwJi1QOTEiSDxda05wQjlecTgzUXApInBwajBfdWdxZDRQKGRxXSJSa24zISw5akJJ
YS5baFdPLERrI11xajUmSFdQT0FqZ1NjQWBqenojXUFeVm8uNC1CJi1QOTEiQDNTJU4+M25GLWMp
VlFdWD8vKm9nSCwzRTxbcFBMPj4kL2hCOXNQYUYqV1ZqSHMpNCsyYCg4LUdSTz4uY0tzJ2FCYitF
Pm5jbCxoc1lURSxLX2g4MGchczgkYShpV3p6ISElVGlYMyJuOUolKyVNQj04P1M1bkYvYiYtUDpv
LE5cJjYmNnIjIVpLaXNlMFNWXyo2RjsobDU1bGEiM21TLVs8b2JJNFNyZUdZVD9SWGBWczBDalQ+
SGw5Wlo2NnFoJFU4c2pEU2pIXXVcW3VDQFlYMmYrUyxhenohNVhaNUtpcStTKWxNQW0/OiMyKzVu
Ri9iJi1WcVQiY2htdDdDS3BERloyNidWIXUlNGxZUnVeTzEwZSIkXSRYOW9uPDdkOHFuSy5PK10l
LlwsR0hMRy1IYVsrQEpZW0UrUW9aIjk4RSV6em4sbUJFcT5oKzQrVUVaQiNfRjApSmNdLVdpZDBs
X05cb21YLnIvVHIpbE5FYnJOQDFNUmVdU0FnJV8sJ2JgdCo+bkUqQTw1Z18wc1YiSmghIU9CPThJ
N29SXWokYT0sJyomIjR6el8yO2M4Q2FQcSVgJFQzZyI7NjsvI19GMClKZnM5PC5SNzY3b0pdOWI2
UDAkPzEsciUjT2t1RUtHOVNtR2QzVTNsSDkuZiQ9YGlPNy03P28pKz1XJnFIOF40Qjoqc1RCZDht
YCtLJ05eQ3p6IS5hIT5qVDxIRVohdVQoPHNYQyMjX0YwKUp0TisxPyspSiRtV3RUUys1WXEzKnFQ
LERbKCYpSFVWN0VhbWdAUCotKldJL2pCJypTQlZJSDVXUDM0MEdJNVZMYDk6bTotZmVYUS1rXC1q
PWM2byZFJzQ0JXp6ISJkcXFqUFJRYEgkdGlpWyF0T0Y1bkYvYiYtUDkxWmxdWDo+WWdiTS8hdG8z
OzMrKmpWZ0QmLWZ1PjhacFFcb1hhUjtZMyZON3Byal1mNS9vLF9WZF9NO25pK29laj5AO0pEI2Bp
Kjc8MlJvPVl6eiEhInRZT0lvMVBHLj0rZCNfRjApSmZrPTskZ0s3LVY0JFhAUFhTc0tfO0tWYFYh
cEw3OS8+dC1mRFw+bk9JKWE4RkBIOU1GYTo3K0tNK0pbQyxCWmcpbyFWOkVdTTM8cy9wbjwjbGpy
KnohISEiTFRMVWQnRDgmMGdMKi1iUis6KlFBI1Q+UUxYc10oWGJrN2M4LjMsM1VYbVk0PSowRFUt
TDNndE5hSj9uWCtASlkzNFdELVxuR1BHYlFdNEN0QkZPbS9KO1dHWzBUR2RpI0lwPyp6eiEhITpO
UFw1TkFxOztqOis6KlFBI19GMTReWkVjNlVuLWhuVHRLOmwmZlcrLFNkOXA+RHNPX11tQzFsUi1Q
TXNiKFQ2cVpyLzY5UVBXJ2xiUUc1c0cpM1JZdC8jU0hrMzM9Umg/WWgnUV1KN28oRDUvQWRTY0Fg
anp6I15XUkFqKExXIUtITFBQKzoqUUEja0NFUV06UmciVkxraiZSMj9aSWo3SSciS3NBdFFfRmgn
b1hYRTE6LF1lWFtZcytWcGU1RCxdMCVlJyFQN2BlI2REV29wIjk4RSV6eihnLiEqP0ptWTIyJVRM
Z1M9VzgqbEBwTiZPYU9oOF9oSzk+SmZrPk5UUkJGOmY5PkRuUUhLSj4qQixhUTwxZSJpSUJRQEtj
YzVHK1wuUW5oQUVBRiNRPUZGWCZXRz9yImtPQ2Z6eiEhIzpxYzFUJEAiZDoiMVZyLy9iJ0EsalYw
JEZxTEM3LW5CRT9eVCNKT3BdbihKUztZIUxDaEBYOl5YIUlDUHMmVC88L0EiQDNTJTVuRjFkNz5j
KiVXZmNWaGRKI3NfUyRmaGFvK08kRzs8VGZubSdpb0ROJEFdI2pAKWFMOWdHMm9eSGUlL1pOOnEq
ViVXTWxAV10hU19BVT5dJEZsWi16eiEhITpOLGRVZ0FJbT0iYztfVWJmZi1IZkVkYVhaRjZZPDZn
RShuUSZrN2gxN0ZSPig+J2VSMiprYSVdcURJKVxdL14nJmleOU1BSSVITzteVjNiYUg0c1RIbktv
VWR1TGY4USsqVVRhLDVuRi9iJi1QOk9VaSE5NEE9YU5IY11wPWNVS11ebSttNidiLGs0KDs3cm1L
aik/akUuKWtZXWNYQS5QbzUyKDZwPEMrblFuM0oqSkVrUFQyPTQkL1o9Mj1KM3p6ISEjOjInQDJC
Y0diJ2dhWSxAcChbNDhGUVpZKmpARWFtRWoyakQjTDkhKWNCMEFrMStmJmw+YVU/XzE3UFBqJThj
SkgiPGVybyU4VERyIWpiWXJkZz5hZnVnJmJgYHVeOEE5LyVLbycvIkAzUyUlP2UwMVQmXmYvSEUv
YzpLZ3A5KnJrbFYlaGdpZjtcXUM9MEkzczhxM1FVZS5WOF5DWy08QmIwczBbP04yRFxOWWhQZysj
ci82SkwwS20raTlIVUIwZUhYVj16eiEhISEoITpjMjYyVnBcJWZAL0BmVmwuTXVHVytmSks4WiZR
OyNcPC5bQSdlMlxAQUhFZUtzOEJsPXIhMGQ4WDVwPDA2IilUQF5gKUk6bSxmWCxqRXBdJnJcT1dg
SyglbnVsXEljOGonMzRdXktfIWZUbmQiQDNTJTV1P0syNmVATyMsVm5BM2VqTFtLZlRadSksWS5o
QkVuOnVAQidBLTZxXnBKSDdRKzk5TFBuRFUjMipDWnBAJipjLU5GLEh6ekpmXnU/LiUnV2JQP3BZ
Pl0ua200MD8zSzFMWC5KVUc0aEhxcm1QIk1WOl8zSVMiJjBAREpkUEJYJzMzOm0jQlVVNG9FKm1M
W08ncF5qVEZZR15SUGUrNFExVms0UyZvYktHN2RnOEhnTWciVGIyWy1gUXNrRkI6NEMkbjhyWmpA
VkIrOipRQSNfSl43UEQwaD9QMm5pW2ZMLW1wUTA5Zk1POCJCTCdmNWdXcEdeKWBVOycmYF9faEth
bVMmQFtObWk7QElSYypWImVXLDIlOj0nOyE8PCoieiEhISExb1ZCR1xKazc/MmNORS1QKVBbcCld
dGQrNyomX2BxclYrbUAsXjdlaS4kZ2Q+RC1NNDZxb3NsbW1gckg6VTxIJyhVYE9ZSG50Qyw4YnRh
aXAyc2x0V1pQVDY6R2pTTDhUKSpmcWNpN2U8Wig6YF9TQmdpITQiR2daVjxITCJQTkwoNWMsMDVZ
NW5GL2ImLU4wJDFpdG4ubD5PPSQxJ19ZTjE0XlxNcyolUERvLmEnQlBNWDpgSDJdIzBDZloiOUxm
VU1IK15GOFBxQk8vYU9SPl0lOWslaDM8VEZYbS1ORixIenpKZl1iNGZmJUpWSEZUUWRXXTdcKjJQ
cU1kVltgQ1c8RmBHSFM1LEVvZVF1UWdDVTk+P3JiQ0Q3ZjsnQkVOdVZia1F0LUw2WzFZb11iLSsv
YEBBLV8tUWtYPTI1TjE3aD5GMVxpblFOJi5sX3BuWCk1OCNnLnRAUVVdJV8qdFNqL1BXYzZMYmJS
TGZUZiYtUDkxLGczPmlSYV0uSFBZS3NfSD4wNkcyZkpbQ1QmWiY/OkhoZnJVRm1bTFswQ3U/XSs1
ZSFjSSUhODw4WS1WZ0dIa1FIKzQtOkZGdEdkaUhiUCp6eiEhJXJ0WylhOEM+WWVqLkVbJUJWZmVe
LDhtPyxFRCoxKyJgamA1S0U8R2Q2W1NcMyx1OjBET2w0WUIzX2lHRTJlPzxdKiZWKCQjJ2dtJGtl
a042LSNsLUBVPW07P1UxTTUjPENsVmoiKkRTQ1tMOHBga0QtTz47SCNfRjBJMFZmUCtLTWNxVm9x
YWtbbyJvNnFkPShLQWJPKSJRZjdNU1tuTjVmTD4zJWlVTENbVUkmLHBOJjF1L2kyQSU7TU9ALFpE
NXp6ISEiLk9aLVw5NTFiQ3BzOkxkKGc/ODFbMmRwbjtSXFomJyYzLiQhVzoxbWpxVVwnaDxvLklh
IkMlYjZrV0YxT2RFSTYkXSxobmFOQEpYclomPUdBJTxsKCZmUVtlWDlDTjIqJTRnaGIjcnFwLU9H
Z2JCImddcVVZQUkqbDEjX0YyX0o2LSozXSliWl07L2VaWVBTYEkpRz5KUURCYFc9RmNiPldjXGZz
SC4mNXMtJ1wmXEl0PEEnbFFhcTNYR01rUlI/RVlJX1JcOnVIQlNjQWBqenozIlc7NCxBYVNITkNA
aTUuRnQjM3FQZWhVcy9ydS1oVzhjOFlAImQvXz5EWkA9dCU/WmRFMy9RYUpadUBhUlN1Z1ouV2Nc
P04vPy1ELlI6U180SU8kV2A/Z3FTQTBfNi4nU2lmOkRrJy4uP3RAJV0hOlhHLEQwJkZVQTgxPjtt
PlU9I19GMGlDTURtVjh0a0E2ZlV1JF1QSlpxNkkhdFhgVXNYLSFYO24vMktgJGtLKXAsNlJuU0pM
WC8jUkhDWygmKXQtZmVXSkMrUik7XjQkaSY6QjFAcHp6KiFoQTU6PmtmUjswaEY0TkwyXTpBRWgs
VDxWamoybTVvTCQ+Y3ROYGRdTlFLPTUpJTBCaF5YUF83TTdoUDEsOEltJEJIVGxOIWJVcXQvTzJG
M2lfPnIsXi1LTU5pRjQtMyUpMFpKXFBwYCs4N0olPzVzYVE+RFY4RUQ0NW9MQVlgbCVpcV1YJVFu
TmQjWlc2PW86Q3JoTSQvVVReK3IxK1s4P1FzPTl0MnBKZms/UURlVzUxL20wZjtBZGBjJE8wdTEu
U1dCcCQmaF07Jj1IMS44MzBFOkdhbVNRVF9sZCVnMC4uIU9cZ0ltXUReIUknKHA3OVNYc1gyTHp6
ISJLLWJCUzA8NiZuallQVm0uSkkvaEg4Rik9LWIoXWVNSXRqYDVLJjJYXkc0TXNNYUpEN2tFSEFi
KjJhYWBbIlM6K28pK1VvRGE+Q201V0wtODM6U1NtJWkvOCJQIS1qRUpcQz1fRjg1clR1UFVsS1Vx
IzIxaFtfbEQ8UTkhPTxmVyEwUjRpVCtQLkRlSjdtXT89JW1EZWBrKnAtMFc2KCs0Xj9hNm0mIkRv
S2s7OjEoZ2dDKj0jPDpgW0BsWUZoaW4mWChiTXI+JFE+QWlPKWB1UzlXZytoLGItajV1OFtwWCdB
R0BeVDgiNTxTTT5lMEg0Wm9dYD5XSStBXzswcSZSa1lcK3M4P2NtLjZrWFhFMTpQYCsvNkU7Y0op
I2hLXml6eiEhJ2lwZVMjWkEjK1BPaCg5WFI/LCJsJC9lZXRDUT1vIlZwXUEpUmw8aXU1K2kwbDFg
ZSMhT04ycC8nNG9cajg8M0kvSDdrcElJP0czaz8qYThDZSw4MyguMSdIOWIxbm9kVUgmdVYrPGM5
JENJMmRfXkBdQmVlKjVQdVg+ZDQkSmFHOUZzXkJnVXNdLWhYcFdwVSU8Oz5jcW9zXW9YcSFkPG5w
alRuTXIwblZYNVlUdU5DMUIzLzEuZmsyUmJObjhZWCNIWiFKPG5ick5sPWsvJEJrbyNRWk1pVScn
JCcuS0pmaz5OIV5VIyNTZU5FMmFLbygrXDteUUhkRXIkLzJdTl02OGh0O3JHWEknSEJSTz9RO1Fu
P0A6RSMpNjc3dGNtVUpDLGhxJTpeZzYsTV9uMjhERXA7Umk6dXp6ISEhOkInKTZHLVtvM0k/VCNR
UWg2XEttLWU0a3VmZUAnNHBiTjNKQj5JYTUmSFcmdUoxOCY7JFZsLFAlNlxPTFhSMklCRTpxNWxX
OW9oRDluckZNaVQpU1ZRVmssImEyWk4wbFs1VkVZRm8mKTokUHQ0OlNDQ001SnQqbikwbCd0P2Jy
PChJZ3UqMzVTKEFCbEllNGVQL0kxTzNKbUY1LGowUiQ5alFeNnEjT2ElISlqQl1TIkdTQFJvanI3
aVxKTGQqKGMhRWMmZmUyTlNyZUYhMSRXZkdyb1dPIm5RNjgsSmZuX2tWM1VBJy1yXU9bMG1KVzMj
b2s+OEV1WWVEUEBBRjdZYFVxTGNjXSpUQiFbS0tQUGFSK0VdcVA9ajguWVQ2IzFrUkVISihXRSc0
NCV6eiEhI0l1OFovbjcvOTNuNStVTXNxY0I/LV1zODBxJm0tVWdSLj06Qj9vXSh0K0lPRUkrOWch
NE9OSy4vakVcRy8iQUIhI0U8ZG5EQlJhUlJpZ1E3XVJPST1MYFJvPnJOPHE1KD5bXztKNnFFJlQ8
MztFXlNvW2oyWGFKSjwmJVxMNiVNcEhePFMiMl0qJ2dNWWFGbG9EQUVfL1I1LS1OK1NSPlhnO2gn
bG9SXi01JEIuMSwlJVhqOTUwOipmI1haUCxeR0JnL08hPGdMaUBkdVFYYT8ma0tVcFtLKkYrVTE0
RCI5akI2Rj9OTDEjMGdLaFspbjYtOz09Sk9PMyE7aFA1TTRjMS5aI2BlaGNuKjNDXWNqSmcxalsy
PEtNPFc6ZUM0TCNSRWFPNEpMWT5ZYj4ienohI3U4SE5DSko/NUBranRWbVZXJCx1J0BKSWNlYlxk
U2FfJUdIR1ElXUQpR1M+YDw8aDNlPDglVmpQcW80KnBqdERxanMoQj9fQVJGT250NlsnVjVtYkJm
VkhsJjQtRFkqdGcxWFgxQjxEOy5dOmpCZidEMWkoV3FvZiQ/OU9RJ2EjaFFYKDk0NThrO1s7OHNb
blVaJWAuRDRmbExcclgqPllqSCdJNSNoYzRkRV9bLldSWlVMdTxUMis6KlFnOmA/cDptJzs4XCg4
Tjo3UG1lbitwIkFJPk1rbXNxKW06J1AsLipyMz9QJEFrYHA2Ljtfa1hgNSI7PlM0SyUhYmUoYGI0
JUFIM1lpXz1bcDJ6eiE1Ty5OQFddISVYOz0haiQ6OTpvOjJmMUdiWEpGL3JxYHQtVmwtbCRFcEYr
Wi0tX2loMVs3KTxnQ145U0U5dWAtKmlZMCxoNnEwaWw4MFddR2VAdUZZQnNHVlJMMEdGP0AqdTJh
XlFcV1drVTQ4LUk4UDE1JlxJSG1yZDEyRloyMkZxVm5qMiw3aDhPTlFDbC9gM1AmT1ZCLDkrcVIi
YmBQaVNfPl1UKVtDUmkiMW1vMjRuMWFLWDpSR21CYSg/I2loMTdYRSdHYSc2REkxYHQ2Sy8lRC9u
I19KXV1QX1E9Z1MiL28nZ2NEUmVsSzY/YExmKDZlQFJvIjZVK0RWSidXTGNkN05TIVNmdTJUNjNj
Ym5kQCQyckUvKTk1P04iQlFObE5tT2t6eiEmM0U2Tis4WnQjRU5nZSJoODU0LWFSZ0FVQ1hnTChW
PHFUTEAiOiliOlhRP0dlcD9FNUs5WENiX1kidXMxT0UmM0EuNVlnIlQvOjo+T19IUSdKSHRgRWRW
b11rcVYnLHBocz9qZi9XRWQnZSlfcDomcic0UkZENk1SZ0psOitvKFY3RV9sUWJmY2o9al5dMDRI
U3QyTiRxJz5XNWxRcVprWGkqbi02NTMpQyVhKSwvblYyUmdjMnUoMjRAMylUI2FTW2csKWhYJmVv
cmAkJWE5KilGOConSDpoNyJpY0w+YXBNWUxKMXN1L0osTz08bmI6L0I8TmczXklsaFFNbzxrNWw2
RDU+QG5CMkRlUS8mX1dxXD41T09hTzpHVjdlKyhsWHNYMkx6eiEiSy5fMDQ3MjNoQjBNMCRCO091
VVdzbz5BYHMpQWRhUiIsaDldIXRhW2A9Y2NfaGo2RnEtT1VQOE0zQF4mSGFOS0pibkUvTTxzLVwk
T1FGRWNvcGA8M0tHIU5jLUV1LHEmLVdvKDFccHJobSouUCgkQS9oLUZDRmUoVzZVR3VOQjhZR0lr
OVMvQjVVSTgtNiddTFk5VGtacVBEZyFlQyk7LEwzXWNZIjcnY2dcIiRhWUlRc2leQU5XXUdUVy5U
IWE1RzwiO0ctKkIvWTRLa0lPSFRuc0hEIiUhamkjO1s9JFxoTms/JyxlVXRASXM+aChzYFFjRTky
PzgtUz1wS3BdKjUjaDw+J14pRUNxbEdhMCskYzk5W10mRldQLi0mLkcoKyMmISJkJCgiX1RsMlIk
YkdSYT8oSEpJRTAhWWwxRjdBOGBeJzVbYllMMHAtTE1KY2ImP1RGKkhwdEFdKzYyVlM0W11jVDct
TT8nLWNbL01nay9Iajl1XywkLj1pTEtuNlUwc09RUltqcFFiOlwpKWFLazxTcDQiWCM8bFE3JVVK
K0klUVZZYTVFNGIlS0gmRDZldXRfSjhJMycidGMmOE5aW2cpKWdfIklySzByZTIuNTVmbUNWXSNZ
LD1cQHAjSTBBTHBAUlo/LiZOczEpUj0jUFVlVE9PJWUrXGUuX2wnNjRgYUNuR0QqVFA6LSciP2Ip
biQxJkN0UzYuIjhMW11aTVJxK20tI28xKTtkRlUuKFciQ0BfO1pRbmVwRVNGNUpVMHBYZyxsMi9z
LkFlNDwoTWxQXWFXKUltPUQ9UipAYC1vS0UnNDQlenohImRYTlskRiIyYzE8Omc6Z2NtSkRqUycp
bjYyPT5Fay5XcmV1byY9VC1eXGo5W1M3YW5dMSJxcDcmNV1xWDE1WGsrXTlOamxQUl1ROyY8VlQ3
IUMmTDFNcysyTmEnT3M1aFFxW2spST1hRGdrRjFfbyonM1VAZFdASTtnbTJWZG4qYS9qIilvJFEn
ajFjOVVOVVE7YnQoSF01aS50MV9wZ0BvQkY0OFpCZWEzNkxlcXQvTWFLNCdhdUVRanFCJiIjKG8j
YCFyI2lKMSltNHMzVDxXWUFyRGhCPE4sMzpGXTRcPSZSPmFlKiNONUshUyJTOHBaKUxXM1MqJFNo
X0QnUFpqWiQnRTpDUFFVOiRWWC5tIjtxdUYzRWpBJiw/Xl9WWDU4UyZQTUIiPkZCVG8qVDQtWCNp
MlBaOVBqclYvamc6LnVEOF0yYmdPXEFlPVNrTSUjQzlNRXRrdCw1J110OT1BNFI0Ui9ET19kOjUx
bEYnTitec3JoKydMUVxNKTo+YksnNU9tWWUwcj9KIiJLVEM9RCY5KzQmQ3BxYCpiU28iJjUsLHEw
NCRwTjZQbjZXJG1oUDBKOEdCXiE4R0ZOazgyO243WCUsTmRAKmVQT1MvKjNNWGYzL1QnNGRDTmZF
UGFdVGl1M2JxP2RUb1wpcUdiL08uIkVIMXA0VWBCc0dSRy8uRkpNaEU+STBGVmxYKklOYHFVaHVA
UVVlVS0wbmVTZDg6TVowLmUiW05cJmFqU2M1LGZxQT8pX0tSWUNOVG1GJiZdbGJrVUNBRV9xOFVB
QDNyNldsUkBpPiFrRXJMOWsjP11fO3MqSm9TKGpwKihhaDwtYVIsOVoocTY0IU5tZE16eiEhIUsz
PG1ZMlBlUUZwLzBHKENiNWFLMlRnPmNXTFFYL0VOXVomdVE8QD1saT1gVGhrJiciaks1JidIJGdL
bzkkSUhTb0RMNSt0TlgxKDplY2FyMF9FY0AiR2MrRT8lUzkqJEVmWFw+dF1xYU1TWCY5YFRbZixT
UEheXkdpO2NDaXFHY2Z0XFEoPTIqY0pHLm0yNjUyJTMvNDpNbCJjXiJjRy9BZT4uWzIpPGRENWtE
bj00SzFYPUdiMi5BPys4NytHQ3MwT3NBUSJcY04/UlUoMGNYWCRnUD1mMi9WJy4oU2JjQzwkVDtB
TUFKZyZxQCE2YUYwPlE0Vkg2V1JmaT8pay81T3E0K0leYkJQQlw7bjQjLykhUCM9X0Y+Z1EkTEos
QmdVLEA5QnQhVEMuNGc+MUYlRDZBUjozci83Ql5kLVFHZCpYSGRVdFNiNzNgU2hRMUViYU1RUV5V
YyY+NXUmU0NWViw1Wi9zWz9ubTkwNzVJN2M4L0gsZzBZZERTRVQ+clJAIV1fbk44YWVyWVVHKDlC
MixxNzxXNlkkS0ReWXU9V2whLEtyRklkZyNfN3FgNlIxVTwoWGMzYFExXS1NcEJuRTRERVRIJnJN
JHQ5YkM1LDs/QFFrWTZSNkViXC5zJ0o6Y11MMC43Z1ZjbFVrKGIzWiVlJTIqUEpdJkA0LD9CSy9f
UzRRWSJVbEgpTzdlVXAnLWtjVlNwOEM8WHVXR2koW0ZjJVBWRzlzdWonTys2YD1TMGEqVDp0JXR0
Pz9BQEteTzk6ZXI3PExqZi0rJk9PQEQybUJvay9FLDJcY1lYbjUlWF5bTz9IZm5pJzQ4a1RSNV5b
QC06UF1cP2hRWjsjKVNubGlqOkU0UGA6U11GTzE2VlBjL28vUFI7WUVdWVl0J3ApZElHO2svITgl
XEY+RE5yQT1xM0xBN29iLm9cbj9rQUJDYitNNVRFPjtAMUxEbyYpSV5yPi0oZ0FhbWssUmlaaU8z
RipJTzxwbUw7Rl9eQUpCPzFKOmZEREcjKmAxRjZjaEg9Wy9PWykkSGdjMnQxWEdVVF9VY2ZvXj9g
dGdrcDtYZTxyVldFajtqdENCQSJJcGZfakM+MW0zJD0iTk5dQyRBaGQ+YD49VV5sV2EsTUZhKVY1
ZjZtXnFmU3RXIUE+JjdGJS8hW15dRzNaNlVtb2dbLXMmN1lPRT9SVmpTLyxgTGNmR1oldUkyS10m
ZFpYTTAoLSIiPlg/VGBLRD8+RyRjXThHWk5NSlJBWlc1QCVlWmhHaSgjP2cqR1I1PFVtLVIoSUQv
N2FnOTxwUDVFdS9rcFEqKTpKVzJnUGhzTUBWYz5aOTYhYWdQYU80LXJFYU0ja01HP289U2k5YF0y
WVhZXCtVRVpCN0c+PkU3KV9kN2xRK0E9QVlsJmZNZy5URW4hQl1wQXBNKUA7XUpAW2xGZCQrWHQ0
VSMmNnVjOyZpa3RnIThGRzpFLkk2XHp6ISElTk8iR3BdVCstYVw5J1pkVEZfaW5dWS82VktXL1Ar
TEtbLF11TztpZD0nbXV1YCZpZnBELkV1JF5zQUBsKkxxTlUnI3BZQixeci5iJ3RQYi4lIlpGQVth
M1VHLFpaVkt0aFdjaVJbaj1lNCVXWEUkWGUrS2doYFFkXytNSDtwUm5YZD9CPGRyclRmJSpeJ0JB
RlQ7ZzFTRikvWCVGLjpIMnRMVms1cTE0JDMzJ2clc0pnO1xnPz5TSEMqIjYuMk45TSExcT88LiM6
SydidVQ6YjQ/SW5VXjdLNVI7VjFVRG0pIjo5TTkvSCowO2tHV1ZHcUNXanM+QFFwN11iKGMjXnJT
VXRYWzwoXnFPVCFJZVg+TGBnSGd0Ii5dJVMuIUdRWk4tPW9tbEd1XUxDT0o1JzQ3MDo5QDdbRVtf
OmpFJiQnNywtTiE1Wj0xR1kxbWlUPjsua2xZOV1FNXFkKnBRPCcwI2xdUVJtXHJHLmRSMGdAKG1E
bW5aJUE6U2s4LlU6c1MiZWYuYilTPTRgV2FdQDZZbSk8VnU/QDUmaWwpLz9DciVYTkMvSzZXWlNU
LmokIm0+I1JFYWQsZzZiR0hTJGx0c19rK19qRjQ8SyFFalElMSQ6L0FgdVxgYWFVPTRzKEhIVCMx
XGc7cy5Pa0ZGdFc/JV0iQTY9JHRyN2FLKXIhajA2LyVjc2w1bWYoRGZeLjlKWiYqMDctRzM1Tl9Y
NWQ5LnA5aXF1cFRtVVpRLT1yLltnJ0coUFpYM2FyaTE4dVI7Wk8/aiNJYXVJQnI6TFMoIUJcRW47
LCJXVUgnNnFiNVJEVmwtLysvNlBUbkhnWD5jUEdqZV1yMWA/U2FNZ1UpUFR0SD5kW1lxUGs9XS1a
L2osKFxSIV9NakgwUnNZUTowPWlsO0VkWlhOay9zOW8wSmVORi1DUWJfbFUmbWVyczA9J20iZkhC
S041VXVQI19jRThkQlMnZU5jSzNWNDVYMj9dPEsmYE5nXEpMaihIaUIyclZDKEYiWTNQO0JFdTEl
W201KmBRUDonOHNkdV8xWio0LE9zRHEnNmZoZydTJjBoN09aci9wL01XYEsnaigrPGg7QFg4Y3E2
WXA2Y2YyTDUiaHJydU9dQGJma2xlLCVMPEQwW0UzSyRSZ0koRmZtMWJFLFpXQ0pLXjkzLTArTkxo
X0cyYD9ncVA2YS1bOiVTNTBuQ1o5YkE+UVRXNERpaTJjT1guQVpyRj4vXEpIZW9NVmVrLFFTYidk
cEwqW2hWU1dEPz89YCQrbEtkNiFZLTFkVGQyailrXjtmYXNdbmwiXkVoVGxWKE9MPjRsJmM0bVE2
cXFNXFRlayhoZ1JybkpmczhCT0xEOz5GVD5KIS4qXDldZDErbVBAbCpCSj0rLSNDYzZOQEo3Ul8j
U2I3Uiwia15OLCVcQzBLYC9GZ1I6ZUtNT3Q4Uk9FRWptP2wnNFRQTl96ekU1N1JSTEtmJVZOSDc8
IUtFPionYU47UXFrTy85N3MuIUEjTkhyJlJtXmdrJUBxcEtfLTtMMkdpL2dabzRsIk5BZ3RVUG9x
OWFzcmpyXm8hcmQyNGtDMEY4JmYldEtuPWw4Im1jS2hSNW0tWCdmPl1yZ0Nfa1w8IkE5SGxNbyUz
OXRdVTxjVlltIjM4ZENjVzwxcXJrQURtRSwmN0hqPiMkI0YvI2drLkxMcC40TTgvXFEiPEhiVEdT
cUpmIyZGMl5bRzppU1krRF9HI3QhM081WjZiOGsoLHVITjRhRV8mWDRnVj07OjEvNnByS1pYbDgz
OlNGQzUrMERuWy8tZnJtSyEmKihvOlZVPys+NCNIWVB0ZXApb2VjdDtMT1MwYSpEIjNPciJQb1Bt
NThBRTk/bElUQy1vTGYoJzBpNkojYTAmXmohPWJHNyxpQWNwL1tGXUEuNmxdUVFeWEBPXFhwZXNT
ZlhmdEw1KyFSYitAYEJvYzpYP0QvSFxUP2pSM1Q+JEtZLmc9Zlw4aDstYEFsKVoiIzlccSRYM2tO
IV9naUpnSyNMInI7SS0wW2tvTT4yKjJlXzNKNXE+Q0xXY1FnPmdZNVw/UVU1VjszdUpkJFw6KidG
YkBMJ2A0bGldXWxgVFVzRCtiNlNJczY9U28lM1BZaFZtOSw9bDZGcCckN1NmZGRHK0UxLFtDbGFR
WzVlJTJuRGVVI1VvST1ILWghNTYlLiFFNmMiLEhgaUxfNHM+OTA3XkFrZTVJUkIiY0hcVDFJNE9k
Lm1HMUsyU15nYD8/Y1lDYE5Ya1YsTSdQKmVFN3JkNXFoaGFmWkpvUzI6Q204Y0xgQWwuaXUvMWBY
L2l0S1phKGU6WVg9MlVUWkduOTpSJWByWyRSLCcyYDZhNjQ7WmAtSFc9J0lEMmxhJ0ZEbkxlOVBf
UkNZLENiY0VZVDluRlRrb29dJ2F1OSxAdStxU19ULFYrOiU5I1UqYmYob0AkTTMsPUJJNTBOTjlM
RC9DUC1EOzJMXUQ8dUM6XShhYD9mK1ghcWZBUEhtOy1WZFQ7YmI5QkJCPT4pLGxTXjphTCwxQWNZ
KUxsbEtVSzktRjlTNW1IUHRTISxEZEZpOWpsZmU8KW1tU1g7WUQxM2ZMWCpLaTcrLUo8M2ZjX1tl
QjNPPSVjPjI9VlM5OG1gczE1bDctbWQvLllqMFozUS81dU8/L2puMG9rKU0lKFU4dD86WSY1Xj8m
Pk01IlVzdCM+I1JVb1FtWCIwMUMhcDRGXywuT1YiYzhodWtgPjpYV2ZoWFthO2AyPUJnKCgxK15Z
LV9NMCs2JTk7I1VeaTVxISpCXzg1KFhzWDJMenohIktSOT1JaXVzNTpAPTxyTzRHUmlRRSxcUlg0
JlJbMTlnbGpmMidMYU03V2MxIThfWjw7Jj1fU1VTX2FZSjI/VEcjaFhbcm5GM1koUyJfL2FbYVlF
bWFgc28yRWxBOGsrWWQ0NVBAV2w+b2UzJ2xUXyI5NU9QS0pWM2Zla0prT0QkO0syIydDTiRrZytY
PFFVWzpSZ2FGZ3AwTjdXRT5DIksuU3FwcEpeLFgldUIyM00hUiQuSidwMV1GKTYwTjkjOy5SaVpt
S0ZqIkJCKGBPLDklJzcuXWwvTlhyOUJcMCxbJEFCJ0BlLTQ2NDsxTW1Bc2YuaHBQSjVZVyVXU2Qn
dXJWaCcxOC9SYE1aZjpuaXU2O1M5KiF0aS1GNmBkVXA9XFFgSisuZFhMJmwoWFZlP0kwWWtvMUpV
LWpyVFRkR1NGYCdtTDVyVVxgR0JuW2hqcjp0ak5XUShJb3UqKypmPVVQa3AvW2E0KkUjYkZtUnR1
cS87PGJZdS5OXDYhdHAvWk9QU2pqTzpRY2RPZTZXN2FvRWVRMTJnbWVGYlhQaUsqOTAuIXRSWWhN
cilUR0c7KEFqPCNuYnIkND9mSSIxSXNybUEqXWQuPkxWJilHIUhURUJrWVNlY1VfU21FTXM3JDdx
ZU9dY01ycXI5aGYqW0tKOiltPSsscmpoX0NnWFF0SF5cYDJzJmJHbjstcWVfSD8uMWFyIVEzW2By
TzsjPSonOnJcNmQoSERwKS1lI2o2QyVuXTY5PUBRYkUqbWczW2E+QkNVa1dDaVlbXGNcW2BsRHVL
RkZlLlpvSz50ZTtERiFTQjNxSnBPI11CXF5qXlwoJ0dHPDoicDJCcW5JOStFKF9bVmFkYXEwKGAm
WCQrXkojbjBjM2QwRiE7XCFRUVZLN0VpIjA8XjtvaSMxJCFqXS0lTEVjVD1dbzx1RjRWV1gpZVN0
PDZdSDw1Xk9PSThEQChqUWlvQTBYJWdvcD1bOXMnR05FY2cnSWhYKyInUCxGPyZvTWs+OThyTExG
SHJBaHFVUHFbYm87XWNPMTxEUkI8XFx0cWlwakMsUmg8TEo/RzR0MSplNmsxUjNXaVZfIi4sVSxz
LSxZQzldYzxSbGhQLnA5cV8lUzZja0AhZ0NkWUZrJnAiPkcnOEI0JTtFSVVbJk5NVU0zQlREIVU2
MnNZKVxsO14uKCJGcUpeWGdVSDZLYERuU18vWFg3UyJkSGtCYy02STdeL2BjKiY9R2xFOUVJblhp
PyQ2J1tudGpfdVNvO0A2OG0wYDRSb0FuKEIxXjo8RGcnW15QKSdRIjVSQl5mIj1fZFNwIWUzK1Vt
SlQhbj40KExBZ0EkP3BvUmtsOWZBVyJbLi5OWE0pIU10VUViLSRJalFubF4hMi9JLFVSTiQrUXJW
P1s0QmBXUCZOUGJ6eiEhIVQmajs8alhWXTVDPipzc3UxX0V1XDM1SiF0dVBsQm5FXTVQJSQ+YnBM
SiZyXGsrZy9OJWFkYC9wPlFkYVZvXjE2b2g/Z2ReSV1xdGsiOHVRN09jSkBDV1Z0PzdALnRAQV9C
JDlIK1hnKHUjP1tlK1dkJ0ApbjlEMDFocjpMI3ReXDpLNT83bjdvZyJFZSNxPCpxJyoyTDA7IkBH
VEZIMDgvMXJmJW9RXVEkPTRmazlfWylPQj5xJUUiOkRPSCpMO01QWzwiP0JyXlQ5Xj82SFFWLFBL
a0JRLllZc3FMRm9BK25cOFFpbnRXL0g6QCc/MmhyVmsnbi8/WzJPVyg9K0k8Uz1UayxyTFwkJkNp
ZHFGbWg9MVo4OS1Tc11Mc2tWNTBDUy5dRUhwQzY6Tzw8PFUnbGtYXjNsaG1NMy11MytibGBGJDcn
RUNKYEhMPW9EWTc6K28oVjlhKF5dVVBiW21uPmBJczJbc3Bub2xiTUEtIzUsOjkuIUUjRFwxNF5E
UEUvSzRYP0RxInJAKFxDakdTa0MpNkMwUU1jZC9NKnNdSVE/TVZXck9uQ0g2JGVUWidbSkpGXkE+
XlFFTFFsP0pwMUQjSWIwYz1dVWtfT05mS11zUUJfMyNHXD5ESTkrckBFR2pTTiFePnJOaidnTVhm
QFYocmk7Mk1yI29aQi9UNnUhPihSKWdAbDRuWCFIVko4Tz1mZVtKVkFPQWtrWCxEWUJGaiJDJmV1
S1tjcjAlLi1oVC1LJ04kUmZoP2lUPi4+VFdnN24lTClGLCpRY2FjZ3VyWEdQXmpNOyE2XCNMQ1k4
Ml8sWFFdJSQqI19iSmp1bEk1a3FPa0BhZ20yUUpVY29xVzoiQ21IX3FcV3UkQzxnbykqbHQ3V0tv
V05acVNdOUcpYj44QjUjLnBJaz1IVyRtREJbMiNxPUIpISM9RjUvXC9oYlg6XClgI2w8bydOKSJP
ZmdxLWY3L25JSl4yai9ASSxXSz91UWFJWGQ+K1tKYWNtTzZNLmRFT1VxMkdVIjBbQiVFPFZCMyFt
Uz5DdE9GaXRRKydCaGQrSVxiaERcJyZbLD8kQ1UjMSxeZjtlJWpZdTA+L3E6TUclNUJUZkRlKFQ2
WjwhUi5mZExTXmw5VTgpdWJlMGYvNkFEMyw7MzVtT0oqZjk8LyhsVWRBLCRPL1BEMW04Tm1JbmZs
RW1bUSwqNnNXVGlGTHAmMCo9OWVUIlEjNyRrQVpQSktyPjlEZXMjYkkmaF07JjMoRWw7WykpRDx6
eiEhJ2U4Nk9NL29HZU1jKExpcj9eN1JHIlRBYipjdVBFLCpMVFtoMy1oTCVKL2lGKmRhSy1LWzJA
bE43Z0c/OChQcjpCWD1ZMWY+KWg3SnE1OWhNW2dOXWhgJmFYPVgvPEhocV9hLkQrWDxFNl88U11Z
PG9iS0R0am1udWgxZS5xSnBhNkNWYkQpOF9QR1t1Zig5WTAqUnE1OSpFLDRDXFFdRik2MFRXIlZR
L3VSN1NoSG1sQjU1RVJZOSJsRSc9X1diPXBVQiQuJlEjMGhRZlBzZzdOS206JilRV1BXR3NBaVZv
XVZMPnUuQWlVYEE5dEJpRUQyYj5tLjBIKlE+Ml5VK2FtSGFbKUlfYi9KUDZrMVdYcDhbN3Q3RVMt
MihTJzdLSENEVytiL3AqYGxnJmJEcltCRXItaTVhJSZYLStSPUFVNUU8RFNYXCRFRUY2V1hFbWxS
VEI3LXJ0THFqYEswb2JISjg+YkorPjUmMF9hUTdYUG9qVUI6UltcPDkzL0JXM0tMczAickouYjAq
QClhUVh0QWdZW0ZraGQhRXJxaiZXL2sqYGJxaGxcPT5kXT42IkNXT1h0NHRaZnFqMU5QZjxkSVEz
YUpBaCJuMyciOzw2bmlzZStJI15sTlpOdUMrQDsrKiZvZTROYytGJ1hBXWQnJFNAaSwudStwKm8r
W1NybCgnQGEpKSwyIWRlL1hwaEdISVJiZyI3NFpDJzRtbzgocD1FXW9QXjg7I1NnYzZAJGwyTzBg
L1grKzRLXDw3N1huJ1stOCFIYlY7L0QwcEdmQlQ5OS0sbzNNSERlP1giRllPO0pqW107R2hrT1gn
aTQhR11vMyhQMG5kLTBaOypXbFdOXFhJIixTQ0ombCwlTisiSz5UPWpEPFVXOXMnT3IlbGJZKTFe
Ll5qc19Zbj5kXFxGVUNWXjNkK2U0XUcsWlg6WypyOWU8XVFoWlU3dVZbZVYyVV45PUEzVWxyZGpO
ZiYhV2lRQzFaXFIkVGEqZkAwRztoVEVWMiZlWktgZkwzImI9X0I/Mjkya0VKMVdsV1YmdTQ9I0pd
PmRJXFhwbW8mTk5LJSUoVzdSKGsyRlNHR25mL2JGQyxGKGk6MWdwUEIkQ0hqPF5Nb1Y6RE5DPDRb
RVgnKXQhKVkwX2UwVEtgUmdbYipaZV0uP2JyL1NHQzVJUmVYTilOS0lcYTNqTUlKIWFRMi1LLTYp
WDw5Rk8iXCJobCknNFg6ZC9fSC9MQjlrP0YoVEBsXFNtOCxlUU8qSzRkYFs7OGw/MmgpMSNdSiVo
Sz9yM1JdMCtGQkJUJ147bSdbVDwzW0khKnFAL0xjSiIpaiQ2akpmaz9hO2gyQkxkV3E5JzhYUU8s
bDZeREVZYUcqODhNQm84Oiwla2EmMWJiPj4jM2FPZiQiKTNHT1lTQD0vcnAqNzoqYCxsaFVBZXE8
dC5jVVpXJik0VFBOX3p6RS5GI2UqR3QzOFtuJ1tiTkoqJDJiRzVINFZrMk5rcyVMMmcrM3U0V1Ql
V1JZMS4zRDZTImszakhKQDJjbD4hcE1sP2JWSGwtSjhLUFUjI1dwIl4mZDFgOzVMJ0ReTEZOcGBi
a25kYkpaam9VXzttPyMpKzxFQ1tTU3VSODwtMjU6SkJUWUJlSTtAcCllOmU5Jj9bNTY9TTEhLT49
M3VQKHJnQEI4IkQ3Q1hxVFU6ImB1TShnNiouWE9xbTdmdERIW3NbSUpgYSNwJE8jKT1fQj9iWD5M
JXU4YEhEPz0pJzhBN1hcKz1BS2lqTj5rVTBqSCRWQF1xSFFKcmotWCtaSVAvW0NdZU1UUTheRl4u
WCJSRWsmaW5BckJpIl5DUWF1Ol5BQzlaNVBFPDs6RSUqPCModHJtSkM+JCwlWGdGPiprXDRxQzpR
TXApKCM1bkxUdWxvZ1dia2U9cUpEVmlvUSErJm1qdWRsSEonY2ckJj9tVj0jM1A/ZG5ga1s+OUJE
OTxVOStiUDkpREQvZiYlV2RWPTFYKm5PVC43RXQ9I1NYQT8nT19OXlUtWlhPbFpFKU1PMnIrQWBo
dGhZI04mcGM5P0pfdTVGKDdzJz1lTTorY2g5LExHaWE1cTZTM2NMLjVHYClxQ3EzSU1LdD84OG1k
JEU0Wk4mP1BLPzQrS0NXSC0rbGQ1R1QzSDIyJXA0JjEvWTsrMDVOJGouM25xKVssb19bRi5XaT0k
OD9xTkBmPUlGaWVeTVhTLl9QSSlIR0lKdWFsWm9LMCVsLUkwdFkwcFhQWllxKEloKF9pUmpHKilr
LD1uVkFxZDwyLC1zMCpeIl9dam1TN1dZMTEmO0RZQiNGZmdxLVVWTClLWDJFbCo7RF1aVFVNaDI/
YW9oVUBSNFJkQVNkMWdPcz5oOC87V1xyTWFiQksmKVBDWCY6RSxuN2BiPzsvNFgiJ0IxbGRKYUdx
al9rWlR1IW4wWzVWQUVZUFU8Uj9tXFNqSz82MTcyImNDJGNUYDQxZCliQzhsYCRlWUFfNis7T2Ne
cDFLK1o/dDkzO0lGOyhMQGI2ckdXdCdwOkRtND47XUloUzEsTDZMNk0qV3BObSxZP0lkaC5sTlBJ
OjFpbVwyNkFTbFZfS2o2QWIyY046SGgmXD4rSGVSakJacjZITEJvYyshKSFZMEgwNUBfW11aV2Zf
UD9APzhiNlU+WWpHKFYiMGxQT1ZYMFhQOEBhZThfOGhFYjlhJ01XY0xeQUpPbCQsJllZKGpQLD5l
ZV5RM19GUmFtRVI6LSReTz1uTm1DSyNZLzMjRE08Qy1SSTwoKGNBYS06RDFpQ1NBRENjU2VOTCIi
ayFlVmZfMXEuNm81ZFZoVlwiW2VCQ0lIZnJYa0JJM09kXScyODdFTkpkR0hvYFA2cHp6Xl1EPHAz
LzZTQWtNM2k1WDJ0SDhrXV1JJDpPUWcuW1FPQT1BKEVKZkZoPTVdN1U+a0lhIXJDRT11TDxRclM9
c0VUNnNsazhOZVpNY0wxLD9sdGw3RSo/VnEkUV5sUltkR2FIWkQ5MHJScT4iW2FxIS5XUz5yQzBu
YzAiXWJHKDlCYHEkNkI/Zz9sUlo+bidyKWxZYUkrUlVUPU8oXEhcLkxXbldHYDg+biZQIlomMj5q
NGMxZHMsS05iNCFpUHFra0hXS1RfMUpcdDdualBXVl5xP0A0czpuazUyTDEvQydUU1U/OVIsXGwj
PmFfYXUwXFsxMmQnSl88KGdyNCN0VihdVF5cbDIuRCxWbFlLVWNgciVnbTNwPSdOW1o3TEZvUCRX
SUZHMV8zTEA2XHQzKGBEPSRrWFBjTHI3WjtNUjxTRVRbJWdpL2dJQT5aOTg4VztXLUs4WEJFJlgv
QGdTWlFMVVdfUWcqSiQsXSRYMCw6Mz86bDUncVYla3VIMWt0RkouNmAmPEIzO3JRKS1rdEYzdUZP
bWhQbSRhZzpfaVxYbT1aOllxb2FwJXEsVXAnQSdVR1ZoJElORDxWcS4jREtXSmpaPV87MWtwWEgr
S1RnOnMkOD5fczgsYjtBN1k8OlQ0VEovNmgvJnJXXD9DZGUvP0FtbnNaRT5ddDgmXUcmZHMlRmIi
Mm0tVm5ZazpFZi1QITsqbkBaZVluJW89TE1ROUhTXEdsUEdYYzZZQjNYPmwmKG8pKGw9aEI1biNs
OjciPVdxYmcrZVQ5QCFGTTRVSE40ZWtTNCtWMzdjVlRoJkJaP3NhJHRdaVFYc1t1J1I8cm8tcEFT
ZlRTXmdfNE5DJXEiR25FJj5OJkUrUzdtX1c9JD9iU0E+KVU1IlZbW2srUjRyUzZBRSgtOT9fQUgq
cEFBWmRbQkwqXDRtaSg9NUI5RzIqN1JUTDcjbVtUQzgmWW1NRVNrIjRpb1Q5Jm9IL1M8JUVlTkxB
ZmxgVyJbRUZaN1kxL0dwcXBSSiszJDNjPDhUcXJEPCdHKCNHVm8pNCxAJkVVIVNaaGdUWT41JF5y
QUpqa1FWRWUiK05Jb285QDdVPS9Gby9fJ2A8WHJkbS84dVJjU1VNaCtkKGEjNTdhRGNaVWY1VjNB
SW51MU9LJjsjNFhuTDgiT2wiSDRaVWA0LSw2THFEWmZDNHEuLVM9U29VKHEiKXBsSzUhTVpyPjRi
Nl1BPkllP3AnSGtaczQnXHBsTm1Pa3p6IThwWjQpK05QKzJVOzdcPipCMlNkLWxrJ1NuJ29UPSYk
cW9IZ2VDPU82cyJIVV9oOVxtS01jUnJwbUQ9bClhW01MU0EiPms/YERpW2NhOktYT3UiVmhTLzw2
Y082bV5SWDxIWFY2QFNcaDoxWlRtYltMNUhoaiI4OSZBNkdzI25VcUNPOTVoQ1ROaXBKJToxUW8/
LDg0TksoJkUySypwOjYyVC9GVi8pTkZCKGpILiYpUHBvOD85cjBlYipHXiVrViUwWzhMa2FnIlZ1
UUIsOW1YQ2FBSjVAPD5QdV1KUSohSU5cJUFLby5VOGJWJXI6JzxJPVtQbVZEJC5DdXNpPklRYG8o
cHQkdWVja1ZZYiRnKG5yOkNZa21FNE4/cTwmKzhQIU5FPV1oLUQvWztGWmEzLlljbmE9Ii9fOVQh
XmpZLiwoYiFENz5eQjMzXWZZSipbbEM4JjklJ1czPEFETDFmJGBWQHFgPiYnSGZPaysyJSlcXjZh
LWZOMC5yRF4nQi9pZ086bCx0XyxjXyMiJ0tpb2FeUV9tNSZIKTJGY1pccl8zQnBhJUVdTmU2SGB1
TVkwZHAiIlhMIj80dTJZRFU1OS5sL0ZCS2RUQycxOWMyWXUrK0EjU2ZUJjBNTCgzKS5fPCRWY1dO
QFljSV1wUWBSTS89aSpOZyleaD0rYS0wJ0IxY3RQUVlPa09xWHNZdSgwNWxlIUVjMWxBUWUqTjJc
YEQ3TjQkV2Elb25XY1g7NmtrMUF0RjBkYElFQVhPNj5eK2RKQHNJUExOXERmQ2RZQmojQ141Mich
LWJVbzNaMGoyQyEvJSNRPDVrYGohSVdRNEBNbiFzSW9yVCIkJGo7OTIyUHBMTjcpMVduRGpCaWIk
bkc2cU5GNF04blNZdGQmSlJMWig9Jmw7TVVGI0NsJDUiYyIzci4uVWpXQXJ1ZSo4akdHZTlRYTZe
LVtUVSxMRyc7UjVpLEhQNEZTLThQIk85T0tEWycvcilINVsuQmo5NlRgP0hMTys1MWBCSXFjSEds
SzJHRTg0LVJyOUJxP0laZy48WFRYXT4iJjZXS0xFSVlpZFtRTjd0Pl5gPltyZGdBXk0lV3M7WEk8
LHMpMlYnSVMzRlI3ajFgPTByXzcnOFVsQVNsZVkiaVxbOlIkWUdRcDAzZylSL0xmL04yNTMraE8v
S1RJN20uJFQiNChHaDs8W1ZGQlReIlJbLVM8JEZNSztDJG44SzUnWDkvUkNdQzpGMGFFU1lmdFMj
alExXWZxIVg3R0FnXnElLGs+XF5Za24hNkMrcGthJSxDY11qPFM0Vl1DJmUyU2ZlO2pML2BdNVNu
dXAiNiU8ckRYLi1VMjVvUl9QVj1DWCNAVFFsXVY6TGplSWpDPVttWz9ZPj9DTz1QTS9kJVtvam0r
KXMrTjwsZUxKKSN6eiEhISFZNWZkQE4kZDRGdW4jTz11J1g0PTdWcGhVY1Y1WVNlbT5dXmo7a3Iw
OjlLOV4iKW5rcyJsZnNYckhKNyhGPF1scC5ydCZ1LGpNR105Qz4ycT9lJ15TPjhYX0hZYGo4K0Nn
c2Y+Jm1IajJuR2dCWmlSM2wqLzQqaz1YQEtKUWVpXmA5RVRaPmk4O2VLKkFxaTJcJHJyMEVVQzVn
UnVGWmdhLUEpaSIzRk9lai8+XmdmWWcjT28nbGdEOUpybVxdbDJ1U0Q+V0kkcT4oYVUxYlVVLlAj
XVkzRistVG1xW2BASU9TXFhTTz0xInJGSk9FUSdOVjA8NHEzTldhWTU1RFNYWzkoa2g7M288O2I8
UHVmPiFCQl1PaFdkaidyX3JcLSgsOShPcCcsWGZBcHRyTGA5YW1PYl1zSDtiNGpuZSMiTl8jXSJa
dWVzVkdcRyZmNXVEbzRhOnEyIlNvXTluOHNXWERJKlwzTldVW0haV1RmKm5zN2xxTGZoLWRtb2NU
ZT5HV049WGdCKmAuKzsyNGUrbUc6O1BLSE10Q0dMQCc6MjYvTVVkPlEna0hQRSxbPGdWRCMqNyMh
YjwtOF1cTmZAaFA0WWNiUHUuNWtwM0BwITQoMzdcJHVmX09iWnJNMDw5WSxCYm8mLC5pak9PTFxQ
bjhKIWxsbTY6aUtqI0ApYGxaOSVhKj40ZnFFdE5gWSMrcj9JVGFOVDJhLWVgSEVPYUNNKEVhVTV0
TSxcT2hwP3NQTUozL15VPE9jVz5tZlVmMk03UTNOQmNwbnBnWmMiODNXOypRZEIhZVNGMDBBJnVM
SThmdXQtKVdaMzpyUjUyLTZRcFhpLmBLQUsyYClxPGVfMS9QX245NU1VcXFgIzFRbnI0TDVeNjlS
LFBaS2E/SzVJOytKQDRya0xCS05uTy1jb0JObWRocWlYb2EmL0FxSikpXFpmQ25uYChCSEUyQ2h0
Zl1QW0plSjhJMHReI19XWm8kJUc6PyNwRyUmK05aOSUpRyk9YD5tPTVEYjwiR3BTWFMqYUhhZDYq
YkF0KG4wJjskIm1HP1hUOFg5Qm06WFNlNDRKLSwlRGckPGRTXzp1K3FyalQuOS5ydWUwUDgzST0q
Tl0lQl0/LGw5LD51KVJKRUxsWSw8O0g1KiU+ckItJENYVGtETUI+SU8jJnFeTytxNFlKdTRSTUpV
XHBVQWQkIzFqTGs1dThAaSpTNDVYaWA1c0ZAJVldYDtqczdvLiIoRW1oP1sxMzN0V0A/KjJibXRg
SkAmXzpuXFluaFlHPTwoVilAImhONihIRlAiODUsW0JVT3FOJUs0LEZmUk4pbzsxTXp6ISEjOEtf
JyY9R0ZaSzBVLls1UC0rI14oV1UxazQqcGdzRmBZMGpRaWMjYylgKiZXJzxLRDRjJj9lKVQnaHNx
bEU/Wj5aJF1SYi9OWkBjckRbLWNiY2szNDgyYHVfQC83UCkuNFZOcjVhM2EsXlFoS3I+RlNYdUg7
WyxAPCtbNWY9UFtePVFJal01VzZKYTFLXkZPTF1EZ008OTo9LUtCZl89XmJlSWRHNExvTD51Ml4+
Uk1oSGdZP2xQZzZzUm8uJHJSUGpCaF5qLTYrLkklRW9BckdSLWJIMEliYDJka0hfXldfdD1fVy9c
ZUlKKnRDVFg9KyRzMmhcMT1yQiZSXVEySiNlKC0sOkosTUxfJzY6IWZyNTRHP2ZkWT8sO1IxJC5B
bVQtMVZOJ0MlWy0kT0lGL3FaVDZVTzA1YVNgRV1AWDhmMVFLaFBOJlpESjhXSUY5KmlmYl9POFRe
cjhJOHVRRlNkIiROayxRSENbQDRccnFXbDNHampWTjA+dV1KMGhHM2RHSExxZXIzaTkoQVxFZGwj
aHU3KTUyIjBjZWtzcE8jUi1fJV46SFskJ0tYbV1IOUs9QlprSFRjLFsoUElhUEBAamVcKSdZIWYr
VkEzTkVlT2pfWShhVWpLXU0jcFc6SlEoR0UoU21HQE04RzVhS242UUwxVj01RStPNTRgNz5dOlIp
ND8xXCctW1VwKiRdYDI9MFtdIixFWmBXVlZZLEM5QzpDSV8pQkZPLUFxQEooTiZwJDJOKHFvM1wx
NyxYIU9GLFNmPloxYSNOQSV0USpGIiE/cTolYSEsaC1OUi8zRz9zaVA+JEdFJzZKdSI/RUYxRUJW
XWxdND5pb2ZCXnJcXDFgXihvLDMhcTsvX2sjYUdHI1I9ODEqbDZNRW9KUVYxaG5sQ0ctJmRKUVBA
PTd1MldkblVDMChnQiwtZT1sIWsxcTkrV3p6ISEpNEFqQEUxcTZbcXFfckxRPzJJWlQzbS5FaEJg
MnROZkVYMDltVnIwSFh0SS5aVjslbUBGUGRERT8qSF5FUTg9JGNQWV1FLUg0RGRELCVBa2gkb0lC
L3VmXVEhZE5tViVLaFQnbFRsbDU6MlYoaUc7U1dkWG9cY0lVUjtxOCg0cy9nQFxUXV5ialxnPWpS
Mzlyam40Pl07aiZQOFtJYnE/WCZQRW9fOilqVUlHVHI5L3BlVV05Rj9cOjpxNDxGJ2AtSW5SQVdt
LCNBO1NUWGVGRl9hJyMzazM6XydJWiE3QUYjPzJTLkJJU1Q5KFMqaTJCTWNyPVFJQjxjSTk8OyM4
T2tYJmtMbypLPyU/azAsMGtDMylTcy5AOyNTWDlhZSY3YCZoTSo5cTNTLjZSVDM+Sy5pN2UxTF5z
VnMkbUQsPiJyLkdgNFhSM1pDInAvQUxcJUMsWGhcU0pSW25vckNWXihaME9bYmI9UnVWbDdlNWEs
dEFpb2VcQTYpSVYmOkVvSGhpbjZxPUNAQ190UVdaYl1NRmpIWktmUEotRj90LUQiS0JKZUhRO3Vu
MEosVVs4PllkMGc7bnRtVVcoOGpoRzRQWlZtczsiSG0sRmkqUHVNdD01I1NYSjlBUi5NZlRnSkoz
Z3BydGwkPVA/KlhSMSZBJnFPK0VDWShbLGJbRGgtVmZeSWxac0k5RGcsN0RDT2MuUj03W3ArMjpd
cjZNMXFEUVFIVVo/cDxCZG1sTnIuY2E/Y1lfbFxYZyZkSlxMRG9xWDxAOSE+P1w3U2d1JWQmKFJN
QlcmS0E3MHJeOmdyQGVOYk0tMDQ7PF9rZz5YXkE7UCZxVHBZQ2tOKGlIYlAqenohMixyPFNjN1c+
VllUSGlmTyJHUj9nKUg/XFhtc1wnZVsvYCMlTFV0TlRHSSlbSl4jTnAvUC8jKyNwTHFkNzRQKCpn
N3RqRV1wT1JvJ3UzaGEzXCdlMmIlKEtiTzJ1SG9rJSRlX0shV19xIT9JaWBsQEJmYnBZWWwuXUk6
VEdIIiQvWis+OFNkbl5gaSRiO2poKW5ZWydMS2pOQE09Y0RjQm4zU11zOENTcm9ZOiRpXUIyWF5q
XmY4IlwnJzlqISZZX2o+aWpHW0NIa0AsIy0vZXBGSSIyO1MyL2RnT09TXDYxR0AvS0ZTJzc8Lloy
Nk0wVXRARD90ZEtfSUlsV2NbbGArT3EsQ2peT2sibVY4Vkg1SD1WX3UmT2Q9TVtjRi1uU0dYQCNK
Qm4zU1hYWiRFTV9HbnQ1USZqOzNHSUZ0Xj8/JUQzLEdISy5ncjlfJD9ARTJwbENzYmNMY0k7YEkw
UWpQVXBJYVFdOk4tSVpBT1BuKztcRl0pZ11kJUE9aHVyRkVTRXRmMk1TbUxbLDhMLU8+PHMnR0VF
JlclJFlOZGNuNGdxTmlGVEVRUFpALFk9N2FgVyJfUFJyNWM1J1VSOl5zISRZOmpYYTtwNTNbQzlR
LiZeXVVaYjgoMXE5K1d6eiEhKTRBNm1PNCpBLVchMj9eXm4ybidsOT07InIqUzJNZypiUl04OnVK
KzExKFVJTTY+JS9RK1EyRl89M1xjKCs4Nz4yYyxibz9dVExRXixhT0gxMTdwPiphXWxlPDxyZWtV
XydHays3I0InRVRGWysrUi5CUENjSmtsMzBTKmJnU1VYTFMlVzRpUENCXTZBMUFvQ1tCQVQxUzxR
RzJHSFk5Ti0qLFJcKV9Ya0JcJTJHMUJBMERWYGJcWSxEMykrVmJlZmdHLyM4cm9layVYWihfVjhT
LidaTlM1I0pdSVstSVc6KihDRV9GTUwyNG05a1snbTxDTkI3Sjw6WypJRTZDZkFFYGktXG1RWDhU
YVFaZCpuV0ZXLldtNEJ0OURtdDNRQGgpXVRPMV1AWWo3Tl0kLigvP0Y3bkdYVEI3KjgsW2RNa1ts
JzRLXlIhWzd1OWpSXFFTK2ApNG5AIlRVUjdzJ1xtIidMLkNwQzNyQSZcWSwlJSZQJUliVEFQO2dB
NU0kP0xMLHFJIVhbPEw7SjwyVmZkWD5ZaDIvU3NqYVFZXG5QQlksP2hPPDY+KCFUaFxpbS9UNl9N
SSshalBLZD08c0whM11PO15jLVhnJWpnXkllXllNbCtac25lWlpeImpeNTMyPFdEMEdoMV07Jztu
TUAwSjQnYSZtWyhUKS0vMCxQLXRATDhgJV1BLWUsOVZ0JUJFTklHaTxqSSF0biU/IXAkLkhwLjA1
O2ErWV9vb2dDLDtELy8mO0dBMl4mSj9PcU0sOXI1W1NsUylPcG1mNippRC1uW2IsOmRsMmVmM3JC
azJzIy8pMyJgPXA8TGsiQDgtJThmY05JYGBEUCtBUF5bPiZUUipKZ19bciZKKmw2ZWY9USRcWHBs
YipOJ1AyQyEkISVMSkddTWtibmZSMGVIbzojQ2l0SyZrJl5TNSVxRF06WltfNyJSbj1VJS1ORixI
enpxQD1hQTA/IUctKFcsajBXaFFZbyRiZiomS20uWD9xOlNeKll0JXMiLVR0Ky9FODxIcmJhcTZG
XEJnU1ZwcE9ETGM5JENHZG5fbD1oOmdgPFxHNzRyUyxgL15hS11OMXErVSxCPm9nJWEpdW9QY01N
ai1kXDheMGVgdVtDUkRJI25AaDo9T2E0b2E2OmI6YnUtaD1LK01wP2xkJl5NYF1YTnU7SDVwby44
O0hKbzFOWSgjQi5nZ3RUJz51KmwpVGBbczY0SDJUJT9adDxpXFdUcDdqXm5BV19YQ2AqYzsmM1xq
MlxTTTM1QmFoSTU4LnVwaTUqXlssT1M/UW4nSXVUJ1JkL21hQlNqYzFQJElhciFTTFw/RG9pIzQ7
JC5cNFt1KTg/LXQwKlFyUmpIRytfciVlWiNiPClFSUNCbFhjTS1WNz5nLVo1QDFeOCchSVtaVykn
byRgP3NMQ1U4b2w4I0VjMjopMyVucXAqOUcvWm8hJVAqXGtqYSpyOm9WLnJTW0EoUWIzNFlYR29C
LFVRRDB1IScsb1Z1WD9oMlskUUNXTi48VDMpVHM0LVxnMzl0bWI/NWF0aSc0TFJvNTooQTxvby5m
UWdZc3VLTTdLMzldXlMiVm5XdFV0WT0uWSlhPCckSUQmWS5aXiRDTVssSmJQLiMnP1tlWlMoLC08
LUldWnItMWtDb1E3NW1Fa1BTNTgzNXNcPjUtZipENU8pcllHcTMwSWJtLE9nYVxNQ2c3KU4wYz47
Mz4qPUZgMDpDbVhwYzcsU3A6VzNaSm8kI2tPZFFPaklITz4qWWRyMD81MVlKT0txcS8zKSJwcFhf
JWVvZiZVVFBjWlgoVi4yRkFKPmk5cF5QR0c9Wls5ITw8KiJ6ISEhI0dJZ0JYWFJidDBPKnNOYFo1
bkEpX2w/XG5CP0RPPkBfTm1VdU8jdSgkLiZdPl1dUTl1Z0BFc1BnUlZiLHVKJWs8QFtzJlcpWzVU
cGFbJ2Y6Llp1R240M09TPWpbcUIjXTdvTj8hOCZyPUlvNHBTZ1RfPSQ0cDZNIy0xQDU7Vm0kaD9O
aFVdQDpjQ1UzWWNGMTBwUG5oTDFdMTNxWGk6VmsxQnVROGBZNWNjPFNhPl4kRFo3cURGWmgwWztF
bkhsTlovQlZiJW9qXEIzMFowaF8pWTlrMjdCRUg5MiUtYjkjJDlAZ0Q2VT9jSG1XS0Q0SVNjMUUz
bGs9WDFKOmQtUElJN0ROVU8oWWlmZ2UkQWoxM0RCSl1SYHU6QjppQVhmJnQ/QDUpNmk1QWBQJ25k
SWtFbjEwYVw0UnM9YiJDNT1eM0tVOUcqM0wrbylKalpAMGYzVz1FZnMjSyMzRjEuYm4/bT8obCZv
LU1UMCxdJlNoQF9uJV9KOzo4NmMpZFJlNzhMYWIiRzopcz4/VClHXl09Xklpbk5IZ1oyKEY1K2sz
ZV8vWmYxUk02aWVuSSVLOiZhWHU8RUVPOVYxZFMhcVMyL2U0ZTllcy5ocDo/U2k2UUM6WSYjVD9N
bzYhS15uLCVFWV1pUyJKOD84UDFzb18kSjhUWlVfZmwqOlQ9PzovLFtrRTxMJz9cRU8yKj0sRDJl
RFVJT14+NGorYTlTKlBvYVgqRSVxbFAuVU9bMldKIStbOkJHcm02NS8pLCxaU1s8J0VOOEozSUo1
IyNNKk0wRCtGPj1AIyxRZUFIK2pPZWBqVDxVMTphSVMqbj1EPFUvbjFYKlI7UzkiZ0s/YnU9VS1p
YWQ9K2Q/J2h0YV1cSC9qVmdDUyN1MTAmKWs8cF0vbEQrYEEzc05FaUJJU1NxazhlXFc5Ly1SMFJT
YV5iZjFTaWlfN28/WHEjTipPLF89J2U/TDpWZ0VDZitTOVE6aUBpS1VCbVpLbGAjRFsuYGIobkcu
KD1Wamg7UyMnPEAyNTo4ZF89LDc3Y2ZeQSNBa1pTVSVFOjMmQXFMUE4kV1xFaDhpaFxQLXIhV1cz
I3ohISEibHMsXGEmSERYbkZTSCEuNWw6VWxpI0YxajA6QV9rW2UzcmooaFxNYy1JKkQ5RTorciZc
cjssPUtNRWBWMGdWOXEna0tgZFVMLyVxNVVpZzx1bGBRZCFOSypSWSxndClpZUAnXkpsYE9OYS9N
LlJDKDBnKnI0akRfcz5PLU0mI1BXQTVJbEA8R2ZCQVZYWTxTNytdXyY7UzJaTmBaXWAqVUQ+U2VC
I0E5MG9dY0NUQWAsYkU7QU5pKSk5UHVoOlg1QVgwO1Bua0ViZURCYyVjSVEkI1onQFAhMzRZQUZH
Kj9bW0FdNlhyIzdiUXJqajJgJCZLRWlOX3NgJmw7ZCwlRT9hcnIpUERJQCMsVj9fLDo0I29EPlBC
ZFM4Qi1IKjc7PUhJRzQqMWhsYVVTJFYiNChMQ2dKJTFSbykub0NySVw6UTs5VCdeUHQ9QVVUVU5R
TzkpRFNHY1ljTj9MLShqOkhhaWBuZVlJIyxeZXQrJ3BpMCVJX2pWYy90TmgiUnIpcWpjV3M+OGln
aFltQ09jLz08T2g9Xy5xdS4zWlUvXDFFcD1BTTVAYkwyRk5bRDxcbjJHYVQjZmtEcm5kTE1vU2Nf
SUIuO2FgO2kiXFxBNidCYTRbcERgUypQcSdLJyMjKHE/ajo9UUBKcUBpMFo3WzVdU2lmNi1vLG5b
MWxhY1c4R3BtbFI/PWdpVjdFaVdbXVNKO1g8YywsXTsqb2BYSSFpY1VIXVZTTkY3TVpBWFZmTmkx
IVdQKVkxP29nRHBQZCI/Q25FQDZCKmhOQnNUPE05OnUiMV9dbitvUlMsLWRrdCg8K2JyWz9SJ1dg
S1swLnM9VF50YDJmQERhZVw9MU5PPSlkPypKayFiV0ZwbCpuPChXMWdhO1ghcG5XYk9SRTdjaVkh
aFUuRmpFazBOVUlsKmMkQUtCQmJkUnFwI1hsc2cjVig7SmZrP2FBVD89Y09XKEFNL2E9QUlRSD9G
Mj9mX2NhTGEzaV9CdC1iVCRDXGZsRjtQTD9TRXQoXzl0QWNhPD4+KmknZVZQYHIzWF8vczApTFQn
KiYiNHp6ckowImcnRFcmOnBoXlI3Mjw+Pmo+XiNQYlE1dCt0MVtyRU1vP05tVjUqbGVAYyFMNGVP
J0NvN1xHcjkkaSdGc04pcidkb0RKbjQ4TFBUYmMrJmthJ0Y4UHQ4NmxqSyxlQ2leOFtYV2VtWSRH
UjZVbSFpXFdyTWRaUCNHL146OUQrVS5QQTkpUUVCaTJadDQ9L2VRMm0vZmM7MkJFRyglOS5RXTxH
LWZLLygyLSF0KzBtQERQMUlLUi5qN2IzMENiKXNabk9JOXBWOFIrWzJsVXQ9N0NmUHVgXXEyNU8m
WW1gPE1YNGliSjNKVT9lV1haWEJcP3EsWTsoSSlebTtNcnVQRD9LQnEpKFQwLnJrRShFJ1lfa2NZ
c0YlKmhUVnM7RkpEIW0sOz90bjtCR0lLTE5CTyY8ZGkyQk4mQmQ1YEhFUnNnJEYmLnFmPitfdG1k
MTlrXztEXio8RixxbF9vQ2ZWQEheY29wXCppJV5pKjRmajdPLjwpPllmZ3A+WTNaRWRMMClhZF0s
O29RNignRUViYSE/N1JlT3NNSF8+WUZeLmA2Vk9nKWJVQmMwVzE2PChxKlNMNEMoSFhfNFhURVt0
Jz9fMCFrYmRnKVpfZE4lWUVCIjBpT2ZALWFuRV9EWiUxKmxgMzU8XzhKPCJDWTJCSSUyZjBiUEx0
W0NdXi8yaT1yOkhdRE1XZWtuPzFZRCNQJVI8WWsnQzUlclMtU0gmISlgNCNwIV5qUj5uSkteQT4s
aS5OaSVOP2RlVTg6L1E/NlBidV1wZ1wxKT9FODxIaDokIjE7aW8xP0lxS0wvVGBGP2YmRVdJOD1E
O2cwLmFNIlgibFcvJERES3QsYWlnX0JLW0lBcTpYQ0c8cm5KSWJHIipzPytQPVNdbTteVEklczVr
OEFpSGcodSNdYG5EaydBTFRXOV9RJXFUTC4tJmI9NlxeS1dYYGtOY11Bbz9KVFxTc1IsW2hjXSM4
QV42XWglYUQ2Y0cyQDIyY1JhKzcuUD5hMSdKbShdO2NiN10+WWI+Inp6ITslQFJrXG4iTG5bQ2U0
ZU82JixUNl1gJGBKWXEmYVMmREE8YUJqWXAhQjRURltkaGdEbidbZEpcYEZwbWstKWtIMTBTZk1l
TSg4cVlMJ0QzU1dEOkBvbjRWPTFFJGFoY2khV2xQbSVaSWVcQSVvZDNTMEBFbiopKytJOGFrcE9f
NTI3LmE6aDVcTUVAWjhFZGYkQFk9SS9CQnBlSVsuODVKTzVYT3BjLW0+Q0dUP0FJTDVcMFJoYyto
UWkoQyZTQyxLaDUmbUJgUU9VTGIqPTVmSk1ZVHM/c19zVlFlMzkvQF5XNlhJQUM8JTkoQSIuTyQi
RSomWXNabnA8cFJlMCw/T1dJYmdIYjRmKkpRUE5JMDhrOjMqSWhOJDlxXEFzUExALVErTVAuQUxN
Wz1vIzlnVEEpMj1wNnNVUnFwbDFZQlwyOEMvWV5aYjhWUytJZSVKYkIjPiJrLyJTUmA5UGBbaWxc
VF4vOlFnVDJSXmNrWUJAMTQlaksvLkg2VkhtWVA4bSRmPkIwMDpIaVpPWU91bVRrUkA0Vy9vZ0ZD
JEF0OmZuZVpaVlpiKit1NmJrXFUrcW1XYlJwbj0vTmhWaylpKS4lZC5mPk1aUUlZQmspZDU6Xkk1
UTRcPUFKNGImT0JzTDxpPCc8Yy84Ky4rY0MlKVAnLGRabTtwUVJmQVNgRWo/KmpHNnBRR25XWy1X
P2pgTUZEM0cxUkRORUNAZ0NKWStHKkJzIlJHcCFdT3AkISw3Z1VNJ0MoNVA1MFpCTz1hY002MT9i
TiFpKCtsYCclJltvWV1pLE1NOnJGTVlKQGYzXyQvPFcvN2NYVEU6MUk6ZFo4MSRRbG1TcWI0SV5Y
W2BuUD4nQjZiWipYOTktNmUiPDU4OU03bCtHKG1fSTZzLnQ3LEM8S0I6WE42V1wzL1hnWTZWSDxi
NVNYbXUvZDMocVM+J2Y9RmdMa3NMWG9HXyc8ckQwOmJPMy0jWyE9OklcNCkhPTAjaFJ0KDxlLklm
SlpzbEhAZDdGbD1IZlxsXFckaVhpZDVfLS9HUD1GLCoxdUZ1RjNKbStEJ0gwUkhnczozSjFSckVt
MVBUbDphb15TTEFrVGdlRCEhLFxqdVE3IS1FLU5GLEh6enFAaUszSWNWIV9uKVZnKjsiazxWKGZs
JVRNMDVIOU4tJzEuJU1wXDFtMXUtYjc1LSdSOi1GJEMrKCIvSUNbNWVUZ1tQKnRjRy9NYTllWk5S
N29TSGFbOy9mLG8najs1YzxVMWRPJz9ocWx0Z05FcFQqSUw6LU5bc2Y8PHQ4NyRpOCRyVUJjPjJn
ZnUqIjhEQVYwWTdbTiJrUzBUcUImaElXbT1bYW9dWUJJZ3BfNDxLJE8pYCpQJl5sa0ZMRm9YbHE4
TDJkZUlbZzE1SS9nKUQhcTNhQHRGODlVM2FdcDA+LCsvQTI4V0pVJFc7MGU+M3JjYypoJXBBTXFW
YV4lYGZqPTQvKyxVNiVzOCRLJWVENiIycTgzSChTMi1LOGEjXiMpYDx0LmJAQkg3PUVoc0tqMVQj
PGhEUT8lR05aSC4nOVxWbT4+MUMiUVlaNU1dbUMuc2IobClCbV1LbDwpMSglS1ZUdU4nMm9taSom
O1lTOiwwbERuZVxqPEUjNCYiN2lgXExvR15cMkVJY01ISShnMUFxaD4xXmlbL2lpIz1SaE8tRD5Z
aTVxS1hKU2k9ZnMkOFNvSk1AMVFrOydsXFVbJWlVT3Q6VWh1Nk1rYydKKyhVL2tDM2tPXjc/K2Fe
Lm05OzgvX0E3czc5ITNGJl8tSCwjJy5fZ0E7LDVFKGAvOWM6SEsjb0heNVVRO0pmbjdRVTdJa1NY
RjhmTThfNFY5SS1NVGRpVnVZLkYoQktEZzBnQlpaSnFUbUY9Im0jLnNnZU9yYW41Uk0tS2MtVVcl
JWNiciVCPiMrSVA6WkNIJ2c4MHNpR1hzWEwsVE8oWyFcWGxLPUxZTT0xU0dHLnFGL0lGVElCciMh
UVRjSEZbNGQyaz9qJFAybHQlJ0pTLWJPdSwsV1AzYGsiTkApY2RySj8rLypvRSc0NCV6eiE3M3Jk
ODxWcyluZUxUTkg6Z25jPlxTbSpObmEzaDVJRUVrQ3UyVUNoPUspJ051dDlnQ0lrRzFdM29JS2lg
Zz45Z3BBZEtNOj90RW5gJyNuWkwlUjtwRmZcKTtJPDMsKEpRbCxyaj5naW1FVy9LVj4mY0VIOkgs
bnAxai80bFZAOmplUSVzPnJULF1kcD9zNkhEWiVEMVY1SSVFL1lEMyQwOj1TMGl1X1dDaDddO1Zx
UUkpZ1M5ZjNcVTZRckhgQ3AlSDhmdWNxQjktYFktcCRsJEM8WVVJVzlcLzJfczE2MkpVKG4hOi1B
bmg0bmA/YVM0RW0hZEVZTVQsWydsQmtNZk4zKV4pOC9iWnIpRygiaSpHSidSO3VvcVpoYks7RzpV
TyxrP3U+MS1aXk48Q3J0SEhJJ0cqaCtfc2tcUCt0KlkySVJtQjM/S0RwTScqZitUJGdOOF5SPjlD
S0hlRD8nVEtPNHI8JkI3LjVWU2M/LTdoZWpJRWsqYC1ociFeLXJDZ0RoWkg7X0VPX1pxLVVaVzk8
ZFF1clwmXmJ0U3A/Mk5SYzxyNHRJKU9LOSgmJUJALTxXZEhqb2dFRDFrbyRDXFI6Q1lrQCtpdTFE
blQiNEc+OlElbFdkNmAmZzNsU0cwYUdlRFNMJjddW0I9UFhhQmFtSilKJmxTXkFFZE02ODUzOWw6
USREWWhaLDQpYSRRZXNrNkFxbDItVF5BLnVaaEliMEZANkcmZE8nUE8lOWhpIzteLydMJEM0SSQo
SEFkVCdvUjQtTVZlcEFQLWBRRWckdXRDalFXUSpWRyxrQTZWcWgkY1dIbXNnSDA6XDhmL3QqaEdQ
W0tXRGlPRmRaWkgiNjFXWUVBW1ZpQDEtKz9LZSttNm5MNC9wJ2giQDNVS2xVaiVkUEskPEdDcjw1
akYkMW8zbyw1Yzc7WCE8ZVE3SDlJa2xYU2U5cFssMmFqOmFCUUZHbkNgdGxzbDI7Nzs2b1JOI1Y5
a0VBTkAoN2Mob2BQNnB6ejVsVnVPOFNWa2VqVXViNWElN1xZPDZwQVBBJFZGY29SbDpDPjlmXTBb
MyolZ0cyQ29AbCRBNWFIVExjSlxrY3BdW15KKTNnOjZDbklwMlFdSTY1dFVCMWtuQkhnZDhrMm1x
WT5CaGQ+c2FQMkYrcTZpSWI9blV1Jy9bW0hxbGRyPWVtWyNHUXIiKjNoWClbMFNgT0ZaJE8/TSRs
UkBMYldNRypgQiNNNihecTMtVDVnUFQsR05iajNZKS1YZ0dOPlxVZ0MmYyYoTCNeNG4kczBhKEN0
Ri4yNiJhQ0AwNXRtZGc8cWNRbFRQaFpFM01fa0RFMm1vcD9sNWNealZzRS1UR1lQaXBWPEk+KWZd
YEApTF0yVDxXWVlDbmJYUi07UWEzWHM2Q2xAYTRiPmsnRj1Ca1k8Y2pDKHJPOEUwajQxa0ZSaUdA
bl1wNCkiUnNbayNvK3RIYGo3SWRcZCdBVVwvPz9WJihHaFNsWWdeLWFDUyhHQUQ2TmUiZFlZKidu
Xz5jQV8pZ2QiLGAhPT5hJ21xRCgnRj5SYkxkXyl0O2hxdC0pbDlxLlNlQ0lIMk5NPERdNFg3bjhN
WENxQSNMQ0xQVzZWKF1YUEg7V3NXU1FgYGlsMz8kKCYsdFYzazA/LWxebHFsXFFaRltEcXFrLUlk
UzFSOFRaW1EwYmFgTENlSWMwPnFRVTJCby80cFZyWTM2RzFSQmZyNUlQJExMNj8sI0ZPaUEqMzc8
R2ZEW0QqInVvXEliME47XUJsZUY3Yio8dSEvUmxvRjxIX2Q3UCpXXGpmTFVHakhWJUktbS10aS9T
XzkxNXAob3FAckc+WkViIzZdUy9fYW9lOU5vdEc/LU9sa2lkLUtqRiEuR2pyaj5naz49WlQyUSIj
JzwjWz4qTEBIRUJEWF1vT101LDkiSFRqMUJRKXFIKjVcbDxLLlRscCt0IjNbI2dYQnNGVl1rUT9R
ZSlzPkhrOTcvYCQqTDBiaGFqPz8uPUouW11yYmo5U008YFU0ZTQxY0hAIldFaj4yU0UpSFQvbj1F
QDFHbCdMJGhFZ0luc0RyLyg1bEMnNUUnOlBpcF4jV29TYyolJDdJNTU/WGdVO3NaUDFwMCkpUypa
KjxEOTtWX0dgU1pIOTBWdGltbTU7OGE6Vy0vc15ubihGMSJNZF0iaHVJKkZdKlxTOU5Oa2ZfZFEr
VUVdIS1eQy4nVmE+LEVFZWYkK1ZuVU9OJkJ0a0dCSzxdK3EpbFdzcXFeM3JXWi5UKjZMXyMoaGlV
UnFvUUk6JypsSTVtKiJrdGhCc09XQlxYaWQkenohISddLVQlZ0NDbCwqUjhzNkxRZTh1ZzQ2QkRL
Xyg0Rl85XEdwRiRVMVR0b0pHQWwnT2s7dGsvcG08ZVorMiJka2JAWFlGQEpSNDJEbldFZlVvOlc1
STtgXVlaTVgpbm5CSi1xWEJGI1xEcjhETl5La2osWy1dWTZtViRLJVw4TFxvY1ReL2pAJ29AVWci
dChQclRZbVpWYk5rR2oval4iTUtkYSVwW0RdQkhjdFFyczgmIzFNSTokTjNlQ2ZNI1RuNyE/YT9c
R0YqNyNwLVpVO2I9SmsjVDs1PkVLQy82bE1uIXBfa0oxcCRmbFJJal1vI2FJc3EzNzMkSiQwcF9X
UFRnYzVlcSQvLFsxKWhjVWNePURYNCltJE1bNGhUQC1uTTpDYyVxYXEnUVhbTU1jUTcyKGFGQ0J0
dGBcdGojVkVWQCsjalVJbFMlRW5JTG9aZlBYPG80aT08V0QvXGxkTyMiMCttZGw3MVhuPUVQWTpo
SF9OTUc1Q0k1OGo5XGopbEhnQF5tcztTKzZMMytGczdqNF5vdStHOkg6QVVANEdpXT5oPUspYUom
bVhRVCw0KTxEITtoOG5qcUpdMmMoXG1aM2xlbS1FMCs5XVpCPjA6SHNQND5GWTVYR2NoSy9ya0Bs
VGolPzFCW1Q2bXM0LXBZSihNaiQlWTZrYnJiRjVqO1VEX1hcVi5aPF1UL1A+Rlw3ZFJzXSZxLzJZ
LENpKWs/MkFwJ2hASHRCYmUwVjkkXVEjQUJIMGhKXiVaT2MvMTZGQjVWdFFHSGxfNXFwKT5RQCx0
TGRILz1RJzJ0LSloOUAjYEZkXylQbCdWMEoyUjcwaFNcKzMvJkVdcnEyTjlsXCdCOl9fTVZLTEtD
WXFbTFpgQCJBKltGKzpqaUUuXEpvc0Y1YkRdKiZqYDdQXTs1QnNBTnImRTktZStKaVxQcG49JFg1
U1wlcWxURUhuJVI4OWxcU2plXU0vM1IiIzhFVllYLkA4TlpKLEVnS2kmRDtTTVkxWXBIO0FbXVBO
W1kiXltvLFFdNSQ/KCFVbUlNLk80TTwhMk1yTTRdKTosU1k7RmBLJUJyJDxDVD51KWdmQ1IqZVJX
VCVJSzIzWmRUWz1USTEmKCRHMl1LY1psZ090ZXJBUkBNKFhzWEwsVFZVU00tVSNGUjpMUyJARTlD
ZVlTYmI3cjZaZXNIQzlyTykub3A+VEAzYW1fNGFsPl9DLWpPK1ZvMV0/ZUBlZkJGP2c9bW1XWiJm
Kmg8XystK0tOSHp6ISEpNGFQZl4zYEhTclJJMEsmaGAnPSpOVk9VQi1paCoqJ11aYFVAP0ImITE+
cmpxVS9BImsoQFdVIStkcHVZOjZeI20iUGdcMSgmQlBdZkBIPCchWyU/XHJdaypoYUBEbk5mJXFR
Z0ZZWF9aYiFCP2VicD9Naio4JiRCJVVUaEMuLUJcXXRvSUsuJVQhc2EiS3EkV1JkK281YEFTWnVr
VktNP3NxO2JMRCVxbltuQm4lO3FIbDpKNjoqZFFqPmRZXSwyPDFjKm5oPUsrWThlUSEucGRlJ0pP
b2dQW107OXNvbVxYKGIqI3BOV0tyX2U3aywhPW8jIlpdXDojLGE8TjdzZDQkSEo0NllEQiokSzB1
R2RtI2BRUEZlP3IxNG1USm5gJjNCb1doJ2ViM3RRLGtaP3UmYzlqQTkrRypANydyOVVFWmk3dWpZ
NSI1bypNZGNWU189UEVdYzFbUElQPkgydEJMXXMwZSYzNG9qTzVFIWdmRjBrYmFOYjVXVnRhPDEp
QUEkZElsSlsoUzc3ZHErPmUtTFc6RkNvclUvRCVBYCgtOCxscjFbOmddU0RqM3FgPmw0TUkyPUo0
Rzo6MFo9NCh1KCFBQSZIXykpLWokMnBPWHNtTHNuLVU6TyxiPWFKWz9BMSgpVWpEdVVPTkFRQUhN
KTovTERzIyo5V0VpTFZgZzVhSylDMUdbKFowTkgzQ1dSRlQ/T0NIaj9nL1lYIysoV2svRmdkKjAm
TCgrLWBAOldZZDg3T3FnNFghSCVaMG1yIUxMNURALSJTJSdYXVI5L1AwbiFCVmNNQ208cj5JXm5e
bmpGKj0qaWlsSGhBJ1tvLC4jLldTZ1IqP2dyXHA9cnBgTGNqbVRsVSRCcy4jOTlMYldeND1kMTZM
alJTWj5DWzRCIUJCITJNYyxDP28jNDU3KCVtJDlcTmwrXzAwNS4nIlZbYWRWRyR1aV5WKFM9aD0s
NjA1Z2U8TFJhXSlKOFA9M1BDMU9JIzg3a2pqMEg0ZU1DJz47XEtrMF1GdG1udCs4ODQ1Z2RLMjIr
S15FJlNlQUBRQUlMNVwzMWBXaio0WXBfcWleI05QTUlDKylOLD9EMlFRbFNXaChbMkhQJkY9YDhi
WGkyJVAwWmcjNk89YWFFNyhTQDhDWi9eZC48L1NvaCEiayM6SVojNEZrak90XDpPRT8wMjdBSm5e
SDpMYE5IYCYzW2Via2pjMy10NUoydVsrW18+QGJQWUM+Sy9UYjBaUCRAIkFKYyszXSRRWVVZKyxg
UHQsUyotZEIuUFdHVGc+SFE6aCtcIXBqcEFUbSpxP1grK1VFXHJWUllzNmslJkdeb3FcI1QkSmg/
JlksPkV0N3ImLURVIWsnU2ZIO1htRCtEXkFzLlcnOSdeJTdnN0dVJV9dNHVGW1lCIV0oUDVgWSxi
aXQmNSpdTFUjenohISEjXyp1JDVnV21JQEBpSGUrIWQ3PEFmbnFRJyRXaG0tTmRiLmNxMm4vXjpv
Pmh0LUI4RS9AP2k4YExHS2ZvYkQnLiJRX0gyNlFCUHFdaVs7cElnQDw1LjtnVi8rL0Y2RHNEJSFP
TmRkSzQ3YDM6YVkhXz5LUS9zIkhTJy1zQC4yKjclcS1JLV1LbFxrMztMZ291N1gnMGUnLkg/PSdO
SEBkOic6bmVoXDdPaU4lYkFNQWFJN2AqczpcMmptclFuay4jX0YwKTNnKiowZitVcGJBQjY0ZUhJ
P0lKKmNGIkE+WWhyIUBHJ2grRkBZYz8kc2RqZ01FO1E9SjwqSiZYSFxgSV4tXEIsLHUuZytRSmQm
anp6ISEmWyE7KU1NYS47aUddKDhmPFpQYFNVZWFmcEtOSXFzNzozImgmZj5kblZIJWouVSo1YCtl
dXEtOFg2YSI+IiVxcUY/KGRCbUorQjZ0VGwuV2RMK2RmYExsYyg0N2gvYlNlZj4iYHUpVmQyQi4o
RFgrT2BBPT9nOW8xSTZgWShFUGZkIyozcE1BPUBDMyY2bWZzPC5cXW9aaTVsJGcxUFk/JE4+MWgn
UitrV2dqRU9oSDhxTj5DXy1wSWhlWlg9UUU0MC1hJ1ooL2hzMmFyZW45LFlNQ2tQdDJpYjk1Jlg7
akcvaTIlJkYrcyUtbzdwTjlXdUlsJFxfY1NUUWphQmskM0JRPHUlQF50Vjw8QVUiLkNfKXFkbU4r
Jy5uZChZdSwqJFRTQjk2KGIhYmZiNGBHOlc1L0BhL3RscEg1bShJSUc7OltURmhkI3BXMFAxKz1N
aCRKQGYmbTYhQy5YTjlhZls9ITRAaSpyQlEyVTFnQUxRbj9aMCRRQkpoUmRwJklwLiFGallYNm1A
IzpNQlpvTTNOJEI/JCk0Nis1PVZDJDx1bWdeL1hzMkhvWkU/cF1NQzdSOy9ockMhP29vcT9bMlUt
UCc6S1gpRG86InJuU3FNP2lMcjpnVGErbCUxak1NWEc0NEhxY11OSyk1KkBdbWIiV2lYYy5GP28s
Q3ErV1FZIzduWSYtUDp1bCQ9UFJVaSNUPmhVRkRITCNoSEREMnVZL0BpOWhzUl9Rb1lFQjVYVlUh
KU0oSjhSNSUsMCE+ZGpQME80PCkqKlQ7ZSxYZiI9bkZQPGdNWmkhV1czI3ohISEibD9YWks4RmlD
RVk0VSZxIlBkNkouUmM1b2YzNTU1QllJKmBTaDs2TV9vbzdRcmNUIm84cGRGRjcuIixkVktdQUJU
RmlVciJzM24yZUFfWzRfU1pUIlZWXD5vNTFdJCI7W2VAXm46IkBlZUYoVlAnbydxImc6L3NGcDxe
IUovVi5dVkljOUdzXlhOcnEyPisybTk/Tjk/U19vSV5tMlQsJl01Z11QPEpxS2pmaG5ALyYpSEZR
SzE6Y21JOjdJdSgxXGJeKSx1Wi1CcTsvNVNKVzUwVV9qaihIYFY+Lj8+WWJuNjV1PVIxQVIvKGdg
SnM2MydWQTwya2RuZU85Mi1rN1BEPyZsW0RXP1xGLkE3YT0vW2xrQi5AI1QxaCMqUklfWD9fOFdN
YyhJaT1NS001MCRVIVdXMyN6ISEhImw/XWNSLTJYJDQ1bU0sSiYoWz1vKEhoJGlKaC1GOCJNKnFp
VD1NRWVSKnUuTzFOb2tRdSU4LV8vaVY3Q209J3I1a0wjO0BJZTpwc1JTJG0tSWZzLjtoczhLSioj
P3BIWlJxbGMtMkpxNU49aGEhaXMmYVs3YyxEJyZXL2puZUZzYm5FXSRuUldOYHVEUlA+Lk9JYWJi
MFlxTFwlSmBCU0IsIVlHIj1ZMkVdJWQ3bFElP0RFaF9xU25MNmFnRSouMTE3TzlEMFlSU0VYPVsq
RG1CXmRxOkJEJy0wW3QtIktqKlhKZmxKbFBkN0c+aENyNSxkOUtITlo6amYkYj5LSFpAXm44NnJU
O2I7OjwrW2ZSUWxkWm5MN3BzKD9CX0FbJF5bM0NCUk9USyZwTlVsUl5GXkVRVXMvJUJfJll6eiEh
KWo1WUZRaiRSRCtwXksyc0QiNkVbXVRQOig1RmolSEw5R0JQZiVmP08vPmlKZmMxKiZDJmhna29w
S21MXVdVVUZJcTNBQXBvI2ZfRWwmPk1qZ1ZxYVdHY0MkST1nZktMTm1nT0osN28lTiFRNFMvMnNs
Yj9TSV9RYnFLTiZyVjtcRWtQXG9oZT9DUSdeJUlTTzZKc1g0dEFZTyJWOUAxZjxtRzVuSi8hNnV0
TklIdCtGbmNJVVMuNUNARz9wVis3aGFeVDZTSCtXLXRnUSVANSQqR1ddSmZsSmxQZDdHPlUvR1Rk
RVUhcDtwWCYkX3I5Z2Y8K1ZJZW5uY0IhJDE3WEEhJnAtJVBvTWtbJVhLdFNtTD5tNTcyRyM7cmRg
TGsoO0pDRDwlQl8mWXp6ISEpajVPVyxUUG5Sc1tgUVFeTCNnNGJcPmpAV1dxX2ZgUiEkUjFeKHF1
LVxlczhMWEBNbCg0WWxlRnEqR2tFVmFqT0JCb1kuQUg+WGdiRC5haHQvI3M2NjdeRE9nYiJYIiNh
NFlqaEYtRkVLXyMrZnBqVDFKVjZNWDZIYlo0IUw1ZDQ3aFNlXSgsVkFaJDcjZTV0TWUyLzFuTylx
RkRlTipIXFxdRi5HcUtPdW1QK2pjPDUyaS1LdHQjX0dyS1dVK3E/Uj9ZQDAhSSlKXTA2TFFxcXFW
RlRqUGVLW2Y5Pj88a0A/WHBTSE8kcC0iYEFpU1pTV2JiM2hBPGg8RkZdZEgoZTtPY0JbaCZtUzM0
enohISlYQSwqRVo2QkJYZkpsOytyNEdUaVBDLERIcS9SQ3F0YGwtM0dBNm1AYkdDWSxgaHAlLCNY
OkpqOCJpZiRZc1FnLjxWXF5MK0QzQlQ0M0JdPTg3VlkjZ0dNXkJEWzU1KzJsVUlYcEBtLEYwck9b
Rk4hVS5IYDZITHFmQDpaZ1UzRl9jS3NaXV5NIldTUzVJRzh1NTJNLSpCWiczQD9yZSEzLkNRdFkx
T3BYSGtNOjBgN0c3MTc0NG8kUV9NKlwzYiI+XUBjNyxOTU1BKV4qXERzKS0nUkZPJDxNX1pyMUMq
c2RIQFcnO2V0PnUsaW4wQ2pOQGVRYm9HIU9vNUFiPlRXWFtcOUwiUHFraWgqTUdHJDBFImhCYXFQ
NU0pKThUSVZjTEMsamNedSdYczFpIzMjcyoxaS1HRyl6eiEyLihdZj84V3A3QldQUVFnL1cwLDZM
cUk/YTlSKSkvXTlGN2o9KS9WNTtCKF5HZTg1UmhlUT1wdUhNRDI9RVhQNkVXLWhaOWRAcC9sdFIi
Iyg0Qjs5akUicipWRkpwQmQwT1JWVjJSO1lJYSI+XSkmLEhqYG5maFc0dG1uUDNYcWE9OixOXSlE
RltFKDQ+YD5YaC9hN0RWRWFRRUZbYXA0V0BgJipTRiJKLCVbXy9uVkI+bixIJzJgaXBVKXFtciRq
bFJATHRPWyQxKzFMSDZNISNfRjF0KyJOVV46Wmg0U0RQdDRxRlRxWj9KaUItJi46ajMhNzhFT25K
XmZRWkxiOEwxUy9SU0A4XTZrQyRDQyZMQnNLLDoxNVReYTRUUE5fenpkL1FvdTFHdFdiYWRbJDA9
JGZKKF0+TVowWmZMZ2FwUVV0Y1teVUg9XCgnVGQ9YThhXW9ka1Q1M3RpOSdqXmMlPmJHYFcmPEgt
MUc8QmtuQjpOOTYlRilyVD4zTyEmOVpNWCk+NEZTOCQ6Q3UlMWlpMVJ0NjZoNCIqJ0xuMl9Ya3NL
U1ApcSVkQm9XPic/RXJKQmJJMyQ9IXIjbS4lV1ErciQkMUhvPm1uajskI0ddKzoqUUFCMnVgYCRz
SDk3U29lbEo6Y3RUQidfOCpFKUQxTEpHSCRtY2BzZUUncjlNNWErTjlKY2lAN21sW3JuU24nU2lp
ZUJZSi9pU2NBYGp6emtcbl09R1hBXTs5PGdcXkw2QEV1Um4/Rj5FU1tnaUNLUnRvJnJGIWBncHVO
Ulk6W0VXcVZrJ29PSDY9Yl9EPU0/VWQlLmdvLExTUVFHPCduZSFBajNCNzU1OEI2dV8+WVtQZkFO
SVE9aWhVTCJnZyk0PDY0OiRPYj5EZWJQVWozJzxdUmBiPlBiMGwvYVE3V09TTjh1UCNXWCtvNDF1
QilgYWBRY0pmcSNMLls9Ojg2cSVIIj88REM0MzsnKyNUJztFNi5QQjtWPCFlWzhTSU1NQF04QD9C
a3RqZidgZjs+Uy5uZSEnJl49ODwoXFknYTN1dDQ5UmJzWylpSV5BJXp6ISElUUs3UEg+Y1ZqOF42
bExhUC86bGNtNk5LSGlkR3VNMmJyaV9WLkZrbGMhLEJxRnJtc2QhPG0qUXRYPiUwZ3JVdUwoIjhr
cUhub2kkcT9SOS8qa1leb2QoO0hMP2hbRC8nITQ0UC9fMzIyZ08rOipRQSNfRjF0az1UYUc7amI4
YFo8KTFGNy9pbzk9VWxuMT5aQClSSihwXmhMcmw2LV8hPypAVT9JSj1RXlBEKmwvM2clP1snZ2VS
NzZOUF5MLV9eYj5VMCRFJzQ0JXp6ITc5V0UqRGNdMSc6LE9bLEEoWz8zLDZzWyltQS9xZXNqb0Ey
M0NHKkQ9PSdlcTBEOlVyUzZDOkReZHBOZ2srbVRxPDo5PExDWGwrJGtLbnM2RV05QEJxWi1WYUEq
cEJiPFBJXjFSRUxocC5bND9ocWo3XU5nOkdZOGBUWz8+UTRHWkwjO20sMGtPcixYXSNjNjVuRi9i
JkNfKDtAJz47TGM2U1Q3WSxCcFhCVihJWD4laDZHLUhBJXJgUGUoK1VJSEsrNlVjallqbUQ4VVQ8
UWRRbCNxWys8VSQlYTw+OGA5TkNoQjZfPVtwMnp6ISdsI1lFaGZHUSpgXDciMEZtYWJhbU9iY2Zh
RGBwOkAzZllbLWNjJmcidFQ9aFVdMkY2ZiJaNFkncCMzcTpBa08yIUtcX2ZeKzNiN046IyokUzM7
Uy1ARy83NzIqXkM+XVNmZy1RaDUjSFdLYUhEMz1QY05pIi48SCRcbEgkYmxIMEp0a2Y3WVdQMl8i
QDNTJTYpZ1hvRzxLWTspaWxCNTlhUDBhJkslNDE5aEpQJy5IRixyOHFcXUI+TEpvIy4/dSxZNj4q
bmxHSilEQEBkIzZcMCJASlF6eiEhKTUkZChhQnNJLlM0QVw9V1BbVyU0aWRfWUFnREkhYT9Cckdj
YiQ9X0RBWyxTRmZVRThdWkMyPik3Kj5RNDtWZVBBRT9qUnVkbz5rYTUzaHRdMVxwInJyJXMxUmBK
bzthSUhzKGZbPFQsaCVKWE0qUW0/UWNRP2osWzUqblE9bGZRUFBUJzkuUGVaJCVhOSpKZms9ay0p
Sj9BYWwoQChxOnJ0bExWREIuJ1I8NXJnZE9qIy1ANFtPOnFYQnM0IXRTWTJJJjgqYDduNFI5JSw0
ZEFaVTBXaF02XHA/NmljdEpwQWoxbjJWU1Y3KUFPIXp6ISEjOEssbC5sbD5ZZmM/V10sUkNMNiJL
cG5xcClrNVFCTyxfSm11JDlzKSRPWzMlTmBbWFZaRWszPisrLS8xWVFaMVk0WENZaj9LaysyUCdd
YCRfLlpZL1o0Wyc0OTFmIV4jKDNaOHNscD9aS3FcWyItVl9lJlN1PyRiWElgZ0E7T0csbWZuaidA
OVsjX0YwKUpmbXBpbXM8RU1oKlVqX01cTUxWP2dGRnBuW1ZXUFhmI25gKl9YSnIyUFZgY0I+W18v
MS4uc3RhJG8vbmIsUyMmbjVcXW5HPEhnY0dycT1sYk5ZQj4nak9ON3p6ISEpWFkkcz9YMERBPSU8
cVBObkliLlAoLD5dVF5ZKWguT05dJEVRVz1MNVRGWFluUFtnIkZkI2ciUDAtZ2U7JVJnPWthV0dU
QGdjLEdPPiY+Qlw1XVpaYzJPbzw1aj1FNUhVQFZYL090KzoqUUEjX0YwSVdWVjs2TStbPDpNU2xM
J0JvOEItTC51W1gwbTI5QicpImBcQDQ/KCwxR2E1OF5GI1ZuOU9dSD84SVZhTHp6ISEhI3Erbykt
bHJUUSg7cyZwKiQ3XUpDN29vKFJvQiw3KyVDI1NhQj41dCghbThXW11HMThzbFZSKnRMRmpIWW0o
JC1EN3BzVChZPlNBMCZQYnJcPjRpbTBzNW5GL2ImLVNpKjtXJS1tYUBUYHIwbTlXSkhSaHVOMTMo
YkBTZyhwTkZrWGoxLmMsLWUtW09kSGwnNWU/aVRRX1w3N1U5bD9ZS2pDMFkhXFN6eiEhKTU8KGsu
ZmRycG9GTllFW0JNJjJjIk1xTU0xRT4nLnJJbFtTcmhtQFZcWl5OYFcpUTdYXDJGWTI/YFMhaUow
aD1lakopdG9MM24hSDg9cUNmJCdxPlRkI1A6KkIlJks5KUY1bkYvYiYtUDlKWE0zXD8uVWZCZCdr
VXU5cCEkNjNdVys7ZmlIUWJzVS9LRUNeRi81aENlX14sY2M+MEpsPU1YXWA+PWRhJy5lQD8xWjor
Lzh1ZzRePio/SDElJ0NyWHp6ISEpaj1XbEpXRUlKY1QlKG5eWiNRdSxEOldKJDxxXHAyQW5IIldh
UEljOipmUVgqUjlxJ0BxIT5eQmlTcTwtJGJrSCdoRjpHKlZPUTVsVkJgPWlBPyYtUDkxUGhJbGtu
YWxrNic2dCRJXCZfaUdUbWklZE9oJDpIUiJcMyszRykpOiNlNSEqOSZ0NFIlXU0uLzxGbnNvLzM9
SXNlYEc2PzwxZFE7NFRQTl96emNrIlAlSVo9PixaRmQ9PGg/dFdwbEhLVUZkZGtrQSJHW0hxJVst
QWU4cExOa1ghUkh0Myo2THQqS1dMNUUlIzNVPGpkUSYjX0YwKUpsNXQyQUolT1tmMkwwLlUsXztG
ZC87YitlLWVvLmlEVFZsIzdXLlBeZi9tMF9QSyVFJilIcT9BI2Z1S05SMjNTTVdfczFsTm1Pa3p6
Sjo8PTVFcDlsMmxUOVVYJDosNCs1bkYvYjsjXyxPJzwrVShdOlNlYS4/dGdZZ21bVG8yMixTJS5Y
UC8yT09EVmQ5L2toWGJtaSwjaE1kaUVnY04qXmNgQDxmKEg5PThiM2koWkw1WiU5aTI6YjRlNmBY
clhzWDJMenohO1tqLitAKEUzMjFLUmdyLmRsTUpmaz5OKzoqUUE5Nz1lUFVpRmllcWVpOChVN3U6
JVNGP0k5OGYrUjwlUmRCLzhpLlJdRWxAZkJndSpKW3p6ISEmWjZAUnVZM1pYOTE6XD1PZktKZms+
Tis6KFJrb2NfcU4sOUBvVjRFWSQvMldwPWo4UGYvaDc5dFZKcEVNI0Y8L00nZC1ORixIenpxQnFg
dUBRdEwmaWUlPT1KZms+Tis6KlNxWmFmPG1tZ0g5R2MqWXNsXkE8TDMtKWhHLjlYKF4+L25vOGYh
PDwqInohISEjR3JzL2tCPXMkPT0lbV5hMDVuRi9iOnFvb2NFXWxdImpIU1NLIVdXMyN6ISEhImxK
Imspa2xNIkpdcloyJEAmcVY1M0pmaz5OK0deRS4tTz48TSwuTzNFenohISk1VEJVS29XR3JyTy0r
OipRQSNfRjApOGZgV10jJGFxOCJFYzYpU2NBYGp6emthciI+MXM+NGdmK1M5USYtUDkxIkA5IjNs
P1pAZEhAZDonJjsnM1N6eiEhJVFLOFlNPE1xOyFOSUR1ZUsnIkAzUyU1bkYvYlc/XHBFKzouN2hp
LUdHKXp6ITIrZz5QKk1ea0RPKC9lI2hLXm01bkYvYiYtUDp1LElqPGYjalI5KUgzKydIenpUUldc
ckVUbWdXUFE5O0siQDNTJTVuRi9iVz9mIUYrOi43aGktR0cpenohMitnTkdlTC06ZikucFQ0W0JW
XjVuRi9iJjxvTTVsTnIwOVNkO0pIenohISEjcS1VbzVPUm5qSiVWZ2tYdSs6KlFBI19GMClaMzhi
bSJANTBfPlliPiJ6eiE7JyZaWmExI1JZSnFWJ18iQGdyJi1QOTEiQDVsTCNkLE5cSnBKV05TY0Fg
anp6a2IkcDBRNC9LSTo/WDlLcU0uWktKZms+Tis6KlFBOUFLMzlfdD0tdTpxKSZCI2xqcip6ISEh
IkxyXmZNQEZARlVUb1lDUTU6Q21YcCYtUDkxIkpxLjpIQGQ5PC1cQ1hqenohISVPdTk8S2ddSV5j
MV5LZl1RbCs6KlFBI19HckZFJzZKdWUuXVtrIjk4RSV6ISEhIWFeTGNPRVFnL2VkVCpmXz1KI2U1
RiNfRjApSmZrP1lLJ05fcFRVbEZsLU5GLEh6enFDVE9iL0MhV2AoJkItdT5ZYm42NW5GL2ImLVNo
Y2ktS3R0VyRkMl8jbGpyKnohISEiTElTNmdoPV9sZC5vYFJQbCJAM1MlNXU8RkVYc1hMLEg2VGtq
enohISEjX1wpYFI5PDUyWSZsKkNLJVNmZTtqKzoqUUEjWUdcX2FZc3BRVVZjWyw1dT4lQmxObU9r
enpKOjovWkdZKGl0Y1whLUA6Q21YcCYtUDkxIkpxJyVYc1llJGYrUzlRaCRMNTN6eiEhISNxL05K
dWkuck5vK2YpMEZHI2xiU0Y1bkYvYiYtUDkxZTNpYjI6Ti9IXyZDZURPSDMrJ0h6elRcaVduOFwz
ZlskVTVAbSYtUDkxIkAzUyUzTmImXzI+ZloucVs2WSkmLVVZaGYrUyxhenohPCFbI1AjVSslVXF1
Xiw1bkYvYiYtUDlxYikhWyRGTFtuYiNqUEgwNFRQTl96emN1MVdhOF4hQDtUKmNfSUpmaz5OKzoq
UT0oTDBgSSJTRzAlNFRQTl96emN1NyRnVWNgU2ZfKk5ZJF5LIVQzIkAzUyU1bkYwPUVTJEJdZitT
OVFoJFU7NHp6ISEhI3EvSjFRKG5eJiQ9RlJ1YT0iQDNTJTVuRi9iT1ExclkkJWVoQS4tYytWaS1H
Ryl6eiEyLzNdT1gpLyo2QmFSJGhbUzBOIkAzUyU1bkYvYi4zYmo0Iz0yMF5BQyk4IU9rWmttPDwq
IiF6eiEiUC9CYkY3R0FyMTY2L3JhO1pIVlM5aGhbX2o2b0pmaz5OKzoqUjg4dCwoZjpxVS90Z0JS
aklzKkhPIVNlP2BwMzsnJFJ6eiEhISM3NiNuO0plcFsxQTY0blFyP2xaJkZULEdEWjslU3RcRXI2
ZHMiQDNTJTVuTVAybGZpQidIOWAmNl5UQFJQVnFDSWdBW248M3p6ISEpNVxXJzY3XEhiU0RhO1ZB
K1xkP1g/cSdoYSJLaVh0N1tiTzhMMW9UXz9kayFiRi5pdCZFPmRDN1x1MEFwLWBqLFpvTEo1SHRU
QjpVbGEwajVDNnAvIj8sUSpjcVQ3OE08Wm89ZG44TEhKWDlvZk9AUD5CQlA6a2kjTSpbci8saGgv
UFVXbDpbNz8qSmx0J0RtIjA6bSRESUlfLz8hc19bJUBLU3BuKFFHJ3JYISNfRVBjaFoiWzJkTTsw
V0FHTDJaRzxjYDNeRmpdNU9LbFlDenohISEjdCdVQU5OXV1TZWhZSFo5Miwkcl9UaWpHU01JT0Qx
RF1XaWBuO2A+ZlwtQGBuNWAlMWhkTVFlKmFXViRpZCRoSSFcIiNcJihaZSJkT1JgKGJQSShrZlcq
W1BdLlBhM0dXKERdMi8+MFBqJmAtVFlBLV5JVmBZXVNGRlVfWSojXDBXVj1rZGwkakFedXRdaFFH
XV4+LjNkW29JI14iSUhDZ3NdNU0tOzFwSFpPYjwyLlJWISUkSW9PVjRzImElZ1VSOWVNOGlubyc5
Z0k1cFNpWmo6Pi46JGI2Lj1VbEZEQzdTOWRgLVsyNmZbUUptcyZaND8pZyUwblFwSWVJIydEIUlE
OlpPMEchV0o4XUZMQUEjTFpiVGRgUSJmPkhvQ081S3IiY2gqRS0mUlRRYipFRS9lZFhKbXFQIi9z
c29xcSE1LypUXFs+WmtFQkItJEZLIj9AW2tINlJTNEo2MlsyQFo1SUpJUDFnaU88c21hNXEpXz0h
PDwqInp6a1dhYDJcKjNsSScuXzBHOiVqXU4/JmxZXClraHE/JmBjM0InckVGSWpDaCxaT0RINFNF
Z3Fic21PIktdQVQyKXRaPE5VaVg1MlpCNGcmQF1gMCpgbFo5OmREa2U/OVZQPkdJJD8kTTZESGdE
VSg6UzUpLUBrSGJNVHMpajZwPT47LSQqR3VZPFltcTdiPy42PkJaX21MKj9mY1A3PG0hO1g0WjVp
Pi1gcV84WG9lJk49J1EoLV5EMzhTJC0oPV1XO1FYcHU6MTdVTUxyXjxiOyJNRl8rUDlybT8sPio9
Y0E/TTlaW0VwRk5KOl9LPjFtYmdELWUyMExRUlo3WkFeW2RQJEFxLTBvXCtUbW5rQzEpQnQiKEJr
MWJXKixfZkpJY1AkJ2ZVNFZnKDhNai04MWpYJTI1O1RVLiRrNDFaI0gjOjU0ODJgaE9tbkhzRUVa
Zm9mI0g4TTxZW15XTEdNZlU9VUZRLzFzbidSP0xhWS8tLEg/UUxHSzxFMCdOKls8LDl0MV1aazA2
aWJcKDE4RVdkL05mMktXQWdnO1A0bDI7QDhuWGNKNVdaQ1k7WThSSyo/PDBQcFBbYDkuPzxPaC07
TD0scUtAZzIkbHBRLVkjRll1R0Q7Ol9Ya0hwLTpWKFRMNC1eUDk4SSlIUGhHa2ZtNkRybDhjc1JN
YGBLLTI3ZG5CR0YwJDNhSTMnP3ItMTBVb01KJTlgMnVFNVBON1FnLV5NPihHTyRcaUAkImVBLmxR
Ik0mJ0knWlhRIzhNYUhoLVVJMzExL0gxLF40bywrUUBTIW9FJS4jLztPZD5jbHM2Y1o8VU4pRVsr
LWszPy9oVionRythKV1YVjBDZz9AKjtlbksvQkxoJUM1OWBwVWk7TmtPLzhnO1VmVF4wbW5TTjU7
XXVxKnFlI1xYP1RUUDV0WzEsOWZsQXp6emkhPGMmOjR0Ils7LjVPIzZhQjVUcSxGIUBGUy8lb3Br
ckdbWkRXNDsuLzE4MD4xZmAtbC9pMydVVzVUYGtQYlVZJjlVSzIvInU6cHEwNGVDVC1aWTNARzc2
PTwmbl09Wjk5PzxkOHV0NVRZck5rRl83VUZQZzYnWjdDU106S24haFRHUlVvLkZyIkgrSDVyXSkl
Ly1wUjBVcCFiQkpBXTtRK3RqUGlzZyhhMEtXX0xkYGQ0WWRCSWtqRnBOZWlXPic2WE1PckdkWzgy
MiRXTyYxMlo9a0Q+bGBBYm1uVkpOQDhvP2RrRWlGTVNjRDhKUWguPVxeMmNUTG4kXT4yNGtGTzxM
SU07OU5qJj5UPF01M2ZGSCtGU3NAOEQ6Ky1GZTgvVkU8T3JDWWBvVWZda0JJQl4wNChYY29iV1Ar
NFk3M1JIMEJXSi1CQ0tKKFFdUiJtJzdYJ2chTFItakZgNTctRypAaXQ0TV81LTZPKXQrTUgpOlw4
dEhwbEFCa2dAU29YaTRZJUFrMlZdYC5BYUg4WTdKU09CYy9SZWEvVnUyPlw/S1RPJ10wNl0hXD9m
I1A5Km1dZWorZjJlMF0zYXJKY1NlKy49UjU3WyNHRDpuWVdrdDtwUVgqIS8ncVsoIjtPTVVEbVlx
Ti1XVVo2WCJrPDxHPjxXcXBCcnBRIUYocW82VU0ta0QlP1BSUmRGZCpqNUBLVz0rTUFfPWJkaEFt
YlhIYCEwQVMvczxKInA0aEAxNGtqMD9LckhSY2QwUjJcdGVBbz9mZVk/YkUqRCFpRzk+YCY9XV9p
Sk11J210WGpzNTI1IWFVKy86SjdgPzEiJyZQWDYxYishUUQkc0FfX3VrMkQmT2UuL1cjZEdcR1pf
XCZvU1NrQz1VOEdKX3UoM0E+Jlc1M1ZuNC5RJkY2OWhaWztvczNIZzZVYlFxUT0jRFl1Zlg7Pz1b
ZDdoc0FzSSZGTGVDQztgJUg2IzpfcSpJKlk1TlRNNGFBOStocSUyL3BWYXFaTz1EXlxlNXFpMjwh
blcwUExmNixDLC84bzJWJUI7cigsNWYoSCJQcFhRM1FZPz9oVzo2Ky5PQGFpLWpJdWwidERvV0JH
cT5aXT9eNkU7MWBEL2ozKWszZTJAaDRqTjliZF5CMi88TnU1KUhub0tSXiNkQXBHbjNcZSUiVDco
K1ZlayMvWCFQTyRLcVZoaFwjKiRETWNNMFxDMVFFWV8pR2Ipa1E0IWBkUlo8UjRFTDVBKVcyPyIw
YUU1XTQ+WXQlQyssciNYOm8ocFYhQnNrVk4iMEZZREQ0OS5JQUgpK05SYCwwXVhsTWlTUTAuPSEs
SWEkPlBNIyw8OSlucWx6eiEhISFpPyNoNmphUSQsUjFKPiRaTjciZkZPVnBIaiZJOSgkOHRNZCQj
bUE9bVRxW1dNO01NczJAaWw7RnJObEVOL3JfO11RNDZ0LGJBc2w2QjZfK1VKZl11PSktJ05MSTVN
KEQ8SC8zQElVL1lFUl10WmtvKSY1NU9YZU84O2lvTWhvN2BRa01DQEBURjRYWEJDSTJAMnBscmdG
cDY7YiplQ1ssJVddVlZcSCdaUCshW2EzImlRKCg6PVosXTM8bUJcbitrQDZyV1IwZjlSailcVzE1
L0RhRDtCJENXKm1KNDYxXDNtYys/UjQ9NHRsNEonQWkkTmEkQSxxRWZUb2JhYCc7UEUuNjhVZidE
XSgicG4sXE8lais0SGViV2ZoWEw1cSEhMVJQLHQlby80UitqN3NucypEL2RtNEFOKDJjKkJiV29w
X0FhN3BkSlwuYERjQHIyaEdrOC10R2YxTHFNaSMyLT1LWykrJCZgLiYuKiRfRGgmMGFSQ3E3YmYh
c1EvNDlYc20xKDNcX2pqS09YXzYzKUBRcENjLStdQmRjTlY1cj9qMixvLCpeOz5hKi9HUmRuSE5T
XnBsUDklPDRKcENiWyUtOzdodEIpXlxpOFheXS0wbTQ9bl5PLGFUTFFqayYiUl9kXm5STHBRNzUr
bj9JSkZEWiRFPj5dPUgxcWQxKzVsWyJoUVlZLT9JSDg5bFNXVWJtVzQvM21aPEtJKGoqM3IxblVo
ITFlKUs8KikwWl1lJDBRIWxtayx0MUdPNVNVO3JFPUFUTCU7JEJebGMoUWgyYTcwO0syJmtBazhR
RWooIT5aSGZFWEF1LD81MCRNW2YmNWJCQzFjU1QnPSUubCtIU0xbNkBXTEVQQSRBT3BwO2xmSFNC
MnRvUGZOOitiaFgiYyRab2pvZ0xDPzklbjtCTCEzTUNnZU9pMlJnL082N1BAPj1FSkc2S0BDbCxe
N2wtRFBuOEs8YElFR0BKS0FSRjdkZkMzXk8/MiwwJyI0UW1cZz0+NCwwNmwjUjdXPzUrZWFUajhq
TDpPJihyJWFCMmxIXXJBJCQ7ZTAoMiU/T3VDTTUjWHVYT1ltU11MJS4pSm5hPT5kUjlZTCgqQyFI
L0IoQl1dOVBSN3Q6LFdvVGwpQlU+cytRSkxBb3F1TFpePjwvWicoOFFfZWdZbDlrTT88Nk0zYnQl
Zz9FWk5jKDRaYUYlbFoxOy5XUCVYTEgqNVZnb0JSbU0zRD1IOk9rJUZxby1BZUwtXFk/NkxTT1dp
MUdANS4jMClCZVhvWFlURkQpWSZcW19FX29bVyZeLmFBWEVfTkBxaHIuKE5bUkJnUUBjby4mPSg/
Sjg+Sk1nY2hmVFZTPzJHV3BPQztAZTMhUGtbay0ocDYjRVY/XHIpMEhAazYtQ0E4KVw4XjBYKl9D
bmUvR0NkYyhbcSpBZkw7T3BgT0Q0O18iXj1gWGFrRloyNUg2cyVJM1tbVEFoUDVdZzpMSSUwPFxK
ZGUuPzI3S0xKbTMiaWAnJEc7YWNmJV4+dTxgblIjcFozZmJmPmFwcSgkVmBqbGgxb0tEQ1NFVUln
Jk8jV2JqOGtAVysxUSswZC1ERU40KklOYCZhQysxMVhbMU1DMSJ1KVNfQnVjJ2BaPCk/Rl9GTVZj
SW9ybFdlXGAvWlNkQHU8aSZVVCllZlpnYlZvXG8+Oi5mZDM8X0pbOU9CZDBmXUJNI1ZXdVxVP0Vu
MUY9JF4mb0NCZSNtZ2dyKkpRbkAzNT1qbj9MQ1ZzYFciczRwSE5aRlIkcS1CbTduVlRNI0k/Omsn
S2xkNmwwYD5cc15BaSdfIipcRCReMUJ6enpJPzB1XExGNloxYSxCPCtPWCxSWS5VTDpHOT1hKkku
aTZrc2BfKilcZnFtQl88TFBkazFgK28xOWZCIz1KbHU1RTNRdT4vb1UySDdiLUU+bVtTNT1ga25F
M0BxMVNUNkBYXVUlJl9TUkI3cDExcmovXzlRWEAoKCxUOiVJWVFMS1dLcktpQU1QSj00VGdGcWos
ayFySkBBZExQRSU5RFRnWGEhYiM4Q0Y6YFRndG8+NzM1NyhnUlhaUmVgRTdhRXEnVVZQZmI5Plps
TD9WOExlYUFJVkxDTTNAbWNfQWhfM09aLmErKCtIUDguMlNOXUxPLi8jTFVBMDBpQ0NXYSY2ck5k
X2kmLV0hWzc2WyZiaz86PVIhPnIxajVXdCdPY2FFL0JXPD0uNmQ2VFoiSlglO2ReXVxnalhdU2E1
TCEoaWdMS1YoMlJiN1EkQDwsbCYzaDBxMj1oZiI9SCtrVVxScjJBbz5eQWYrWytnalMnQl90N0k4
UW5rTS4xPWdbJG5cIThpdVE8YDNoTD4rbSZaLVInS3RfNXE7aUx1bmgwZksqb2s7JEgnZ089c0B0
Zi9vPVVdLFpJaV1LdCtEcmAwY1BjIzc/SycpMiFER2RWVlEyMkNsZEg/UT50SHIuYzZvIko1M0g3
K2BcbUhrbmVDKDNtR3IuJ3IzbFo/L1UxcGJlIlRkMEJXZ0lXdSpNSkZoJUgrSnNeWS06LUM4MTJt
Om9IRzNOaDlmLExdXCtyRmZWOGUtJGVdXG9FKnVsSzdUK2AtLz9AaWw2LWRJJyY4J2MzK3RfOT1B
cEp1W1pyKC1SKC9KOylvblkiOTVLI2lyZCk/KFEyMSJPSkNnOGVfSSYrW2VUVT91VWFfKWVSUDZa
dWMuZDFMZylPOC5QNmBRWk1nNVZqRjRDWCJWKjplZHA9XVg6PWtuTUFVJGluajpxOGVeMkxgTj5g
K1NcRVo5Zz5YbUw9KCQpbCIzIyIyUVhSRUpnVyUjTXRCPW4lcC1Ac18kNVVFLnFDUD5tV0BQNiRA
OEVuPz5eWGdncTVwO3BSVEg5cj5NWiQlTmcsLE4xRSIqS2JVMz5gbSwuTV9tZTBAKSRyQ0RbaXQ/
RjtPJ1EoWlRgRUwmMzY8PVk7PU0yQDlRR1lYMDwwaGJIVCxSJ2c5YyxtWU5mTCpOWWBaUHRDLWtC
XlZzNl4hZWBKNGsiJEhJLHBQQydfJTVjV1UsbksrUStMIV0lTEpeRlg2MkYiVDlDSEdNRjJRUFlM
VUYoSkE6UlZYO2snXDY8SzhkaFRsRDk/KE5jalNpLkhMcWhTTS9VbSYyJGszdXVUXW1XTyJfaCFX
SSdocFpYRmpjUkImK0ZVLm9oVUhbN1pFXWJHX0FDTC4qRjRJMlBpUjhJaWokVjQkYT4xVE1tJzUn
bWBZbiNQRytRdW00TTEwJWA4JV83RllxYUYzc1ZNMyRfQWtRNEhacm4ubWUzb2FEUlMtNUJvMV8k
QEMqajJuMVc6Pl5KakojTkJHSEshRUBzNDxOalkoXVhmLHI3cFVZVDdgJ29QTlI1IylNQVEsclVY
bmFdNCdENDQjVklFUlBwNXJkM2IpVzNWN3IoRCFETUAxaklGMUs3R3RJPFFdJjNeT0RETXMqYzp1
JmlhRD5dTDZwbXFMMy9fR1RqWkMvLS80WFRuVi5bQmk1XWtIJmZiTyIiQSNaY15UQHQiTU1pIypK
LFlnT2gjZ2tJZCNvOiYnW0VqJSRXNFMsKFo0KkpnbU1BLWstTkYsSHp6ISEhIT0uM184VWUlX0Ru
UiUtNThhPS9LJkw4aStQJyRELV5IUXBSKEcjTTJaTDtjJmM0Yy4mbVFLW0YnaCNFWTBVKmpHY29z
Q2JyKGwuQyc8UylYWkFCMWBzME1kIWhMWGg8ZEhrKDY3JElkakcnL3QpbCZtXmFXckZnUElCWFs5
JFdfPXBXQFBfZ0U6JGtFX1JzXEgsaCVxMENhZydSJFpRLTk1PlQ6X0RqZGlcJjNiSC1jSDRtMFs8
bjguamBgalpvYlQqND82cCM5NzUrPGB0T19PS3FnbipWWk9rJlpgZTc+aiY/Y2ZpcCpgb1Y7aCtV
bk5LMnBgZkpsUzJWS1BXMXRiT11IYlMqOz9zXFpFN3VhL25aLGhUNGVGPDY3JVpBPTtcOVtSRjFR
OERBO2tRPUlZLDh1VGRmTDM8M2M4cFtuJjYpWUVqMSFBcHRqajVWOS1cRkRISHV1SDBrSEJSYVVJ
TmZpQidkYEMnWz8pIkFMPUhVW1NeZVIsbXBxbV9ebzsxYU5PbGtiVmx0aGVYIipPYzE2T29VPkZC
NGlNLiNhcjoiMDVjPUhVM0Y2MW0vOl1rR2IxXHFgSDdlNComM0hfR3A9cWJedF9BLUw9VU5oY1M8
ZCZKMSVGWjgkQVQhXTVFSStadGN0TTM6aWAiOGZaPFxDSyZXdF5ebVQkXEhkaFNhPlFASSdPUER1
VGkva2MqUl45YzFmTUhAWUYnWyUwdGtIYWdORC8yZlEnZF9hckpCIT0hYUA7QTNLWyZwaEtAODpI
KDFmb0RaJGAlVWMiI1UwLE4oMnJvU0RMYD5IT1pGcTYyO0ckKkA3XEEnJ1BoWjFNMDQsPWlYKU5f
VnBIXzZWODQ4RmcuZFJrX05dLFFJZkV6enohISEiSUpPb15JVzIsLVooWywoRjIzLS9HZV1pblNm
IToraUlRWltSWW9WU2FIPEFMVVNwNFZhLjtaLVJXWEUsIlNETlFQOkhCZjUrMmdeXz5yLCE+XUtE
VSZmbTpbc1hedCMpbUU1R2g8bSZPXTEob0pIJ2RRaGlTQC48NS5Dbl1zKD1LQjM+ZGguNmFUPUZi
PVg6czUsby4vdCJeQG9NI3AxSDZUV1lILURZPklHWWxhby5dRi9xby40YXVLXDknWm9WQW4iPEIi
OyJpU3M3ZCY2a0FKN25QTi4iWC1EQyldMCpuZj5VQiJkbCw6WU9AMFpjNHp6enp6enp6enp6enp6
enohISJTTDU+NEM8RzV+PmVuZHN0cmVhbQplbmRvYmoKNiAwIG9iago8PAovQml0c1BlckNvbXBv
bmVudCA4IC9Db2xvclNwYWNlIC9EZXZpY2VHcmF5IC9EZWNvZGUgWyAwIDEgXSAvRmlsdGVyIFsg
L0FTQ0lJODVEZWNvZGUgL0ZsYXRlRGVjb2RlIF0gL0hlaWdodCAzNTQgL0xlbmd0aCA2NTczMCAK
ICAvU3VidHlwZSAvSW1hZ2UgL1R5cGUgL1hPYmplY3QgL1dpZHRoIDMxNTQKPj4Kc3RyZWFtCkdi
IixrRl5QcChnVzAnSipXai8wIj1IMUpNbjlbWVUnNC1tRC9rLnBNXExBWi1yUi0rcixBUkBcLl51
LEowWTlXRzVMLSZQMiJbJVNfXV5JXFxMazBjVGROJ1I8YEUscEBkWFwxWEdaMyorMzh1VD1QKyl6
ISEkRCpaPzY0YmExJTx0cCNjXF8hISEhZ0ZSQi9NSEAscXQhNU9taV9APlluJXRNb1xJKSMvTHMq
dChMISElTl0/Lz9fWEdzKS0tISpgMigyamk7XT9waEFPbDVwUTshISEhaStpZixyVEREViQhLlpe
NTpfXj5DJ0VuSTohOlpFN2g8QURIVnVCZyUhOHJiOydTWXBXcWhdZWR6KztNQSg6O2hQRlQxJl9b
XixTQVRmVVYjZlRESjlhejtLL2RfK1MmSjIvY2wlQmA7dGs1anM3LyxlQSEoKiEhISJcSmxCKEom
WUpvRCZIST43JVQhaXQjOEA9QSEhKU4haSlrLmlmVmVeUyI5QEE8IXUtSTYhQ1siaCEhJUMhZkdA
ajZudTcqVCE8RG9TIShDPTs1WiVMXSEhJlchRy5JV3RuWXEhUyE8RG9TIShDPTs1WiVMXSEhJlcj
NSw0YHRsSkcjMSE1OkVYOzpsamInRUErNV5oODtrSkdZdThHN2FoKjArTGVtMj9zcCIhISEjZ2Zq
TkcncVBYPHUiOUBBPCF1LUk2IUNbImghISVDMUZTUCN0cyI0P1FuQVBFY19XSEJDejRzKnQicVVF
OTwhISVDZEo+MDguVEk5ZD8hLmBDTmBlVGFBb2FgOEkhKy1ZOy11OUFBJDMxJitpOkVaMV5BKE0m
X1skN1hRTmVpRlJmZU5MISEhI29JJk9iMmw7Ul46IVdfX2QhSytiVko+KiNEISEjMikuXWUhc1dJ
R2BjITtPdEI3OkM3JjsjZ1JyITFzY0pRYjw6SDVFI1JCSHRlLCpZVzhAKSEhISJMY1xLQkQ/QDsj
WzdLPEcmMWRGcGoqKUk9TCEhJ2d0NmJfRyFJSGhuRCEhJ19pNVotL1I6X1dtMCE1UmJicDdccltv
YWA4SSErLVk7LXU5QUEkMzEmK2k6QSxAY14taWclak0mUz9RLFJjQ15xaiMhISEjV28+LlIjZmhf
UmEjUVZaLCJ0MGhKIixbLVshISllQUUrak9oO3VcTlEhOlpmY01TZU0rVSZZL24hJ1ZWR20vLDlz
TXVXaipCbjJxXjM+bC4ja1dYK296S1doazdsNXJJcSE1OjlUOzpxQmw+dUI2NzNrTXU2SE8uLW5c
TXVUT1FFWVQrRlN0NCpfSHRZYkI4OTo+VSFFcFU6SCc2IldjTi0iOFhqWjBHPztcOUA1NmVjY0NX
Pk4wYF0hOmkyY1BJOl04SEIhNUtCVC1qbEk4Vig3Rj4/W15DNWkwX1g4QjI1J11XYURbOEtlNXNZ
a3J1LyJGOEMpUzkmPTxiSU1haGBhcF5XcjgscTtOOzFMNiFkSmxGRls6SEtOZihKYGpDVVdVZjhA
VTlhOkFsY0tEbDg8ak5vaWJjXCIqJkwoT089KiEycmI4OF9nNkNBSFciayRSOHBsS3E9OCcjPWBC
Jzw+N0phQi9zNHVxU0AtNUQpNWIoXnM1T04/LFgxWDRpbm5zK2BpNF9bSktnK0RWcyxfcFJhUXAm
cDNmYk5sPDVJSHJWU3FGUmBJXXMzbi09ZGYtSWw8XHMxKTg3XDUxVmVoKDAyQkZeUGNVL01PIzxk
TS9qU21bY105XE5IPixjMTFsX2A8alNZT25YUzZiS0AiX0IoO2BGPjYwIjZSSW9nQ1ZMYHMyMWhb
Zig/ZmxjVEsxSFpqaVA/bC87Qyc2JyVYJEk8Yk03bksjZm1cJCZbVExGWlEwZCdPVGZGJUwvST9e
Ziw5JTlsVS41WE0xLyZhQiQvI1FSLEUrP15ILmd0UFgsaE0jKkQ3L3I6YzhFZFpSN1k9VC88RGJe
ai1zaVhYLHBjaHNsNyhbMytPYWtYaVdZPFdCUXE0UzFBN0xpSTpaLyw9Y2ZRQ24lOCYkTyxBZFA6
SW4vTzhrTWQ1TyxhLzZyOmxmLXJmVWFIUE4jJ3A4SCQ8S1gpTlRwbUBvOkJqTmQlIURvTFlaLkdU
J3NPaU5VNERGVD5OP2gmMWRsZUQtU1k7Lio4QTdjRzlkXGkxM18zMDh1bSQ3QDJPTSxXKDNtZmU0
cClPK0AnJDclR04sK0UoWCJULVJOJkZDVEBSPT05RlFEYHE5NylwaWI+bTheWyhXLT5XYjRXKjky
Z3QnZ15IUnAhLj1WJyo+YWxWNUNpZTdBLjZtYDs3cC9fRzsnJSJMTWo9XzthX1pHMFNtTmNUTzI/
aEBRLSZSPCMlajkyLz85cz4uTU0/MjtkTG5XSkpVKGMiY2s0PGojYzhCJEgoaV9Sbj9JZ1VMaz9D
LmpKYVhCTjtMaDkpPidDLFJpdHItbigqQ1M8TVVfN2ZrI3FQYjgkZlIibUlzISg+KXMuKCtSZ1Jy
KSlgSldiTShYSl4wQV4kZz5eMik/MT40SlxfazktJVtvYG0mRmhxYT9aaDJIXSRFb2w1NmZyXSkp
Yzg8RlhBM1JdVjhONGxUZ0BaSj42JHRiNHJUW0NLRjFwV15tQyJmSD1ZJypzWGs+aFRPL0EyMSs4
R1Y+bG8kOnRiQkJKZWwuamE0UjtZRmlVTFU+MFtrKTVTITgkXUFeSkIvSGNFP1JEYENqLWhlVXJj
NylbSEZrXztsSShSLydNdSEhIW4rRkFycyRXdE86VC5VQ1lEakRIJissTT8sJSlqckldTVA7KWZp
cCJJOUEhKjFyXkcwVFYnQWksVVksOmksJFJjcT8zSScrXklVPzdeNFxHRVk8S2cqai1XJ2AsblZP
VURWLG00KjddJHQ4LChhYSdnLDxrP2I1cl8/NS8hY1VTQGduIUlZa05IW15mWz00MCZrNm9GRnRF
YkE/LSdyJmkzNTA1KjkyPDtpQThQSywuTVpzbjcvMFxNNG1dTypNU2kpazlBYD9fNjRIQDwoIm5e
N1wpJm0zUTNkRVlrKG88W0xAO1NydEgjYzpPVyRlaT9PITBEY1FkZWZuYT9TcWZgISZOJiM7JStY
M2BUKG8yXTkyTCckWG5dY2xwZGsyV2hMbl5qYE50cz5mR1p0QSRNXUVIY3RPcT9OZ1xscSs+bkBh
aEgtWz00LFkxYTFocTBxMDZeTjcwQVJwayROP15JMURlWk11OS5AbEpLUVQ7XC5kYHBqYy5GUldd
MWBbSV1ZQmNYKSNCUigmbUQlclsqaD8vQGc/YSw1Ji8tR2M+aGd0SnNFb0cxYGpubiZAZ0RmLjFD
QzxidXVZNF9mJ19oaEJeYk1edT5LWyRAcHMkZkUhUSQ/OC9sXFFqWS41QC41S3RoakpeN089TV1q
OWA4TDBCX2kyIm5iVU1JVl0wTTM/KldhKjReb15cb1FVcXRsL2hWbVQrTFltVFFVTl8taXRocmAu
cGkpX1pNMC5CdCswSCgyc0kqbTFdM05yQnMib25XRzZpJjZoS1IxUXFdN2osSWMhY3UtQ28kKSlH
JTRIPTxEaU4kVCFON15pRy9yVWVxXCVSTSs7J3EocGZNQEs8T1dFMG1pY2hPYTJZKU10V1chSUoy
cyRbcFI4UFZoYShoXW1laTFSPUAnYzwrdC1uOEQ/Ij85TkMqLzUvKUk8b1ksMEhybjtHUV5LVjVz
WnFCUUlHL18rOlM4NnR1IzVkYDdTamJgLCsjZGlkbSxgVG9IVS9RYmpSblk3L1c3L1RSMEMnb2h1
NzFqYFAycXRHTjdcZklDZyNbcSJNZixrRyFXVlwjdTlvJ3RZLlxyVDZlQ1pmXmFvUj5tPGhkJHIm
YUYjZVlsPyIjQGQiWU5yX3AmKih0azNEIV86cCQ8J0gyZ0h0MkFRJldoIkpdQ1ZwNFslRUUoLmpw
aUUtRCYkJzVALlgiczE6OyY0aDU8U190ZU1GZnFYQjtjPXE+L29bWTI9X2tWQ1M2VXFQQUEvUzY3
QFtrN2RrJU9MQHUrcHRZLD9RZ1IhOU9ANDA0RTMway1FPCpjak8qZHItQyY8YmchISRDdDJhcmpO
TVZKWkxfYVVcLipkOHRpO0xTX2tpQDFHIi4tcyZQcT1zJE0zVWolb2JxbVYkN2pGa2M/WTFrbnM4
SS8kOUVyLmclYVBWKzUpMChSQlhZX0krQVYia2VjaUFjLSFjYTlmbkM2Vk5ZXDhiaGQlPlZeLixB
NF4wLmMmLzYmVDtzK1VLTS89TWN0aENOVC44UVRmUz5KbUFSMj00UFJjSDQ4VkhLSyROcnQuWFlJ
bj9vLTBAczFSWktTTCFpYDEpaEJTbnUtXFMkUDhyamQrNC5LITIwKzkiNjlvKUQ3PElrb1xJNmZZ
LipINU1Dcz8vVjJ0UU1VakVScDUoJUNuKy4sTzJdZXFhMmJZW2UqND9kOSNbRlJsR0hIUGdmTklp
SjVWZEVUPCspOGBMYCs9cyw+Kjw9VUMoWTVrNDc1bW1mK2xfOnVaPElvaVtxcDw4cVFIbnRUWyUm
aSchay9sLToxNVhEQDJjb1k/WXM0Q0lcbylbbUUib0diVC5IaTlDPj5gImUiNEI4IThyZFVWODNY
WT9TTU5cISJBK2guLmZtNCZEdWhwQmpVLzAva0tsdFpUbFhsLkEzT2Q7VjAmRDc9NHJMRzIyLUZB
RSkhLWwyKmEiZCUwXmdkYko4blEkSzVGVU1fRE0kXGc5UFYhPSllcSkiVGxbZj8zQmxNXzVjQVBb
KnUrYGxVR2hiPzFvcVlvT0JeQ09OdDQ5SkM1QSVsRHBXQSliSkQoUT1ucmx0JnQrVkE7c2h0Xm9T
a2hYYkVsUyFOMWUuamdaXWo2aVU8bTZvQW06LDhHPTFSLlNtQyxiTjF0VGNMWVZ0J3A6UTdxaWJZ
Rz1TPWtVVDIwImliRjUmWVc6bDxTcDZITlxUbj9vRS1UXkZNXzA5KGl1IWJqLF04JW5bInMyPGZ0
XWJGPTZxcltKR2FvQVBoSEM8KTBYbiJwaEVFcEBWUmlPXVwkN19VSlNETU0nJVBUNS9IaEwuRVA0
YT9OUSolQ11mUFAqcjlKMWkiYmxLYCFLXkFuNjZnLj00bG5XRHJXa1cjXEZeOCFBWy8iSkhuT0N1
KD1FbCtwQ0laISpXWD4rTCckS2AxYURSL289TnJEOihvdTghamxxUHFQSE1yYj1oclY2b09mP0hT
QjVvQiRBcHFnc3FrUEkmNCZmQFs5KUskWidCOCU5NTVYZmloXSJJaTVCP0ZGNkBzPDFJXnE4ci9x
ciczXUAxIlJpZHRkbzBUUl5LPUVWZCIiT2RScDlePGVKXTFkVyFTYi00PEFdb0FtJCgkck5sSyJZ
XEAlIi5GRyhQJFVCWi1sXmIuXjBJJ2Q5SlFZaytBdVJYaDJlbzc/IjdiLic8cnEockVWPmtLYzJN
P3U4TEglcVFBXTAoTWU+VClcSj1nMnI8VSElP2ZkXEtRVTJmJEc3ISNZZ0wkOzVVRCEhJj1cUV9L
OXQ2Rz5uKUVTWzQkMTg5OCdQSlRrSTtiPzdLMTRXVixcRnQ0bm9rXyxOVFpKUUFrQCYnOHAwc3BH
cy4+SWwzWmhOPFVrLz06VyRzVCVvXytrZkVscUFPLkc4YjMpbW5TYjFNJi4yUHJzYjZdJl1NWVpV
YVkkP0REOFNFb2skOD4tJTduNUdhTDxpbSpVWDgtWiFQZ3EnJUo0ND1xWlxuUCRiZUJBdCZSYSpd
cEFoUjY7K0UmNWVtY0EsM290Zkg8clVsWlY8XGNILy9vPlgrVikwQjZqQFYiVEcmdGwlcjx0I1dq
W2BmVkhZJk4iMmRPKC83YjNqTlpdVjRobFVDI10+UTtERVkvcjZMT1w3S1hILDhKZEEtallpXi5P
QHBBK2xgN0ksMl0vQC9yUUlUdT4xSXE+Q0JxK04nOklNQlpTdVplP0UwVHJQT0dUI2thVFdqY2do
YSRmTyoyN0EnPDs8VSFTXlNIYkhgPzdsKFEucVxGIm9LOCxBYztRSlVnMWRJYmFkQl5KNEgwalZY
Y0NMXCZVWz1ZSTQnXVAhaCMiOz9jWG4jIitUOSopIU91XlQhRyZhaXJvIUVvdFZDRUFlNypdQUFl
Mz1oW1BoNF9bblwqNUotL1dOc0lMNzIlUkA1Qyk5K14tYWgkb05NW11rLUVkV1AjIlVKXjYnMUhc
dFJPX3EkK0E7Jk9PVERXUVUwOVxCUCgxbGlNWTVSIStvS3FVdU0oSTRHdV1RYkdlMC4yJEIqJF9t
MV5odTlLaF4tTCFYLjJVMT4/Sj41ZCEjXmBJXlNUQys0VEdJIkwlSjdXRzcya15EOWozI2FbZ0cm
UktvcmlGamZINTkibWczM1JqNjZvZ3E4PVVWZmJWUV8oNzdfNDRMQS4va1NsbkdPY2NpKTRhQzA6
TyInYTM9MHNfTEFNRiJibi8hImQzZShabi5yUEk3I1JVRENqdDBrKy1JMWFdPG1zIlI5dDxHRGRa
YEJ1OzAwSDchV1NDInN1ZidhdXBVYiNhTSdjRi11ITVQaEAnXzxbX1FBZSwsbkJsUTNmWzc4bGst
Oz9RQnAhVGt0LVZgWUc6T3VZZ0JwV19jbllTSlc/WnU8NV9wUmtQQiVWXmM6NVltYkIuQkNbcEZO
X2tHX1JpZmxJL3I7TzxNXCg4aUUrcSEhJU9NZFMhSShVSD8zPTxnL1pERklvSy1YTltQMSNfZiMy
RWdtNFVJQTgobFljJSsyR2dhamxwcDA8RE9jZ2pzZVExM3EvYllWaTpbZkBjJ241Kz09JWtnIXE/
SmRSPkJEbU5NNzI6TltIcStNcTltYDFsWGMpT2FdISVeZzYmJixvc0dPV1EoJVMyVjExVy1uLyNs
aEV1MUAjb0pLRCZSSyNnYSRaQyNeJUcmK1pEKylYdSZxaTBkVFg9IUBNYCJIbTsvayR1WyJeZDJC
VTs8JEUvRHVgYGBQPShSYF5AcUJtYC1MWzBxcykkUTplMzA2US5RKz0hJWo4PTMqQ0R1XWs8Yyhw
UHRHVlA/S0RISE0xTDc7SnU8a0EyPFNxbGcnYVZbQD4uIic/MyxEJkM1QkJdRGhMLXNZR091P2RY
LiJ0Nl1KPFVIcFcyQkk3bG5vTVE9SU1zXFlmZ18vV0AlUmIzVj9nMTcnbXNoN10mR0VgUjpfKjdp
JTdaa0lpPF0sOjJUZW5uRltIZ0oiJTc/RkExSDhDKXRgK0pjJ3MkRSdoK1NzOWZPSDNYbzFWTzpf
JUEkcEVoVT9MRV02cDhVLVNqPGxdbUA3ITtfa2loTz9ENjJGWWJkSEtaaExmVXFwOENNOCI7OGBX
byFmPDs5QFBkVi1JPiwhISEjJFVtJVBKKzdbaEEnYD04M24vP1pEJUB1KyVvQUo2Y05FUWpQVUA7
Sj5GZ2spdDdYcikuQjlJP3E0KiYnYGROO2B1aGNHKjViUz01MzJTRGRJLzYnR2dtbnUobm9QX0wx
LnRGRz9PQiEiZ1EnUCFyRWU+byRXOVw5SzxtVGVBLmJAKEJLO1I1R2lfU0pEaUlsbCo5dG1mbUYx
ZnBiP0hRci1AcFlZS2c8ZDNrRFkpWF9zNWw2WW9EQksrRmhFZ0EyREtVM1ZgR0I2XStlRl5iKFQ9
MTUnUHMwRUghMVwsME9lciM9Qm5jJUtJQF9UQyo2KjImY01xUURCXz1RcFovLkYpUypmcXF0aShr
UD1pNVlIbz1NLHJDTHJGKW40VFk1VnVZXGhQKWxeUV4tXGoyNDldME8kYWRLZUtMLl40I2o1Uk4q
OWxlMD0qS1tELFo9J19FTDVhTSM+XmdsW18hJ0hDMzcvcyE7bGo8SmpIYGpAWjszbkktT2ZESSNE
IUkuPSZLJTpcIywnR2clSSEwbko2Q1o0UE9gZzpYOyU1MExSdSR1Szk5MFpKKSk9UVAhczYmczN0
cCZGTVxjSy88MVdtcWVDZzJeR11XcGxgP01vSiJII09kWzFYTWxOMjVcdSErXTFvZ0twMEU6XUxJ
cT1AYDM5TVdgSyxUREBBQSlpN2xzSThgOy1oUSQ3cS1qb15iRHAydCpWQi9cX1pPZzErTEZJKCdv
Rk5yTVApaCZxImU/UWcuMDx1RCcjXjQiRk5vbERROzs8QHBcbnUtKipTbCxuN2lickg9b0dgN1VX
WGgqUmNcJ0JzaDRfX2okMztbMnFNdVRRTERMbiI4NiIkPTRWJzxoIk5ZczNWcDg9cVZ1cWljUSVI
KlI6bmlDI1FeWiJ1cCQ7VDZKdERabzArQCZMSl08VEI2OzQqJ1s0NDlGJyIlcCpkRzZfUiomXFpP
WyRSKjdvcUNkak5jayEhIW1qb01IPVcvKDxBQzRIPD5GQF8xQlpxUEg8NT9GUzlLVUY5QXMwTUBW
TGNoPTdWO2w2MjM9cFhTcGpCZzg3UzpeT0xhdDh0OlJkK1Voa01tQUI3PDZYMDREaiUtWCxOcDNg
XEVAJmJJUmYjUiN1TD84KEZMOl9VUUdLcl5oJCdySj5nXTFUJz0nWm1JMl5WbihJLWthYCZ1I3Av
Nj5WJzZdJVJXOjMqYFNkQSVuXG8wailKUy81KlhzXDxuRzpQbjVHKW8lKVVTXVFcRXI2U15ZZSlB
Jm5JNW82Q3BfRkdsRDUlM0wuODshMERiT3FLYTY6TnMsTjYtMF8wUSMjaEdHRVpdKXJZWzNUYyQ6
NC85Wy8lYFhVR1tabjs3TF5zQDkzODs5P0p1UzBnQVBMcCoyYUEiaWtgdSx0dU8rYFBuTHI1ZEFU
MnJlKFtKJD5DKVA0M1A8ITVyPVUjJ1k3Pi5VTTFsWUBtLCtkKGdxWiFjPlVXQ2RNTUg9RFY+NGI0
QGFvISNiZHI6TGIhNShfR04sMHE8JDtNKSttTzNqVzllcyZDYWBKTFNwZGEqVWhdc00mKydNb3Uy
PDlwVzhzZCQ9LUZmYDtQSDVbYEVEYkRcPUsrWSw3b1I5VG0oRiE2RlhoSSdrRC8sKk4hLE9DOlpy
N0ljTGA8R10yJDxJViUrWG91Rm1GNVQoWDtLKDAlQkc/L0EpaUtOXEsuNGpqYlpwJFpwLydJPXBm
QCUzTlM6KlQnQUE+JWZcaUg2NidqUlZXRDJaMWszcUQ0SEQ8cGgzKDpaLzhOcnAlVjN0PTcyQT1P
VnI6X2Q/KyVyK19TV1w6YFJgR3A8NmVzL1NsLF44KXI9aFRsOHFOSmVYXC0mNkZycjctW2tZNlRJ
bHJhNGdrck5PWlZgPCFRUnFzcU1NSURILW9kOFljdURmZCZyZmdEXkJoOXAmMj0yMFJBKSwmMFVc
UEdGXW9AV2E5XkZiP0E8QHQhV1c0Jjk9Y08vLEYiPV4iQzA4TylTKzxrX2QxZVQiSyppRTtBQSJO
MVRXSERVUUhaPVdeMGg1MF5eMjNgSlIvcjZiPWNyTUBRQSE3LSRoNmBIN0NcQFw8PzArUkcmSWJI
czRpXzBwNzQxaW40V14nVW04aS5lIWUzZy0sNkFFW3U+Lm1BNFQ2UXQ7IT4lTydNbmRwO08jI1Er
XEM0LnFcS1RAWEsnWkYlRjgvdVs0K0NsSHQuYDg/Y2llP1xEOHAlMko3QmJFZixwaEcnclVdJHU5
YzMpNjlDKWFgLic9OT5ZOFpgLi4jQk4xOERNJCo7XF00Y0NNZmNuTCleMG5XUnFyVCk4dVtYITNk
XFInTGBOYUIxXlpOaFg5Tj8kLlJHRWdoamszOmFxOmFMJzwlQ0s4XF8lUVRtakg8JVBAXlc6XWRh
S1A+RUZnMCpcLDpPQChZcylFW1NVQS5fPnBoaTM+SWlSYUxOOSssJD1Za1h0OyxmaztTSmVlNDtv
Uyw5Pm8sNFRlOyphTklJbjk/LGdSbDA9QG43OWloVicvWSwhSkMjWHQ/PyhJc2E4TnBiO0ArbFFz
NXI2NVcvOjtyMi5lRDhYYUdVMHQhbGRLZHVrZCguX0NnXDZORiVsdU9JPmY5SVREM2RXIiU9WTFW
QzZLMUx1REEuWVErWVdUXnM5KkpIbC9UP3E1TWtNUlRGaGghZlhGPCxXWjkjOyZFRm4kOjMiOzxT
YjZtOmpZb19eODY/Vy8hKUxuYkxeNClBTC86S2JeSCFSK21ZWTcyKywjaiwhNGtxQ2pwckMqSCsq
M187KXRAaGJbRWprTTpLcTs0Z0JiXkhKUzpOMihnTDwrbG5NQFttcD5mX25eaXBeLWlCQkYmRlJh
byZQR040cTRnRTxxRHI+WVY0clsiLjsxLD5CbGQjczMmQlVKJl5la09nJ18tJFZvcSRoUGosWkBL
bT4jQlA9TjkiJ2VOcl01OSwnYUVfKy5XTjchM2gzIjpfW24+MW5EdDxaXm83XVA2UDNMR1JVaylU
Rm4rdTRYRT0sXC0mX0ZNZVlZJEtJVGpqT0NXLkxNUDo0KyplalBgZEgscVdNP1UoI0FGdFpxL0pm
XnRrZ1U5dDttUG9LPSZIZiRDR1RMNld0ay5yVS41MD5bSD5qXz86ViFmSlQtW2VHajkhXzJeSGRW
bGk8bFgrbSwkZT49ZG9nPl5yKDdUajQ/bydbR2p0aD4/RSJURDBVI2RSSzw9MSxDWFgjW0RgZ0on
PGpUOyloTyNjYGJfNVltTElkKHRqQzJMRTFbQCEmPixNVEk8Lyg6ZSxnZTE2OVQjLCZPNVg+Mik0
ZDJtb0M8LDc+InVTUG86LDxASnRyQi8vXFU7cEZXYm9wSTRjOVA2ZGlpXytDPlUycThgIVc9QFNb
NlVUO2w6WztOaDV1X2lXOG1GaiZaN2RKZ2IkO14zRVVGNTQpbS0ha1MyIjtaOk9KZGpNUVsjJStQ
ZSckc2lVNSgyZGw7SVpNQFZwMDRqUm9qKVhtMlM5Nk5oaypIbVstLmlSMys4Yi5aNiZeZkMuNXUj
cjRtNmpIWzVibytIajssMUVITXJKMCFtSS4uLmtaZHJgSkg4QCdaX2hhWClPV0kuKDpoUkleVC5n
ZUpcZj5rbCxZOW0ybD9eJEM3UG83OzlgVk0sIktsXjJSZyZFPGlPLVEtTVopP2k4MUBMO1JNTlRM
O2wyN0lvLUZKUDAvbyFEYzt1YXRcMlRRWiFiaSpnMSdaR1lkZU8wWGlyQzwiampEIjYhV2wvYDVb
WVw+U29TT2o5WyNZRickKmhWM2QvMjgiOztpVkcmLygjTkRGSmxxMkg3OjpTLDFKO11xVElrXmku
LDtIMzQtaWluNiouayErOnAhK1s/a1k6LFBET0BDLUdVXTE7QyljJV5TRUReUkJvJDonM0RyIUo8
J25uaURfYj9rV2I3bzo7RixWak9dNWdXYmw3PFc8U2VHUjQraGZSU0dEcm1EcCkpcjY0YkcrXCdZ
MjdXazQ7KlUsdWY1RWU1PUlxK2skLmE9UmVqYlhtb29jJ1pLM0RxOEZvaVQnbnJkbUFdOm5UdSpw
bGddP3FEVGlWcyhtaG1iVnBhPVw0ViE3Z1RyLGJZWHBELGglZzZ0Jz9DUykscHEsWlxvTCVHLz5i
bFAyYiEuWUs3PkdFLlk+b2BuRl5ma1FYLWxyb0lHZi5dXktBOSNJMTYmM2hoOmdTI2pKY2ZoJ0VN
SCdVay1sOmAoTz5vQGtyZjZcbS89NF0oTHFJZjMhRDtTZkMuZmBCM05kNmFgYTpBRFNKLidPSDI1
by9SNW9BXmFMbU8yJU5fPyFBVD9DcEBIRlAoVT1pRkdhTycibipbLCE4MXJFTFU6NSdoKik+MmUv
XTtgM1RxMkg8RkltIltRYTJTZlM/ZXQrX1dBSiZGM1lycFFoZ3NXO2EiQXAyLCtFaVF1bWNHPWxL
WCE2Q2hDZTJSc2ZtSm01cE0hWXFySVFzclldTydZZz9Ja20wazpdYGNrI20taS4jTWJFKW9VZTBy
RDA2Okc5K2c1P0k4UT9qVzQyVWVKVGJCXkY8VzU7NyE2c2wyNTpwW1xmIy0pZT1pQ1RxYy1eSidX
Y3VCU1VbY0lQNnM9a19nOiY4WVxeTmtTMiJQKUdZcSdYTyk+ayNAXWNHN05vJGdkaUdgJ08yQlpI
b201RT0jPD8wLjFRZWdMaj02J2k5cztJSSM0Vk51SGskTzE3OkFIWjRbQzRrQTBkWnAqKDlLSiE8
PCwkYFYsMHVPbGVgM0s7XCI6VmZJYkQ7Tj9GM0JCKmhnR1FBODJVKW1CRlhrNW86P0glR28jYkRd
Zyk2MV9nRjhvN0FjOVA1YCYvLXRrJk4pIjQnO2EoOCZeUEJZJGRoQT4uKENVZXE0KlFMPTBEJ0Ja
Li9BYjwqYTxzMyU3PnM1YSw3TUpQSyZeVzVTcTVhbmxjITVgMVdtQ3RKOGMzU2N0TydMZmV1VSJc
bigqMUg7KjRkQF9JXktSXmE7b3VdVjgjKDttb0syRU9STTVvKiEoOGRcZ1AiV04hV1c1KSg3UWgz
aTtUMjZHZkE5cylOITFIZm5lZzk+TWlGPC4jTmJMQ0NkNHAwW2NLTzNXQltYbiYzYzxdUkxOLzFK
ZWNWQ10kUEcoXGxEX0gqam9IYlN1NG1VOEkiXW4oYlJjRVxpZjk6JmowPjZITilNTyciOj1KIyJP
MGMoSXVMcWVDKmonIismKlBMTz9CZSNDbSI7QTtpYloiJFJMZ2cmbytqYC5pJSxWN2NTTURiLk83
MGNrZ29HckAlMEM2PEQtaWgmK2ZdP0ohS0c0T2ghM2Q2Li51R3FSU0BFPURHPnJLRUtqND5JJzVC
TGtbPDJhPC9VSjFUPlNWQUhqQkZzS2ZBYVssOyNkbSZrOyxCKUNxWlBrWVhFOlpxSlo0LDgxbjBX
Lm8qV1c3WUhZblo9SiQqSktOL0dVJ2dbREZFdVUzOklhV2g8MlFbMkptTTx1Nl1PPDgsN1JqPWdV
SWhRZVxhRjpuWnUnWF9cLnVGSW81USImPSo2JUwhODRCOShQT0MvUFkxI0BHXzVXITxCUHFRZkFU
JWFVZUZQSjxmPlokK0NbUy5aMEE8JlJcIiE4I1duOEE9alROWF4nMClFOmEyTSdMYzpoY0wzbWRA
IihPIVU9cFlvS1lpaiVdYnI+WE5nSWA5P0F1LTorJjNgPlVcSj4+SE5vLlxVLV1cOGpgJXIrSG4h
bidmOHJtJ2teKUhNXD9iXlJEZid0Jm9TVEJqLS4tRHVIbm00NGByJG4iXWY8Jiw3QHM9cD1wPmAl
W28pS1plPVJGTCdgMUQlcGo9Y2RxJVBzJyxrLUI7RzxvKCtKLjsjaG83Uj5LISs6TionaCplQWo0
LmwpcmY4VzE+Z2RHKG1dLmovRmMvX3IuMTRzME9eXSEtPjdvQzxeKitlZlo0Z186MGNxOlhOQ0Zo
bE1cUHVSNTo7ZUFKNUIqaix1R0B0MFcxTi8tUjEnSj9PV15yQFEhZCZnSlgnO0ZwZGwhNkZSXTdI
QSN1K2EwK0tHVSUkUzplZ1pMLTdOb0lPT1EhdDxwPDdaIl1rQlY3SCxAKXNURERgSlU2NUBRQ2lG
KWInRUROLjEoT2BPITw8KyVAPDRtLVZgIUdsXWs7ZGpbcFwtZDJWLVliXUFMIU9uLS0wSiRBXDJu
SkplQSZVPiM5SSksaSFdRSw2N1hbXzU0LWNLPFVmOUlLI19gO2VvaDBiWiRvLll0VW9xPDhhQkNy
WzJ1LzYyWm5IL3RiODhqI05UUDY8aEBYSVRGK1U+UkBDVHVNISQtQ0omWF8rKkI/M05tUl9AXlBb
K1s2WE5VTywsMTJvPDN1XVtGcT5INGU7IyY9VzNcXW84Qm1ONihmVitea1FDcmtyJyVQITVKcjIu
dUdyT1gnJTtiUl9CbiJaRzs+YjpFM0hzSkBZbyJkJiYzTjgpdW9EaTxYYzw3SDpqdU4ibmVRLm5F
SFpQN0wuJFgoVFo6TlxbZE8uWi06LmRacnVDQE1aMENkKGk1JmI7ay8paU85Jjc+WiZTOlZnbnQ/
ZDBdVzU/Vl90TmMkTEhCNnFEPkNjOG5DJm9SWmRONEtERWw4YWRIWk0tKFxXSVkxPHIrJC9fJVw0
alMiKC0+QS1NU2RaXCk1PitQISM7KXJjb1g7aCEuXTRFPiM+aSQuP1ooLS9LdV8hX2F0X0tXR11O
ajFiJmswbCxcYkwsIUhPKThBR1Mra14/bFphJkdwLypKcEBYNHI9bURkU11wXVJGX2BbYEFgdFVg
MTVLU2tfYHVGPzpwWGFSRUlXRyRFNjMsUytBclElPnIiNUVJLWZPXElmXEsoVWJgVCpzZDRDPFtg
amJgZTxzaGwzUkY5NFw+ISxkUF1JPzljZmtfTXErRDdnYTFKMy45P0tnWWEuVVFHU1ZmPkt0ZUIn
QTQ1NEJnWS5EbyEuXiNdcmhzZEtaJ2g+QmhoVEdzNWZPUyZyLF9UTj1fRDg5VzMrJ1g3Ji1LXENQ
WmR1N250OCxndHE3X0hwaChQWjtfUDM4ISo9LTVtLDE1S0FeZXE6K2daTVJBK1pnLUNOMk9udGlX
Rk1GSXNPN1tycXBaTz8lblpWPUIqLU9rcmIpaF89UVcuPU9pNWwpcS5MdEdfRShYIS5TZEhjZmhC
bkVQWElpVEcrL1wyWCkkZWEsVWhwI1piZ2FKK2gyXSFrVjdDaCpdWlojbUVhUSRJdTM5bS5AISEk
Q0EySENPTmhnOE9OY2htTVpKWCtvQlg+PGFlXlRHTG83Ji1MNz5ZY0slQ2E0MC00M2dzVkJUOGpf
YVNaJiZhJi1ePWMiWi1zKCxAUCwuMTR0S2tdRFBoXVtSPVo4KTxzPktvXjosMWJac2ZJJE9tPVpt
XmZUTG4nRzU8KTsiR0JXRWkybkNHSSJMKSNTVE5BMlBvbEhWYEg/dV1WO29JWEt0XkVWIWRlXTxw
NTw3XTBhOl9aKGYzLDlNQiEkREMnPmpcMTBkZ2xFWUoyUHRdOyo2PUFqbHRwJS1lKywkWzhfWF1Y
JTkqWmw6Lmo/WC5uTzwrWGQvamE+bC5Pbk1GaTNJVk9pMWNWUkl1ZVUzPmJBb2U6TF8nJXNBZUJL
QjQxNz1qYjMicWsubFpNOF1Qc0dvPW41M0pqXTMjJ1hwNjc4JVxqISNkOzNdY1c+InEsU0lURU10
KW85Tm1BJVg+Wk1TX2pocjJSTTEyPD9MKzIuQVpEYDxEKiVZXSNDW1tnXkdMQSI9Lzw3Rj9uUjlB
NiREITpVMFA8O3U+RypXUTFqJltrW1JFSTRoJWwiczZTT3JRbHUiQihuXldZJyRuWD0vTmVOXWsn
W1ROXGhVJCktO04uYDIzJy5MTkBma2I1NExsOyxmSWE+P1loLiZ1VydWZk5mczI1XklZa2I2ZGxM
YmJSYzxYY2BzXGohI2Q7N05BOz9iSDVEWCotaD9LWXRnT2U+dCY8Q0M1VyJvdWRdP3I5O2xwZiRv
YFo3V2tGUEVmPDhdbFdZX0RsX0k/Kk1MS3JJMlE3JmEpJkM5UCleU0FSISEhIyNfNyM2XElMaUp0
SDRzOEE3Nz5IRW9kLlQqZCYoNl4yKE9SJFJ1cGAoV3BdUlMwZzkraURmZCswVyRudD03IiYzZS1R
YF1zQTtbKkVQJVRDMExXXmQsY2RXbWNGS1I2PT9fI0g6JilAYipQJFRRMjc4XCI9Y2o3YW5WWmNz
cSQsbXRZW1NCXEU5ZklPJzNpKmo5LlovUEtQTj10V10qWUkiNyZFOiErXWY/ZkpVQE1JJDM2YTk1
NiJPOFxlIm9DT0ovblxVLFxVZmxCJSRDcyV0UWI8Z1ZBRGY3RldOQ2J1L14xYjRHX2ErdEY5UFlm
SWJrJk85SFFJczFPIz1DcFdpJCUqSU49MytoJk1jY2VMc0JVW0EsLm91cm1UN21dQk1KWipJIjEi
bExRbTQpcGtOM0VaW1tINTtuZy4waUB0UDshXmthbFApZEpJdGBkPUFeXlNPXjRDW08sRGdmPylC
clZCb0g/K1FFXlsmWUkvaSw3NVolTF0ndFM0ZmQicEVWISEkJi4+PUdnOnFPPSlWO0RmWzA/Ki0k
RWZ1JDhtP3BxVyRrayV0bi0kNTc+NkkzQlluVmt1blBbdT0zNzhYUENGPD81RFslbjlYNzhcLmkz
Z2dMNEJBQ1owTCFLTC9kWUw9OU5fPDQjbHMmO0YpcGtOMzFCISlIX2FWWFhtNktvR3IlcTx0QTgs
J1lgPDZeQnBwMyEwcnE5SFE3LEhgbyxjOC1xUVVUb1FfQSgiSCtdZkBIPTdSR0xpPlc3LD9TRlAw
aGlNMV4hISEjYlljNEBBZlQzalNEbTUrXSVyMyUiV0JxNW48XClsPTc5UlFlLGpxbXRFbTZqWmVx
aEVzVmZnV0AkS2kyZz1HIzdqTytkUVg3RjtMJnBEI0loMUNeYjtVQV5UTis5J0dsJnBoKFFma0JY
VDFiJmswMT9jaTQ7MElnNDE8Z0k+XWMqMSxRVz9RNmhFZShQKDIxOTNTNkEjZ11DPil1T3VBJT1T
VztVZjdyRmg6RV5gamchJDtdLiFXX0cnKkg7PiRgclo3ViRDYE4mWGxVR1VvTkp0KzJLSEZDYiVW
dDJubSwkaFtVS14iJ25wOi1VbV5zRydsLkRCLCkjPlNETyokc2xrRG4+P2RbYyRNYlY9NjYzKi5C
PUdvcjokZXVXL0FlMzl1ajYzaEozdC1GbTFfQDZbXGNJZUpKb2VTVWZOaFFQZDZkZFY2RDVWNTta
PitFLi9Ya2dMUl1FTjFTI1c6cT5RPEVAMFQiMmZrMk5FQFs/MSgyYmpqblU/SGxsJWcsNiQhLUMz
b10pbWlrISEkJ1A8KUk9U2JcS04vTlFPXiNPbFJCXCxMY0R1YiNZVDBdOyI0JStROjIkSVNlZ3Fh
PUkkcy1mJUYkPTBZWzxyajB1L1M6ZTVqYSRLY19VMWVRUloqLUNYTkBFRVpjIzpaJjhmczU9XidF
cXErMW1ORCFOaDZyREFqLnM8W0E/dG4mRzxicTVHRmM9cXNMIWEkTiFEVSsmazonVmRoXVJyYlBm
Oy4waGY9XSs0XSVaVlk6XFk+SW1MSFB0RVRMSlYyM1JnVjEhISdlUW9MRlFSTWVzMEkxVTxaLi5l
clg5MV9RYzpFSV4nMDxGNzdbWW1NdXE3Qm02QSU9YkVWJVBQPEJfVyE9c1dHZnFPbGtEbDtGUXBr
YldDVDJnIVhLSy9mJmFzYkosW0RAPlo2ZV46T0lBXytqNEJRbDhJQTU4SVtyaFptYz5mbTsmSExL
WGxzVUZwTVtPckRXYUVXW05mLENIa0coUy1DLUA0O1M5bEMzQ1NiV3QuR1FGSWxKRC5naUtJND1D
TzpUVmZzRzpfV20wWVRpbklFKm9sMFUwczNVcE0zMkJCOjZnVmNLMmM3VlNKISZNU2FRQ1AoPiNU
LjolKTRGaSovLz8pLHA0Y0tsNjZRJzpFNlFFcSVjVVRRIzg+PXE2JipsJyhERyIxTSRuVSheVUc2
QnFtbDxaaF5cPW1AIjk6TVkwI1FyJDVoWzdLUUZUbWNNLDYnSlM8UmRmbUVaPDlcclo2S2lubVNk
MitdSHFHa15hZiokPydbLUY5RUo7J2gsVSRUSTllalNqbidDR2hhKThKLi4vYSdoKWFuPWcqXzw9
MVtYdUAhKDc3Q1VBWypsYGBdUWZNdDBNNjIrRSlDZ1FMX1lhPmtsYkxPQyc7Ok4uL05iLCo8ZmBX
ViIudUoqKkM3RHRqTlBMY28qYTEwZjZnUm1kOSdHZHByYUJeQDlhWmw7SnQlQnRJIz8oPlQ1aFJs
VilhQkc8Im9lJSQ1SlJsU0NfJUksJUtOLlNxTVJSNC9ANysyK00tOSdWTD1tW1IuTjA0LywjPCEh
IzE0Mm9rTGkhISRoK3JoIi46WiYsNE1UR0NfJ09JUmhkIVxsRlBPLmNDQ09ZLF8yTF9ZZiFGMipg
WzEhS0M0PTZxK0ZMZC4hcC1UYWNFb0lXK2kkMW86Yjh1TzRzSnMuS1ozPksvIiYhNlIpSigsI0M1
U2tQN0lJYWJQcVFlZnBYYnJrLSgiJHBvRXI+V2diOSNcRitgMy0oWC5vQy5XITY5bj9RPXVfckg7
VyIvS1RiISRTQlVHM2VBWjZVJ1JCSjBCVV9kKF84IyUhMi0xVCQ8b3RbIjk5UVNANjZvP241aGUz
MmErV04kPTsySlJeIlRhUStnWFkzQ3B0KTdIJCEsI3FeSioiMURPUDNDODlFXlNMaFE6L1NBY1NB
VFckIkJ1W0kyKzxYV1o2W2xNTmJbNDQuXGMvVW9QYHNCOy9lU3JGL1o1KD9kaXF1QmlQbEhCWj8j
XnBlTkU0K0ZCPEU8XFNaIVMiYzhyUFJtYW5xSTFmdEEpNDNiJDpoOllmVkBdZHE2dSdbYz1BQC9V
KyJrbmBnNjJfRlxBKkU6X1dtcDk5RDRINDksP10pZjJFIzUnQSlBXWg6V0krTTx1PXEmKCZpZ2wr
MSQtLlhJT2EyV3FVQ3I1WW5IOzBDRmYyJVoqPk02OFsnS21hUHEnP15NPTlxYCgnWz9qZVRyN1NW
Mm5tN1Y7L2ZkIjRtN2hoZSQtTDdqWjhCXW9PVypPPE9GLFYnYTZONzEmU0hlbUtlcVpdMUJqOk08
ZG1mXUpgM0BjZmo2IVZoWGlvMTw6ZTxvTTU8UFZpWiVuQT9PU1E+YyEhIk1VOiYlaEE1bHNjL2k8
PDxrblRmOSo1azMhNzZwSjE0IjZZISEnZVFDbzhcUWUmVXBxaTRMRVFDU2EzRixNXWY8PTxnalVO
TT4/OWQpNWZkRW8/M2wxcXBgTW9KXFFwaUBuKGBRQ21ETy1uMWprLiNLVmM3VyFwZjtodWpPJkZo
PTZQQ28rKzNsbiY9L0ZjIjprc2stMVhdXE1DNjNcPl8pLThXZ0hKc2JuZSg0Li9CTiNVTk4rXTVA
MURCW0kxb0F1IlY5VEdfNCtiYy42WE5hRzwkNyZCRW5mMmcvU05yNWEpUG11Nm1OVUJKPiojRD4m
b1hLYVRETUNZZWFxL2lvPE4pQktKMi4jQGldPD5xWDopM2NFRiwiVChiXV8oJW1pWFtjWFowIjhf
dEYuRnRzckc3U1siX05ZLyIrPlJCbzAiZidqWVZRO01ZQ18/X1MxOVg8PWInYlQyUzpsMEVlR1Ml
IipdTUpZXyZDZmA6LihPSz1XJnA3cE1UZSNYcmkrV0NPanMoOT0kLmUtSURvYl01QGEoblRmTWhQ
KV9xWDtbOURNZ2pITk4mZjcoZjxsMVQ2I2M5R2NYUjQjcFZxSypCWmxZVG4vc2NJViFddStjN0sm
XzpCVkJsb0srVmItU0dtISg/bmdbLmsmV2JRQGhGWVRgaChFKm9sJFUnVSRUbig8TjZZMCtLcixJ
JW9JKDdCOio+ZWtlJDtRcm5ub0w8OkFLZUw1QFgrITxZSF81UEVLcGVbVm5zYS9APy5jYUhVNUQ6
XUxUJVAnRWNXYGknXCpLMjhfNDFyYFkzKj4zXkclSWQlVnFZJiJrLVYqVDlIQ0puQEkxZ2A8WWlK
LiQpPDVeNTZdTztPcnNQRzMiU2M7XWxvLixvOSZgPzUwTjZXRXRwbDpKWUBZSCZcLDEzVjczNEoq
Ml4wZyZFcVlmUVNiSVhwKj1May5ELzpJLmhYISVmZmZna01XWCEhIl5pQXI+Uy1fckVIXXFfOlBh
Yi1CXCxpPEhXXEtHOkxkJ2AjMF45cUIzUmtVLjhoUXRNOihzLVk8blNDOGBuXz5BdCYhYDlbI2Ay
SHU4SDBZckJFcjcqR09UL2EzOTRkWUdpP0QvXG5TL1hGU1p0T2YxJjE4Lm9OQnAqLmdpSEE4Jlkk
UW5xVyRBTj1rI3BwNi1vVFszdUI7KVlccEUua0p1ImpWVEg/K1IrRiEiTGJoIWNJRVltRjstZG4x
ay1wZSJZJFZbUlFaPCg3MCpCSGBOSVo5ODkiazchJGM8Vy1rPE1wbWslKGwydEVQOzMlNihoNmVL
XzomYUwsN0xXMyw8PUBRPWhrWWchS111PSc/Lj5uJUUsXChPVTRxblhWNGM2ZkwhQDo+QFBWLSVC
RzVLKks6NSdpXFBNVFBLaCsval87Q0J1TyxrNGNAL1xUaGdOXHBaWEg3KmglTVBCVDMsakVJI3E6
TjEsTk1qKV0ualNGPz1xbFw2PUpQYFpAPCYwZlR0XjpSZSVfay49JykzWEZgYWM9Jy5GOWxRLlEj
R0kuSyhdQDNwb0NrO1AjYl5ZNk5qaVdfZ1AhNEpgUyk5ZCJMISEhIU4ySCg7K01fTnBNcSFqWl9P
Y1JhKWszQihVUFBtJExZdTRIayZtKm9lUydjOUVfS05uWCYqUFooJlJUIkUtamhTa04yNl5SOmUz
aGM3SnIsU2xXOjVvW3JxXz1dNUptZ2ozXTVlMEB0RjtGXUBtdGwmN2VfOl0rIlBVPWI/YG9fa1RY
PCMhJjZPbHVtZS9TLUdcQkRoL1NMVjA/TTswXFpEKi03anQ9aGBwT0w0LzxbUz9vQj1EMDJxOidF
ci05XkpvcEBtMCErKEtMISUuWG4+YUFNWVozLy4rQThkITxDVis0cV5CVSxtKyxJOnIkXCNpXm1M
My1naCo5T3VGI18rPylBLF47SlVMSmU5TEo3M3VMNiQwVUBuQlw8aEtcdW5qJyc0NTRHLiNLUjxO
Lms6Lk8mUVpaVG9YVGtyNWsvXE9EbSY8O0dwRWpaZkI0NmVRNnNdbCUxMTtlI0ZmU1UqRUI+NzpI
MzJpWVRpTVEhO09cKV82VzgmVlJQPyQ5cXNlKmUtbEdNclYsS1JKT25GU2daaFs3SGBxQ0JpbHA1
cERiS0s6LXE7TClgY1RMNjw0dTUubiE1W11mXkdXTjcyRmI/W0Y4b011dUtMITddTlQnbEVxZSI5
OEdLN2FhVF9EMiFEVWRDXFhxRHJNV15EXjc+NjZaLUVjcCJAWVg4aFs7RidIWDMqN3EsJlg5ITBV
OTYkLF0/OU1sTC5MKDZaMDcmQyw8NVNTbycjcEMsOm9NRVVDMCUqMW84Im8+Iic6TlFvJW82N3Ff
Nz87YGx1ZD9fZmVyTDJEazA/XiE9YXEnXFdPKjYmaSE/dEU6MUUlRkZtUnUuNW9aUDR1dWIoVzE5
YCpyPnM5WEdsKixAbDQ2OVs2bSlCNDpaJFU2cVhiZGZFUmcxYTskZVttJVoxO2ZXMltFUSZtVmFE
ISs4MUIhVENJck1nUTUiKS9eTzhobj4uMlAwQHMjKWZSWitoTVJTI1dANTlCYUZUYD5yXEJyV2Zv
O3RxbiE/SUxaQjpraDNvP0k9VS5BSDA6YiZDNnEzdD5FOURnMXBIIk0sNTs6Rko7ZG9CNyk6LjVX
cGg8UTRfQkNIO2ZYZ01pRzFhbjZvJFxeKCgna0ZgVWxqPmpBQilZbFQhWE8zIk1MbUMqWEdMdCUs
bWUwSURUc1w9JWFBdCVeYy1IWS5DbycyLnAwKWRaUVhab0cjZ2sqISEibVEoNS49NyEhJU5ZW1Nt
a3A5YzxkZTwnUG88MTRpcVBYVzRcOlJJbVNzPiIpPF5QXihNTWcxLVBfYypeXT1pTFJKaVxXR0Zx
Lj5qdGM6aSpYM09XPG9YamZAIjo/OVdrLUxfc0FkbEFiQmUpSVpgUG9ONXVPM24xQWdrbyZmRFpg
ZjNSJC5fbj1XTyJwOS1TWjBcOFY8YjlHWHE3IlxLcj9jb2BSJkxmbnVbQ1YwYG87QllLMF1jRyJx
TDVwRTY0VkJobGFoWWArRC9vUzQ5N2ZOdXEnRUNCbVRoMC9mOyNnVTMjMjpTYVxBYGFHaD1uNDlf
SDhmckxSZiU/cUIlQ2xYTVw0MU9lal9qVkFybVpVLyZFZSJtPEhmTTNnN1o3OFskYS4lNjswS2Bq
ZUBgMTZVTnJmWCs5az11IURWM29ob15YXDdIVilJTSFESklANi1oWDU/KkxyL2MtaytiITYmXWBn
OVFIS29UXl1yPU0nSW9fN0ljQUJGLjs2U2BRVWBZIWQ/KzguL1pacjgrRGM1WDcjWyc+NUpGVHBC
QDk+X0lxbF5aP0leMWghdEc2ITxDWDEqV0AlcWByWjdWIzI6U2FVZyNDImlgZmltXUkuISlQKXJv
MCUkIWZZPD44XVcuJj03Vyg1cCFhXzg6LS1vRElmZmJTM0w+Nz9YbmUtWT1cLTsmJXNzOSVCa0dW
dFNfQmIwRU1vcHI7X0liW0RwQVJAU2BfRVtRVkJNPyFVRislYW5oOFsxYF5FNkZAYVo1WygjV3E4
KDckSSJVTTk7WWMpXjtjcl4ldDlVaVtsKjElSV5iQTk0NVY4RS5ZYkpgOVVXRz8xWzVJXSdpdGA+
J15vWmJbKz1UNCpZXGJYQkhUZ1s4Il83MSErODFCSWM3X0UkVXFvJzImWTlHYjJgMi1aKThhJWks
bTBpWis2dTsnTnNsSjJ1VFIhYmouKSE/Qi42Jm5TVnA4Li9gNCJgbVU8Jy1tVHBtaW0jaVcoVmVb
WChedCtTRydMMTtAPEJNXUJOZV83Xz9baCYxbFBuL1U/ST0rQWstYm5ZQDRvWGtVdDRibmZrY0FX
K0klME0xWToqKz8sSkQwMl84Pm08VEc6WCYvVUsuOUxdLF1hdVxBL11BR2wndV9gI3A/JyFpNzAq
QixhTzlZaS1qZnFTZk8yPFMkRC1dXElyIzZcclhHNzZyaCJucyk2azpcYXFqU1ZbQSovWExMXlI4
ZGIxXW9oVlghUUtEUzRVRmooT2dTZipdckhxWDhoPXA3O2tLVUZxKmxpblZnRGomRlosQU80TzUs
PVBBPHJqNCNAa1lybHJNImohRlVNNSFNUyouKWxQSWdcNDUjPVAvR14xMi5lSlVtZ008TUwpVmop
Ryl1ZkFEJEQySXFYNjxmQjw/XnEpKFsybGw8MVxhbjdCQG4wKiFcbjUhI2s/QUomTz45OCxyWTJH
aD5ua1hIZV1wVz1kSC87PVsxL0ckbnQkWTUyLkQsTSQ7MlUyWSNEKiwzXUchRVNmRm5FUF9FT3Qr
Wmk3NWN1NjJwWl1DPldTbTguI05oY1ZINTlhNlZZIlEla1ZOY1EwaTdVcExWbGo9USIzMkQnSEom
ckQ5VW8nXGlpMHFRbFZnbGN0S0Q6Zi4hP2RNUSRXTVNeM2JxOEcmQ2dIdU4oR0lORkdgXjpFaCZZ
OU1PNkZpYDsqX0VwQCdcYVI5N0RVUFo3MCpCLEUsQyUpJ0VuSTpDcDwkI1ZsK0FLaFlEMklhckMu
IShEXUxrRzVILDIlb3QxZmM1WkcvckEyM3FiJzFrJFZxXCUkMS9lbkRkU3FAJiheQktoVWwmVz9w
aTpgMmo+aVkjY0JhXk9KQ1s7ajkmQ0dVazpzPyNWb0BqdTFnNmUqM286VVFMWDVJU11VKjJMVWk3
VyZQa29RIi51S2lJS3FcZmZAZ0I1Pm0pJU1GJEJoRi8zSFZEZkhyJTluPW5lWG1xMGtQNS48N2oz
NHFcUDUhNzliKnJyYTZFJWZjU3A0MTgqJnIsQEM3NTNGX2hAbydePUIlIS5cQD1yOXU/O1lZXE9f
aSUoNCVcPCJxRW9NdGBALEYoQXI9SD5XKzdJWChuUDl1MFQmMzsnZ3JoR0khZCQhOWFYKyFEWFlV
O0lGN2tiY0pBREhaSTtoZVhBXWgwT2FKIiY9LzZvJUgxKSM3Jm1xKydjcWw2TUc1aGg6VmcuNFhw
RGJFJCttR01LSDdYKz1TWkJpOlBYMWZpK0ckWTRAIlR0ay51R0c6SzsmPkdITC9DMUJVM1FMISEj
OC9NPk10XE1OJj1obnBHM0gxTkhgdEBab01QV148L1tKOkxEcGFXJUpsIyldLzwvWztrLTc/WS5G
KVVJW2cyTis8UTlNb2NCLSJAaDQwYE1CNWg0bnEnKU4hLCU+KyklWzlOKjg5bHBQcXA4cUpaKylT
X1FQbHBUWl1RJjxFclNhKiFYUDR1Wyc/QWd1MUEoRzNwNzU4LzpmO1MsLVNQQnFeWHBsU1NfXD9S
c3FBaG9jLlY8QklIcjJtclMzU0Y0LyQ5U3NVMWVfNSVnLDYkITdZISMmXTRcTiEzZFNjWUFkUkpP
ZU9oVTBKXGA8XW1LPD4/QiZIbi4vWiRXP2xCazFNVlJFOFhAJi9ZRFAvYDhsO0JGY15lUmFLUGAw
L1RiPXEsJTdEXCo+TT5ZU0cqLzFNVTBNJ1g8NTRmL2JGYlM1LSg8TT8yKW1FQD9FKHMvOVUhYCdO
NzVqMSQ7K1EwbVNPQk0sUztpQExEbVwpLGNSKTsuXTdybEFuXTk7VmxjJyRkYTJRKmRhSCVvJTk5
SjdEamJyJFU4cyhXXS5iZUJtIVdZJlJJKGFDJjBFRDA4blpdIWUjYkInKWBpJkRnLEIiaywwYEMk
RjRIbmxkPTlTZHFfOUdMKF0tWi1xPWA4XClXKitDaE1QP08iK1A6TGJUc1prbVU5TytfZl5zb2k1
PidwSmgtQ1kiR1tzUzdePVxdOl1vQWRGO0UmIWtVKnRGbiooMDk3MXJFUzssSm41PyFtRm4yLWwl
R0Fma1dwclg1aG9eTy5sTUNBLkUmYS5TTSUsNkhhPGEzRFhwJydMWjIsY0Y6XVYsJCxJSTxxJTFy
OyNnU1JJWiooUiEhISFNWWM0QTRrSDw3TUFrXyJIQixWOG1BLC8tVHJARzBMJ2BGLVNIX0wlbTlv
PjFDZmdZTW8sV2VGbHJ0LjtYPD1JbzNFSGpwZzNNV0tlVTZjSEtlT0ZSL0RKQjQ7Xj1aRlVvIjRG
MVB1PVhAWVluPi8qSzVfWTYhWmUxKS4sQzhycGBmNyRISFNwUXNoX0MrYEImZl1MLFRDLHNQOjBV
ZWFJJGVFTlQwLFk6azFeZXFCLTNHXFsjRV5jKy0iczY0YyJUU05eMCVYVylSTEs1cylmMlEnYzUn
ZlReMG9rZEdwPUNMMSMvUydIVzhqWDI2XW1rZWMmJWxdN19fOUhRI2czY2gnIkRjVkA+OnJzJ1Jm
Yzc3bWIrVFNQaztURydGWzhROWEyM2QwLD49L0EuZzpmI2lfSUlDVTtbJzclJ19ZTyc0WmNKXk4t
NjRZciNAOlYlXSxvKGhhO1R1PjJMJU9lYzg5anEpSE9MPjVqSHFMIXBsJlxLa0dzISEiXi9uUjJx
T0huNTZ0OVgoWG5cRCpSSk8kZ0hAbmpdQE4xWWVlSTRkI1tvWVlaI1Q4LlpoK1U1XD5SXTFrYTpB
ckIocTQlMyJBRWFvI1lJSWFXU0o2KkdGYjdVZkRycFtdWytBcllDUmEoazQ2Kyk7KXAxWCkhcmQj
c2IpQVpHUy4oSUs3W10nX3FaKTo0NmpFREUvUj9zZ04nVjxXTVk+bSQmM08hQENcMHJmWk1YSEJU
OyYha2VWOHNBVGY6UGg9NzAqRDxBSCkqV0tUPzk6Si1oJ1pLWSosRCdMaChwTDo5QSYqNlx0c3FE
I0EqTEFgWy06X19db0xjW3VaY24mbGFCPjVUKElxNWcqXmVSYEA/QStAIyguMl9dOi5cPCVtMTpA
SnJVJzBVYVdYOVk2MlByNyMnRjhtcUU3OmQzMjolQGBgYmdpM1gqWDpvIUZuTm9xLjJsWykoYTNV
Zi51MTlrXCNdbiYlcGZjK1Q6JyItYzhqJCQvUF81NGh1VFdaRC0/QCkyKl85K1g5JiEhIkB1PGAv
QVxrWDRkcmtvVktxLGJbN2QsTlR0JTU/NWlvOzVGIUxWQE5BbGlSQ3E3UlkyUlg6MFIlJz9DW1Jc
YT4hYDpiSVxoVkBqKyonOzw0PSNnKVpfYVhmOHNIYiVeaUUnQyo6a04tZys0WVYvKFwiNGV0MGE0
ZmIhXjhcIV1ORVNBbFpwY2NtTUJfNXI9US50a0djcUNRM2FRPTYwUURlSTg/UXIpTyskL0ppaT9X
YC1qLyonITVOVUJjLUY4dSEhISEtOERHZlA8R1xOXDZMJFM7XUQiMEhLczxDcEA/TGMuQVhILztn
MHBeKEkiK0ZjTjJgM0BDOjcsb2IiP0pfK1c4b10kRl5NblxMJkMrIT1GXjlDW3FUXylrcVk5YWVM
ck9jJmhZS0k7dGVXJVZdO1FGYV9QXTdEWk8tY0pkTyxIcFI+bCdgTDVQYitea2RVKyNfIyZCaD4q
W2RYLDViS2ZMJWQtSDA4W1A7RU9KRS1bNFVoM202RiUsJk40aENlciVmY1NgaSotIjNrIi1RbiEh
IiN0PFlVW1trWT1KbjtJQzlbYiJoZSNvMm4rOjEtXGRdNnJAblxpZkdMOjklPTMkSnFRUiVMdWow
dUcpQ21QLz1EVVdhaT9eSj87XXByKjBOayxqJk1YXUMuZ0lPSVxjQ2lpdGBvQj9IYSxLcUFdVCtf
NiQuVGg9KDkzcVZxN1lLZy1DSz1kNWReJ19SLmRNRV1GZTxCRTxbPkJSVDBwaTdjblk1O0BCTlNk
YFRpZywvJ1UwbmY8IVdYdGdjQldURG5jL1hpJSdbIjI4QFtUdW5FLz0zQSoiLlhVOmdkL1JHVkIp
LWptXW9hR1Rlc1k+U14pPjUwPzFcRTJDIUw1STFpLFY4N1ovWjQwKC4uJ2xOcTlkOFJwW0FFLDtD
VjtUYnQnUlBcaEQ+ViZhPUQ0I0JiSFRLcWRkWz8wanIsVlVRRWspQG5tUEJJIyZyaVI7LV5wOGwk
T1pbQ1JRYDBdTDhoSkstVFxELm5zZy1gaWonXXNgViEhJF1LWjBXNXNFPGNJRCc1WGB1cF5cWGxh
W2lCRVU2aUArbmdLT0VKI2tSWGZJMlgkTWlgbj9EYFxrRWI8QjIraiZMIkZNcGAiSzdDR1NJM1NV
KjNPVWpvJTc3SC9yLSg1VzduRzJqaDZSaChcTkxuYWk3RDFfRE5RLyR0OUBHU3M8dG1aPSwrVV5a
QSxKSDpyWSw5VWRGYmBdUShmWz5iUWlYOl9XQWUtRy41RjM2cihgO1BLKTI1N29LUzwhXyEraVQq
PXItZiJMNUkhISFqRENJUSdgQCRpTD5mTTdDV29SLUtEYV1SPjFMLCM4JDJOI0I1UmgyQz9aLFlC
Rik9dFhMbz0kOXE6ZjJJdTdKQC9nZUlranNNa1pyTTA2SV5ZSSZWYGo+TTNVNVApRVpoNWhkKT5G
PiU2aDJmM1s8bFAwVHQjTFxJJUwtZ1BEYSNfNDNnKmVhIi5SaGI9UiZZK2xnKStyLU9hUGFYOjJJ
SEJkaixiKmw2OXNQVU9dJz1KQm46JkpSdHA0bixOSTBUSGtAVShjRz4tLypLb2tASWExKFBEZVU3
Rio6Im1XV1kmSiFdR3AmcUAlZWNkPDRHUWoqVmkyQm5yQ1ZFMm5QXkRbRm5SQCI6VUE7L2Y6Wjpf
Qk9pSkRJPWJxUTAoJzZjdVBrZU80bWhKImokOCFXdG09IiVlQF5Zc083XmkmU2g7WScpU0tTNFpX
cVlEQ2Q1SVA/NnFvNUZvR2E2Oy9WRWZqX29YUFUvZS1qZnRMNE5LTmFFaV11VSEnaSVtPHRtcVVM
R15uZSRGO3I5M2dRSE8yZEFtJlhZPFdlZ2ReP0JyNy5zKShZayM/RyFiN2JWRChzYD5rWWVuQlhY
ITU3TkgmL18sV0w1SDxcXVtbUmZtNzc5OiZGLVpRMSdBUVFOaiwwLE9ta28+XTNAJVxwakRcQERq
XkZBTl9BXDBNN0wzSVtcUzQ2QGQ/UyVGJlguQlFXKWlkPjZJRm8nN1hJUjRJamw3V1pMLitAKSE1
UmNLY1AvM04yPzNgLUFvK1V1cG4tKylCR0M2dWAjTy4jTWtMYCMyPC9Ack4iZ3VLLnJyRWdEU0co
cGxHYzNjVl0zXmFfYnM/TmlrIiFeTTlIQTFsX2wzPURERGpfLmZQN0ghQlM3N0xeMjAkTTNNO2Y0
cnNJT1whM1loU0g4bV5pQi43MmxjPk5UKiNCYW1BXUdnUjQ0bSZ1LXNFNVg5ISh0XjdQWEJpUC5X
RGYxXFQ7Q10qalReYGAiMWkiQFc9a1QqT2RvZDNnWEshISZJbV1xVW45MEs+MDdAU0dBMVpmVGpY
aUk4P2lEYVorV3AqYXNVLyxPYFkqN3Q1JG5AdUFPSEBgJmlPO3BIcTszL2opPHVFa2E7L25PKHEv
bVdmOFlRJVsnaUs/MEFRSzUvNjYqVzdCWm5XQDVaKUxmJjdMYl4sbztuallqZkVzP1RfbEFkTzoh
cGBZYD0mJldGU0wzXGxdSFloK24qTyxyTClJXTxOOmRxTz8sIS5gQXRRVS8pOCFEYFtxITMhLThV
LFl1OWg5RjlWbTUnIzQldEEjI0tJYWBzbTBwM3MnXGpWJmQyUydmZ2Q5c2FuWm0uNFI0PSk0ZChG
LUlgYkpFZCVhTCojMDwtSC5YdUVYOFErM2ZkVSc4L1RXJGg+ZTRFVU5QKEZvRWVgYDhrOVJnJzZo
OzxiR0lMOD1pQUViMTc7O3QuL1ldaERRSTdCcCxIb1ZyLzwwUj10bXBuZlNwZzhyUyxubXI2cDoi
Iiw1MkhDTmBmc0FiKUNdRkg7aTpPbzVqc2NZdCE2QzZJciU2XSdDb0pnaCU6WFBRZHEtOT9EXjlL
RjQhUGBTUGpKbDU7XFZUTmBDPChuay0+bTk0ZTdnI28kOjk0QTMsTyotTjhNVVVJISIuLC1VKmRX
ZiFPZjJUMF5lMmZkKVYmSm04cmQxKzVELSZvbUQkKV5gaVhOSkZJOytRa0ZsYDR1SU5FW2NzQUBI
MiInTGJUZzp0XEMoJGFNZWAvVzFJImg2KGBcS2EoLypoK2xDPy5RMTxBL1ovMDxlPDlsbzYjbDc5
N1dOa2chISM4LyQtKUlyW1QhdD02QywqcW0wVz5RWSVddHAsMSNgcVZBJGE9OyxmbW1cRldjQmw8
WSYkU1hzJmctcldSTjloLiE7NE5eL1gqLylVMUlkc15XPzwnaklHIjMyVURHVVdaMkAnJzloVFZl
XD89bV5rKyRJRHRXaWNYRE1McW1kTmpvUE1oWTddLlA6XUQjLi9IJTskNFcoWTQoVV5uOSFKSSlC
Q0teLkAxbnBQNDhIdT1DaSQuI1MvNEBuY1MxcUkhLjtVQjJaIlMrYSRCXCoxKztDWy4hQjAzR2wm
SFQ1aTBUUldYT3FLWm9sQk4hZ2tERHFoYU5tbzhiZVVlOS1zbExUUjpBbmBpZ3ByKixuLFdCIz4k
OTE6RiVWNWJxJ15bbkNZUGZYbChkZGRmJWxjNXM4PSksLUZvc05AJFFBTT9XSFFARCg1R2s3KE5U
K0RxZnFSUGI2RlRBaCdVREY5IW4iW3QxP0pBXGZKYD5rNm5lLlVddVtBYlJqbmRCUC4xOCNjSysn
Zis5VVkjRiFpNlgib3MvV25OMkRuTUc0aSlOSytFY0opdWE2KWk1RThuWmZBPkgiU2glIStxKz9s
XDszL0xnIm1kR2FTSDpOYmg6cU1CXmYmQTJqbi1GKXBwM1NtIjs6MDRoJz1VWXFaUlRgMl0xOS46
ZUxSWiFFRFFdJV9qTkM4IWdraj9OSlg3LmY/J10uPCQrOEBXQk4+TU05cSttKVc7LlI5Xj5fajFn
UClaNGApPz9IPXJwI28qL2skQl9CLUZ1QUNvU20nLVVtPTpPVys6VllWM2E0O1ZWOVFeay1aKSde
cUFFXV9zam5fTW1OXmJVSXRiRkNkSzZsa0RtcjZWKzciTk46MW9uY3NgdS5MSFo2QlsnJUktNkgj
JV4sdEFNKEtwVjBXW2VHJW0walZhLFdKV1I5SzIlTmQka2UtbC5VViQ/LDVvT2YsPmB0TTUic2xM
RSVYdU0lRUUtYDtMazolJ2NPR1k0bXFtNjpdLmhPTChiMEJ1RihvNiIrUmlsIjQ2UUgsKTssLlou
S19waE8wV01aWjQ2YGlkcmw4OSJrNyEiNzRAOy4uJS8yKTY2NWl0MDxmSVZkaFEvRT8hIjtcV0Je
QS1GRGZsbS9iTShiOkwvTFg/LyRsOlg9NidPODhfalMtXzhULTcjRkczdEFCZGVuUmxubERGVUhF
aC9VcUNMXEpvVV5ybUUkX1w4S28pUF40Uk89NkVqRidPYD1ER2JNJXRhNTRRNFhjO0VaRDVFRl1y
PFM/MEctKWRDVTpWVzomUyxZMypASmg3XmtDXCYpN2M6WiRvIT9hYT49KCFxXlwsdV9dIm1NXi8/
QmlKNlRbXmNkZi5eNk8wS2YmLkBkRTNWLihHI29FVzRnKGNFVCcoJ1lYWkhVUEduMyVrKi1wXTZT
amliaixDaEskMCpgT2xnIiJEYzQrPidSXk9VKnNJYU1ZaGZzal1iZkNUUEhkdCFnXWYjYVxya05z
ajlsU05NWXUoWkskUiM6bDVjb0thbHNIUVQoZl4+TmN0JExmN2BQRzwpTV5cYzE/ISlgJD49bkE5
PkAwNU5NbkchM0BQMidaSVttVCdZbHBCSC5vc0NNNUo+V0s9WUwtOSZDXChiMURuTFhNNCUqbC1o
SUE/NzJoSkNnYT5VLklLak9KdDFiVDRvTUAjKVQpNHFWRl85NU9xW1k8OT1aRzYxKWBQKWxBSydq
XT8vU0FMNSxfOzA0S25jLDI0PUZVKD1ERltcX3I8WS9IXl04NldhSCkjLzYwbEdXYXEnSmMyM0lu
SmI+OlBOYSM0WE87XDI0MXJDaWlmTUBEXFE4ISEjaVgqZjswOEonK2ZXLk5Fb1Y9RiFsOFNJciMm
NE4kXGYuPm04Rk1CX3BhQyQ+JjE1QFlKUlcxbk5sMz5uKUtIVUxgNGEhcUciI21uOEMuSj9nZist
QWZFX1wuNkpnaUBSa0JgKCJvOzwyJW0uXHU2OyIuYl9USW0mL01AUiU/IyJJZy5KK20ucDlYVitF
JU00LCNNJ0xlPmRkTDU4QUNKNyVCNFVTQmE2QVpOOSctO0paMzJhTlJAbyVHZEAqQGciaGFLVlFO
JjckIyUyRDthSz8rQWY5Tmk+NzEtNGgqRFkhaS4hN20+VE1McD5VU0VsUSZWQjdObj0/OXIoJFki
QUlNNHBZX0QoNiI8JlFCJDdPP3VmLDBic1Y6PHRyNTROdEFXPlZqITFfSkY9XFJJb0IzPiNgcEdB
KlM6Im1CS0dCMTJPXlYtOUZvK0ppR0QsNGZNVlFAaC4yNCwlXGJAOC81cV9aYikuQWgpN21tbT5f
RldgK1tmMjdebWNpbCUjb1RjNUI0LFEtVCdBLDtOQW9kMVhLN3Q4WWpzbCUyRD10cyo0T01IaVB1
JyElYkE/RUxAJTMhM2kmOjslcz05OzBQdGZaTzo4UywvXmI5P0YvTyFYQ3NrT1U4V11LcWRtR2dD
Ji9NciRWLiluQE5qaTM6W08hNjRgUldfY2wiaG9ULSIqTyZBdVkwVzlnRTxLJmtEcFFYXikrM2Uh
NiReYHBmIkRvPkEtbk9pWl0uIW5bZExZZy5NKz1EajtlQywsKiNbVUMjJVspNF5TVDJhZEZAU2Eu
T2RjXThVOnRTRG5WPjFRPVA2YkNQTEQwYy1zOU50ZVBsLl5nOEBzY2lNPzhWPylKUTRjWFFcVSFz
JCZPZzdAMSchIScpSklfMFBsWipDJV1rUDI8b3JGSSIqMHNcUFA0IVJLMD89TCFMSjRgXEcwSWhz
K2ZWY2gxZDRMZnIxTjo7WUlNQ1YmO05HcisyQU0yK1czR0VjTyUnSGM+RSRuKENkSFYjNEZdYFQ5
NyNZVDtqLzxDaUVONW1ON2JrQVldTWNTWk1mIShjZz1NamFUSzAvWUw3LzIvZ081bT9xREBuR2pX
UDpXaSlFdUAlWDVyZ2w+XSorMGBAKFxtcUpkYVIqI1FGJTFFbTUqb3BrLjFLb1ZvPWMzZ08iSkNs
J0FqdVtocCFNViIlSy45IylkaCxgLzo7Yjc3Nj1CLz5MQWhebUBjWjZTLiR0ITxDM0ZVbDF0byNN
IUAwcy9WJF5ucFdQYyxIYzVGPF0hKDwtc0AiOkI3MiIwRj1kPGxrVk0wKmZMTmZIJlUwR0NTaz5V
RVNPRGlaWzcrZGE0Vl4sIXAlZXArXTw0MGtqOCQwOG50S2BUKGI3IlQha3NAbjFMXnNORi1LVWFv
S2A+Q1EoRy46aj5eXUA6M2ZFdVlzRnVYVTZlTzYpQzdnLD5xIzgubHBkJzcoaEMvSGE4QnI9bHFX
RFZtYydgZzMlaSFra2lqU0laK3NAcS1kaDxmJDNkIiNMTDA6QmcoTzNyTz0/J1xAW3FpKjtib0sv
KT5mO3EwRTspWG1Icy0pJ2BcNSEsTylPKV8xMFl0cmBBIzRgbERLbzZSMUFdRy51V2RNU2VJWkA/
JUMtSk5gMVpwRS0zbWMuTDlyWEAncylANlo3R2YnT1k2Z0xAVEEuPmZsQjlhKHRKXm1SW2NBLlM6
ZiMvL3VaJWkoOlhGLyZGRDNjNVNFJT5VcnNcPlJDRydiMDtxK21wJG1tcTNLYkVHalVNZFk4S09T
TFNKKz9DP3EqLk5IPTNSai9WLWcpKyVlMVFvKytDKy5YWF90ZFpFZllfbWJlcDgwR21wSSQ9Nik2
MU9uWEdBQVk+aGgrRmxeLCkzXmYzdVJuUVw8I1czP1NRcF02I2lIZj43Ui0wWk4nSHVdQyEhIShj
ZXBRQlYhIScpSVNKNEw4X3ReSz4yYjIlMWZuWUY8WURFaWVRam9XVjs3TGNjW0xEZEtuWF43cWBK
MS04QFM+ZiYvSlxgb2VRXWshR0IqLWtbcCldU0huWSJBPVtLUF5GZlAxdGtPL3IiXUs+ZVdXQkVF
PCJJQi9GJD1vIjwrJmBYYD5aWTE1YHI4Qzw1ZG1dNzFJbzQnM2FcQzhhQ2hoWmlWXGJbLCwqKCxI
dXU2Yzg0TEdJJ3NRcS1dRmYoO2kvWklAanI0XTA8QkMiaDYnSU1SS1xvYWxVbExXYUItbWlFLCYh
TkA7MmMsQFw8JDY8SENhKG1YUGxOUlVWKUVlISEjP2IibUYmcyEhISJZYCw/PCwuNWs2QT5IKVw8
aUduMlU6Plgnb24oQVQ7LlxDPDJHVCckMGVqanQiWU9AMWsqJi1gOVdTb1ouLWgtcVwoW1hfTzwh
a19aVVI5SVBuVzc1O0VmPExZJ3UkMi87VWlHdWNnMGNTIlFhR2YtbiZzZid0bzUmWURxQTJCW1dU
LGthaDg9OCJKQDdNWjU1KylZT2lwUSZEWmk9V0MvW1N1aF4tUj9lNEwwIXJZOGtVM2ZcJ3NAamAr
PChXKl1BWj9zZmsyaWlOR0skJiJKRG47K2gvWjYuSUJicDtuX1RkbkZXQHJPZU5bRzUhIktIMzU7
P05dUkNaNyU/XlQrN11RYEQwOmZ0MDgubm8oISEkW1dJXUlFXForNlRSZCUwImtjZClRXl1USiJd
bSM1b08panEvLDdUIkRoJjA7WVAjTkQpRjxRJkRPJGg6ZFskSTk9T0ohY3UmakYlVGZlJEkzVTdF
XSUnTFw1SjheVi8/Pz5VZydlI3U8SXBddFlPST5HY1lQTDBHQEVRayFpMUUqP1ZoQVkhUGBTLWFz
I1ctJEZmbicvNVZZQz1tZVBWKGhjS0BuL1FBKGc+VEYwNjc4Plo6RHE8Jl0pNUtJc3RUWjdDVFFY
TjE8bi8oV1VGXmFhcGdsV2BONWFGKSNMPDAwVGk9NkRlaVFmO1p0cCEiJTQwaCZYKVU2bURnUm0/
TmJFYnAiZy4vVV8+L2NscGshI0ZXN01oS2ppISEoQTw+bCNpVXJcb1FqNVdeNnBRXDlEZ05HcWYw
akdoTVJVRjg4KSZDMHE2YSIpZ0BxU1VnJTVDQi8mWCRsaF45Lyk0MU5NKUQ6RF5yZktFR1ssRyJu
SSZEQzNKaHNJaTJpUSFoWENJKXEqTWJgRm1xKiVqRkZVWTdzdG5ScSZYOTVvcXNQYFJoXFQuJE1a
Nyo4Ii0oKWM6NylRWkQhbChBVVRPbmooIzVVclxQJlw/SyVNQFYpLHUiWElqZDUjOmZqajRoJlNP
OjxDbik8YVIyWC1hJS5YYmU7WWcoRXVoWkZMTmpEUzJdL3BIQ0pLRkxmZ0BBJ24/ZF9ham1GKEpn
JjdCV1BrSSEhJiJTUV9OLTJwbExdJkVMOUpTVE1oZCNjLGpcb1lJa0huQkc8bjRvbiREUUlZISlE
YTpJNy9tMDVNaShUUCY6WmxhS19AOFpESCdDImFLUTJEKVphMWFpM2xRPDMpZysyKUA/L25xPm8k
SitrQExKaUtKZHM3VyZUQVZJSDtfXGBgNDErND5OTkBhI05GMy04X2tKY1lkRVQnanVdPjk5LXU2
ZkVhPiFJRF03J0NrNmNQTVEmWHNnX1QoVi9BPVxqay1aXWpmO1dIUiUnay5hNzwrRmYwamtGZ00k
L206MTYsUUZlciNhVVclWmIyaC5xVCg6bys+Mls1ZGxSKTReUyQoVlUmYGVgRzIxTnFwXXN0SGFX
QidHbC8uWT05QU8nL0JRPEY7VlY5UV5qdSZUJ2BUUkxiR1Y2MiJhTT05Sz8tRUtXYCE1dV1GZkkn
J1NaIWlqI05jPCRCKlkiQmpTQ2onYWNoL01WKkRUKGdrVzM/Ky5FcFVFW2Y4cj9bRlpwaCpTY1hK
VHQrLi8uP1VjVVhQQ1kzOiJSZDE+Zj83WisnWTk7N1tBSy81IzE9YVEiP09dT1R1aUpRcGVyM3JN
bl04Ri4oPmdZXzlQbkMzRjUiN2dQW1FaQC9jbkU+KEUyZkpwLy9jMi4/Y183dGU+JF0+XUlTNyNe
Sl9dVk5bW2MtIlhEQ0llaiImTj5eRXUrcl50S2FsbXEraUdeZHI3cGkzUytNXUZMSlpNZmRUaS5C
K2tLPXNkO0ZYXE8kcCRaa2AjbHInOmxBayFGIVdXNUk4OXVfQnBMTE80YURmbGNEXj49WDtHOCE0
cVRCaE9MSVAtTyRTYlwtPTlEblVxcTBEQV5WYDdLZW9AOC1RJSswTUh1Il8lK1UsYzQ7M1BPJWYx
SmYuS3FBK0IuVzJlJ0krVG1jV105ZmY8VyhqXiVJK049NEJCazhfW2lcU3JwYENxSjNLQk0xO3Up
MDVQJCpwb2YrZVxTP2FJWF9PZj5hM1w9TVMxbDRlNS8sWjE1ZDQodVlbT0FNSi0yIjg7ZWFOIT0x
K2VQVCUuOTVNKHBVLTRcdWtWNyNNQzZKKGJgUllrQCdRYChzK2Y5IUUob1RBNyViKzpqWVdlPVNO
WjdBKUVya0tbMGxQRztqYExzLyFsPWdQbSc8PCEnaU9PJVdeTDdmV01oNVU1TmkuLztpVCY9PUIn
TEc5Rj1uMV5IJkRvKzUwQlZBNjo6QDFzcWxqNWZoJEZOV0MyUzokRExyVj5EJXQ7P00kUT1ZaCtI
LCdaM2U8OTc5O2dtc1M4VHE9W1RKSVJaNHE0ODYtLFEuSipvZ1M+TWRRTVVqNnNsbmBQNiVPXTVT
czFOaSQ4JmtXZVBEbGJDQTdEYz00TCNsOW4/KFApbzVqVkBnSDcxVT5hUVBVWkosNUdfNFYqVCou
QS0va0tobWU3UyduXigkNkNFPFlHMVVVanB1S0RNUGs9IWBEPDkqIzNLIzRdbmdWIzxmWSglRkJW
S1I7WihlLlAuMjBJKmVnKDhIN2ZFaTklXGpONEU2bUxgakNbZj1ZI1EiUENvRD9ITnRvN08zRG0s
UFxEdUg1Wyk4YzNOVmhVI0NxYmVJMXRaUStvaFVuPG1qXT5nYXBWO2FeT1o4bmpfVkIxSGJBMUJ0
cTptQysnY2JsKklBSkQzY1MkbTQxPTgkSDtDMm47STs2XHRmU29YNVhJJU8/VDQtbSVqS05eQUtU
VE5NTyguNDhUL0owMzVFZT5sNjlWPVJLTWFKVCZaNThyMDpCOChBPDdiLitpT09xYERaVTVbT0sw
bCp1IkNeMGFzOnRaOzs+ZjNiNzZJTUlEa0N0K1ZyODNcOmBGRDdxMixFJVhHY1FvM2c5K0c1XCJw
bVxOQ1FlL0taRj4/RVlXWW4rLztHNXM4Pll1YiZOXGY6SDxub1s7IzNEXk4hUkQ8VFpLKDZYaUZd
cEg6dWwnWSxIbisrJW0tWFdtUl1qaVQwPC5wIWUsNjcmWmhtbCwrKGgwO2pAS3RoPlYjbG01bUQq
LmR1SkNVSGJVM1EyMTZcITJiUW9lXkhTR19gNGo7YzlUa2lAVnFrZ1pRXDNZKlM0QDgjXk0wPD9F
YHA7PXA/V2spLW9tTFZBdFA3dCtbXU1OPExPN2dIJjs1YEYnbmtaVD4rPGJDSzpBRFAnWG4icFpv
JlMpIzBWRD1dTmU/S146UGhTZFxqLTExUC00TGpCZmlTKFBoM1FuTl88bDA0bylHUWY9OVpVWnB0
JlJWYkpdMENDQF5STz1qZUVJKztmZVY2ajdkcWQmImxvJEolSUM0UllpJl5NUWQwJk86cDQmXEIq
VWhfIVRhN09JVk5FWWQqNSVmUj49MG4sPzYyZiJqbkVsLzQuXDdXK1wlND1cXSJfNEVtUDdRX3Ew
a3NVS2hLPDtoWlw+cDZXPEhmZ0UkJmAwbHFkLjxVdVVrUydmN1dcKDVjdFFkcTVERmRDJmouN2Fr
OHMxPC5AWjZgRDcvbWwjKGJNRyVhJjhDdSw2KUZZXz9xSTI7NDksQTNlXHFENGdlbEtjOyssOzZr
aTpTYDxvLUM8alwibHVrU2JfaT5HNEprOzptdF80I2pnXSdjXEc+N19kUDZNbj1uQmlIOUwqI1Ak
KEtLXURZVzhtJjE1RkAmJmEwJj9WZWMjYSRlcHBcKl0vbCY6cEY9QEUibmRVWDsvJytATlJgIXQ3
ZEdFXlxeTC1MJ3AsPlFUW0dsLGw+PDZjXiYpRmc9bWxjJ1BMPTw+KT9CKVxySzFyL1YnXVpAQUFg
ZDRAZT07W3NZND8nXE5rO0s/TjNCak8zWXAnJm1jbChUPSwyNitQPiEoV0ohNj5fblRLK3RGYERT
RUZuPilSZTctU1JbKCNbOSM5JT9EXTtdbDlPYDBTKmttRWdAMDZIblZqdGMmSUVITmtAYUFhX1xC
W2ElOGM0MSVoN14sPzFaLFNQOFguPW06Kkc3PW9MKSwsTE8xWElwRT5JXDRCWyxEZWMpOko5ZT9e
Qi88bT5JS0REJHNsOE9yLTw+aGgqIj4laTNCMEUscGc0S2JoXm50MW8oJVlxcEtPTlM2SiMkOlFs
Rj5JMEcjK1Y0PjQ/VzBuI2koK1o/O0hCLDBXaHVqRjJoQCdHNGkjSGU9bSVVZ2xPXHMiVFNPXzEv
IiFnOGQ+Pj0hdSM+PiVTWzBzXyo6aixpXmxfbnBbVWU6UmtjZnVvWD1TND1XPUF1X0JFUUMhWDZj
VipJL2MwNEdZKS9IY3EzXGpVMWJ0YltKJzdicDAjVnJtcm9kUiFcN1FJWUZlRVNvWEN1YEpRblRu
Q1M1OSQ1YDNYRDAvWyFjO2hyaEApX2oiRz9TVDpxS1IpWW5FLVNGJE1cc1g6VDhVVHJVbD4hW0Zq
dE06UC8ja14zMD4wX2UzbU9WTzNFTT9YTXFkXT9XIkNeTCpbbFNZZEJRQVJZTXVKTFItPyk3bC1b
O2ctaV9jLm1rKG1jQ1FMYj02V1ROWD00KFVZMFpkWytoTmw9OCI2Ym9pJm5MKVJvKF1HTUo/KzJr
UU9aQ0hOR0BlZEFoTlJeOCpKSiZWKnBwLG9WbFRbREIjJHU5SUJiPGsoJiwyT1FKbkVHJV9GcCZc
LGA2RDsxKVs/Kjdxb2BMWSknSSNEPzVCMEldc2lJbF5aJ0JiPz9lKj5nZzdrYiU3P1NMcEBnKSlo
MT1VLDJdQiFnciQuJjJhN0NnTklkYyptO0RvaFYkQVVgRGdBSjg3ZS1kLU8qSD9HSFYhYlldaVpm
b0pRNjEmWVhVdDNxcjBGPTE+PzxDW1RLcG1zYytYXW5HaTc6I2U4c2Q7ZT5FNi1gdFZlZ1pXKzxX
Y1YpUXRbZDN1K3FsNWQsRD8nWzQ6aCExYXFBME0+ISdsODE7XFZmRyhePixhSUtGImpMakhkQUBY
T04xVERbJmpXaFJRcUZPXENaZSRpWD5YKi9kOyshVWtYcFRfclRpM0ZxaCYiQDRiOjoxXC8iMzhY
P3JCUmUtW3MjdDYnMCdgW25KImxYbiZHVGxSXnJDIkNkSidrTC5RcmshWk5TaVpMXDxtSFhhN2xA
N0oyMVhnNVlJTmFFNTgnMCdVVFhzXk5fKnEpI1pFbTI8W25vQT9oO3AtKjxmQ3ByZE08VXBkaC44
Ty0sP2M2bCVXPl5gRWw2MTRmPlNPPj9DZF1uJDlxRjJiNFptN1Q/RiQnbFIpcHQqKlpZOk4zRG80
QDpdISc0SGwqK0UsKnFsVUlMOjRAT1whI21rbExaYkV1WENOQ0pqNlM/VldmUiUxa1JzNDBzYCdm
YHEmNitxTEFvM11baEw0bDM1UyouLldkZTZndWNpKjA3TGVROGUqWlM5OztDUG1cbWYqK09LVkNP
YyNuTiY3UzM6S1puMWNgTW0oXDMzUmlIYktrXCpXOEZNImksYHMuUS5HJEszNDcnKSg+Rm9YY3Jp
QC8yXW9rdFRHIS5aaWhWXk4yVzplPXRlNmYmK2QudDpXNUI+aDQ+NCxhbjg8IyVpaVYiZz4wXDQj
cVhcaXFpJDJFKCE2QV1BSEltYSheMDIoW0BQXltcUWBaMTQzQCdxciUmPU1CZWxZZkElcjBTbnRz
NHM7TypybzohW3BeWiYoSTVVaHRubyVAcU9lMyQnOGs+IzpjXV0qJiRiXTVbM0RdVmdQMXE9b21P
JUpVMElMal5wLFAwTictalMqLWNGJ0YoaTc1P01HTi5QL1pTJlE8PmAjaiVoaHQqMSxhLWBPTSNN
V01eNWkvLVROPi4yTzZSQS5BPypAbykuMSgoLCxRZXIqWyQ8aVw7aE8lLysuP3EjLUk7RE5GVDJY
QWo3dDhOU0NQJSZcPjpAXFVfUl5TRjhHSCVqc3FEWVxZSjVlZjJRYDsmIUs4LUA2b0U9KGpdaHNC
UTJlQy9IdCpXIltGaiR1VlYnX1JMcSEhIS86MHM8bD8hISRDYUVMVllEOHBWbkNqU3BjNDgiLVx1
SlsrZFcoSFdqSGhGREJPWSwzVik1N1ZyUG8oKEpvVFI2REYqXXNwXSdiXioiVT8uU2Y0MjNwZWJA
VVVXSXNxO0NqUm5GRE83JDRtMEJocjRRYGliX15HSkUuQzMoWjtuREBsPkpuLkwxJWhlNkMkX0VY
aGdMJWtwaDZCPEBmZ2hXQkxcdGlbakU7QS9pcjZqP0UzL1QmN21cbEhEaVZlSU9RXyNpVG07b1lP
K1VnK19PcDVBZVJcJDQvJUU5aWQuOGM3SiNzRWtRQFEuJDY6NChZRih0T1xoaDciKl9LKFhNKmJQ
PWwsUipYIkdrMFdkaW9Bb09jNC9aO15HWEBuZVUzcyZfPSddczRiJG9xJmBQWV1bQ0khbC9VbzlM
ak1AVD1fJy4hZEVlPjBTcGJHc2NtP0VbcHE4MzNvcSdhbStmVUFTT01OVCtAZEdcWShSYF00QkZR
aVJeaVIzLEQnXDxGRUshJ0wlZ2NZVztiZkRbMiZMW3RkITNATSpoJVUkYjwwLSEkWWRoWHFubDJK
QTFyPmVtRWg/PzMnXFVNWT5kQVY1NDpDOik+ZUZVaCZCZSFKKiZoaFo9LiotanMxV1RzVSc2a01V
Z2UiU2QzTHJNQCkua2hNXGUlNjJdI2hBZnQ7N20zQG4oTGZrSl5lI2lXbF1ccERqUi0sYDVCaGNc
WVFdMiFSTTFoRlljNzExaWlrS1s7QUJecHNPb2U5LFxILCFRN2UoYS1DUGtzV0RILytoXjBzVC9V
LTc/Z1I3X1JHMTVcNTQ3NWhWalMoR0IpUysjZlAnQj1QPVIwVUhvMClURj9ibDE1XUM/RiRaKTla
b2ovYzdFV2glcG1ORC9SLGwkNS91QzVxMWVdTGgnXWcjTzNHSio9a2xtPWU8QkAySC5dQS1TWGhp
N2wtdG4vXS0/KF9oP10lIk5MKkROJkI8PUBGaTs1Ml08bll0NT1QYi9Qb0kyMUcqV0Q6Y3NJckcj
NjRgWkFHdSQ2LWpmcVNYPG5yJiJsR2VYWkE6V1Rpb0gpOGAnN0cnQjhUYWE6Xk8uWl9Qb2YqaWwt
ZmouciVnNl9vcCRqYkg5JVwiaiFlUV1hTC1mRCRPZFdUSjwlOUhpPSMhSmpnK1A5LC10dDN0I1Nj
L1lHa3I9a2JUZTAkWFoxP1gyO0ZYJiJAV1xGYUFRVnQyQWhvRmJxRDBPPy5gQiMzX3Jdc3BiJF9U
R1hSbUtLVj4ydD4zTSYoMCUsaVYvQTcpVk0tPCppbm1DRi5XMm0tOVlwJj1iTz9YXzBlOjFKSil1
aEckWFxUT1pFQCRpKi9sbHJXO1hNKS5bSW9xKGZwSEI/LWhbKE5CI2VPJSQhUWU1KiZlJDtOVFJm
KUJSYmFvYl86ST9dMG1oRVYhYG4nV3ByV2cxWWNvcjdOUyVvPSs2LmBMdD84JnRpNjVlcztgLHQ7
a2AhPEMzXlVvMHFoTC5SOHEibi8nSWFyPEB1TU9iPmJLLkFMbVhlbU1yO1orXFAwLCRkMkNmIU5y
I2ckOEhqNyhgO3BSU2o6am0nN1M9IltjPFp0XU5cL2xoQ11pYCJlU2N1Uyg6MjEmNnVxPSFRUlgh
W1JUaXI/ISlWMlRPPVBSWzRSJy9mL1hdUSguJkY0VF9CRVVnPWdrPyJrYkdOJWNaPEFSLWVZOXRd
XWRfMHUtITJTVChtUEg9ISEhJylJNFZiclxbTEApK0dxaVhTVSFqa3RFUy9IRGdfO2NUczFgIipq
UWJdaC48aztTWzJMbD49Sm8/JUhzKypFRTlTTjAscyJPNEdIWF1OTUg/ZnBrXCUjVGBOai5JRkVi
MTkrV0Y2SWtNWV5oaVQ2OHVFNFA3ViUhLGFpPG9xYTVJKGQzVWdtZkJtYVVcQkQnNWdNVEo+KiNE
XmhSPTskJFZYKzsmImwpKTtZSzpjWFRfIW1VPFk2UjJObk1nZ0A6WzhBaWoiZShgKCVgWGVbWkAt
amQxODtWRlZrTnFXdW1IKlRQMFFvOFEhIjxrTVs9cT8/LGxkcCMxcEohUjQlZj50JEBcRDNaUylJ
bFplcm5FXGAxcykmVT87TmEuPiY6VSZZL24hPC0/Ym5DOTlqJ0VBLDg5dERnM2RnUyQ5Z0dRU2hE
cmVtQGxFNm8jJ1xnRTJmVXNWbSEhJVBxJzQkSF9cOmNtQyEhJ3M1WC5qaSVPbDkiZ2dHKnN1MSZE
aWNjKmVTM0ArXywjISEhIkxjUDZEOVltYypGISEoKnVgO1Y0QDpzcXA0bkNxKyYib2xMWEgnT0Ff
T21kOzNkM251YCE8PCoiSSY+czZgLlVrZyEhIixoSTIwX1Q+Ul1HY0xITk5hVz1IZ1U6TmFyZDVB
RiIvISEhIzdCMWUwYkRsaXUwIXJzST1QSjJxNklYP2ZYRyxqcWwyXElvNDI2L0FqSVQqPGkyKC9l
MyEhKHE1LHRrRz4mM15qMCEsRy81NzFsZllUJiFdIUVMT1AmYDNWbmIpPCJiJDVBRiIvISEhIzdC
OFVuZ2dZZU0wIS5fSnFVb1U2SkR1KTYlJUs7XztEcmJERkwuNGN0WmhpVmktamZxUyE4b1pQVVxW
W3BmKUVrbyEwSC8yQjEzRDlTWTsqM2oqcmFgcUQkM0BPYCtOcVs9XFpQITw8KiJJJj1GKDU3LC90
ISEnNmhGQjAqXEpRXlhdInExR1FIZmtETzdCc28nOWkhMTJwWU5OKCJUYkc5NXN0aFknTXFVbFYr
Xjd0VWFcX0Q7Kl9BZCQ0JzJrXiVZaSMkUkkmREtHO2pQaHFjVEVoOzZ1NVtUYzpJcjRYN3UwPVNE
SFphNGo3XUFLMU1UPmA1P3BJYVFfJyY6SWRlWGcuXyEhISNJLWluN2gyZG9RTiE1TCpbZ2VxQC9v
InA+MEVHR21QUlItc0tOKUZRIzFUcUBtPDRKaWtML0BwTiEoYG1bPEY1W1NlJnJeMmkwRUkvKVs2
ODtSWWdFPlNdO05BO1NGbGpPQSpcNEtrTFpbITw8KkJOVCsxMVZeTihaRVc/KE5wUkE5TkgjWjxp
XCtNWV8qQSJJTFlzPzpgYmlUWiIydCsjLDxKRj9OISEjUWJwXzk+OWlTZGNIISEpIy1bNUI/Y2Nt
WWIsMjZTJUVuZy5kLGZwN0JUKCNtXjtdU0JMQTsjZ1JyOD5DREcqLlxaRiEhI2Y/aUkpRHEpam83
ZjxhcC5tZ19qcDcrXlM8W0hXWGhyIlRTT1ExbD5BK143Y1RTalQjOz1MJWVJNmgrX1xrMUw9Tilv
IjBhNEUvVG9DWCJmUDchISM4Zi0tLDBsU21DQ1chJEUjOEBbYC5pK3AmTjlrKiwwXW1VXV1SNFlN
Ll9AaSxATCEuX0ZLUUIrL0BhOGw5Ky5OJC45Zz8sZXFyZ2NDOiRiPWo1YCFQQSpZT2VqODBGQGRb
ISw3X1ZlbjcrV2E4bDkrLk4kLkxJY2Ulaj9NUkA9KEQ9KDA3JjA3Pm05LEVXJ0VBKzVkT09NPTNM
XHNcPD1UIS8/RyctO0lQZUFXPmc0XFlTO0hSUEVyQS46Q2dlIlghIShGc0piQV5eSD8+OE8hISM0
VktjOjMxK2VzbEdpRTQpNCdrKkFUYlVdTD4kJy1QRVVBdDhvT0IxblBZclUrKU1dO11zbj9HVyZt
RSNfbk1VTy5OQ15LIlEtPT1qQ0lPN2VpMDA3UlckSCI3bCEhJmZwSHNaXklNKzhAQiEhI1AhVUJt
PyNpWipfcW9BZzopW19BdGtLbEElcVdcQkE1ISEjOGZgTV5YLU8kKCJwITw8KkFdQGJdK11NUEJd
OlxnTDQnRm5Xc0VKVVQvQE5mazg9P05OOE11aXRaNVspLj1fIlMrUyM2PTdUZTFjYk1qXDIzKW5E
T08/LkBublQ9JUs8NVNjbFRWOyNnUnI4PzchcyokPTFWLG45blRwZiYuKGAoMEcqMlFuUjJbIk08
IV1bR3BXUC5iZGMjUEVkSiEhISFpWCpBMW5MXytiMSEiVllcNSlULSNcXWVncmUrSTo6RWksT1VL
bTo/NVVBdDhvbkdlO0dFIkBXMyFzIVI6bGxvWVxubVtUcUVpNGtRRC4xbitudGkuKDI2aTdFK1dm
LEw3S0VKaCtPLShDaidgSE5FPCQhU1ZpRlhEYVw+TCI4NVgoT0ByQ3VXJy42W2dwYU9YOUZeWXNh
ISEoRnVsLyg2MXIhRVovISZkYG8uLzw/LmMiZFotJTpwQnFocG9xJGA7ZmUqYGJQc1chJEYvZzkn
bF1caThsKVNfJDhxJDJ1aXJfJlgrXDZFTztsbzlxYkFNNy85MFBJOlpfLj5pcTZpQ0M/bTshISYq
bW5VIz03ajJpOEAhLCpXSVxEKUdaN1psP05gM3VsbVg4Q2ZbJys8YyIpL2pGbk4yI1JIYVYrW1Rq
dF8zcyRTcl8lITwvJkxYbiVmK1gsZDVcNVxfLz81TGUjbFtQNzxBMztHbSFqWTxxTURZLjVQUHVU
UHJhXFVvKyEhKS1vYTNRVTRwQ0coPjFIb0IhTShzQzMhcnI8P1dGUV1tPCZVcDMlL1Q4J0htKixk
MXA3SW5oSlU1cjxBQkBRJTstKExALlRTPV5PSDdfVENGTmgubTE0aFk1aio+UzVfOCRGLkxRayRb
cDApT3RTKS5OZDY9dD1kQnUvWEdUbSEyazJUJkouN0c9ITAtJy0nVW1hajxyZyQvOitALThBVnVu
OCtma0x1T0k6ZXIxMGRyc1VSNykzV3JQNmVBdC9WbiNONVdNWE1cdFBwP3Jecm48K0lWWmBRKjFp
QzpYOmJARydsMzk+Xj0rWkUjPFJvYC9YWlVYOFxATURjI05GaVMhP28tIT0/VSJQamhrXV5maE5I
U1c9OS0uWzlra1FiSkhkR1pMPFU0TChEPjpOXW01PHJyUS9fWTxLLHAhWFAqb3BGJ3Uucl5PPzFe
XltfP2otblttZiEwOVomVUJtPyxAVWtmJER0dV9rRDktLXAuOjNzcFgsOWRQQDVNPGtKLShYJnI6
TDBdSXVYMlhdM2w8USEwO3E9QlBVPUtdTVwxUUk4K01lVl9cWyo9T3REV1JNZC06VWdiJFppa2Ng
PCEpMk9DUjg1QzdxI0JMNCU1OCtoSjRIRSg7LVlVN0FSOG1BLHBVSzpiLklaOCdpSm4oXy9aPiU3
YVpNN2FxWG1WRjg5SW5Wcm1zUSFWZW1XaVE+XWtRWkUtLDg0Qjp1Y2xwY0tgaiFIVDdPYU4vUlRF
JW9kMD9ZT0BNSGZJMmY4bSQwVUc3Zzk6R1Y4I041V1A+Il1NPD9Ka2VgNVRuVTksNVVJUmp1JW4w
X1xvPDtYKGJsYElaNGRobztaNzYhLmE2YU07PWcpci1xWFYhTD5HRiEtbEZcK1VWMHUoa3EnRERB
LTZsRy1VVjcsZF1ENU9DSGgjJTVgYzkhISEhaV9qKCROY0BiRkMhISlMYShZQlhpPCVuWUNUb091
RywmLyosUGdcMShdTCJDUipiMi5HMEZAZFshLDdoW1BGYFcrUktFT1RDKVRQM2FMcFpDTDRwczE4
bSwtMF1MJTUoaF9TNTEoXjBtPkoyQnM5JmBMYTVqbz5DQ1JSWS1eWENQWFFrbDJeIU9HZltSLyZc
TDhBT0AyZDsjZ1JyOEFqTlQoTWBrVyVLSEwuQyhzSiQwc05faWFtLS4lQzE4QEEvamdBLTsjZ1Jy
OEFmITdyMGtJYGQvYTU0KztLbGZtcFRbZV09XjNCJFdbK2loN1EoYWttcmQnJzFOISYhJEReYWVH
YVFRLV5TbFNeYW1hWyspUiFvIU1kMD5zLF0sSyprb2U8QFNVcTdSX3FoOlU+dV44aHE1Uy5cRyZl
YTU+YSpBISEhIjUpUDdmQlokXCkmXl87WUY3SDJiPFs7KzdDNkkhKlooalIqOUFSOUhBPkRZJz8x
aiRCVUtsQicoa3JxcyxNdWl0WjVoYCpsN1AjVmghOlUsZDdXSVpjL2s/cTRyYms8TGs3S1oqYDkm
YmshVm8mNWxWJmpfcXFhazMkNWBwSCEuX0gjKXVpI1hFLTI2XyEia3RxWihlaSdRN0RvYzcvOU4q
MkRKOzoyYTlYQ09Sa0osTjFCZFVPayQlMidFQSs1ZFA7USg2dCdnZyE1SlxxKVQ7dEhtNEQ/IzBv
VWdSRzFKT1U0YCM9M142JF5FSmBbXEZrdGcsSiQ6WSRyISRILFdIOzZHWSFXXy1aIylzaSM2UUlh
WTVpIi1pPl0oITBZcnNZSjhcVTpSXkdEPFs4RG5JI0I4VklBISEhIWlnRCQoTiEoSHRobixTKTFa
KWBuVlZDS0pYN1EuPGxDXzIpLSdfM0I5TTFwJSxkLHIxbiEhISJwQWIkO0FAcTsjTiEhI2goKVRC
WEhdJVgxIUEqKCRXUmJibkIlWUdoRChRcWJAYDlBMV86WnNyQTBGQGRbISw3cG00ZyQwdV5VYUZH
Sjs/TGRHWV9DWzNcVCc7ayVqR0xSI1trMEs4b0dVLFJxbjE/NlI7JmRzSiomJ0VBKzVkUGI1bFxj
QUsqIS1nZCRIczlnTGYtaGdtbFlFTy5tWkdnQ25jb2hAOXJGVTc/ViY+KlpLO25dcWp1KTNgUFgp
KCEhJmczMTs4NUY2KmdSbCphbSY7JnBHJjpmaVwyKlQyRzEkPlVIbjg/MClJIUtKdFprT09CKGpq
cEptUCEhISJwQVYoZ0I3Km9gTUotUW9ITUM0JV5rXFI9aTFbYC9RPDsvO1M3O1IiNUVQK0cubGo6
ZjY6Vj1FKiJldSV0ITBGWVpIWlFnZUNFITZSMy9GLz1DSi9hZmBWbGdKVkdVSDBhVmFgOWdybVdp
UXFHVjUqOkdOcWJVWHNLIzokX18pXS9fWSEuX0c4R0p1RW9IRVYvYyE4byFyIz90RSxkalJ1VW1U
Om4sVU81Zy5zLT5GRDc4MlUsRVAqK0FSb2JEQXErdUplJFV0LXMhJEk4InIvVzg+Zi88VS9FKyRV
NCpyaTFSWW80bVtRL3RrOyczaUREWEE3TVktNU1kN1xAc2EtVUF0OG9PTixETzVsVylxISEnNjVg
JGQ2XGUzRWMmYnJuTy5tN189Lk1dPzYuSV5eSEBgKTtvYipWS1cyISEhIlxWVENQW0dRMGApISZ1
WkEnUkwyTk8lV1JFMmIlQm1vSV8pWjVrYFRhRU0vZTpSb2JFdGB1IkU+QE1mN0shLl9GTlE+biZS
UkxLNk5OWS8kZ0F0WkM5bV9RdFw3dCd1NDcpLDFPajlyTlRobjI6ZyQ/Ij06TUlAMiEhIShHKlIw
SHFkTGNZVGVFPTxbUXBpbiRjZVhJP01nZ1t1UVl0PVQmLFtYKmJtajhnZXJOLFQxX15HS2IhMk89
XF5ILixdRzVxWCcoYmdnZjlvWk1cViwmaWZKJzlUZE5lQCdKZElOIlgxR0RYYDhZNnN1Yzd0N1oh
ISM5US06PSs1TT5BaUEhISIuWEo1T1A0QEFMPFI0LF4/VGUhZDwhMjJUJTFZMC5XJV1xKyFjKUBG
LWI/SmRidDsjZ1JyOENPQU1GNz5VMzksZGoyODIrRWNJMTxTYjYtWiVFQjZVblFHdGsjN2FbPldR
NEJaLSZmXicjJm9VVEovIlRTT1ExZWw9WV1BaUhnZyZNKzxfTlZPPVZGNkpCPl0iJlJcTFBQXTUi
SnBsQFtsU2ZQJlx1YVpDImBkRGdnZGM3S0VKaCtBRU89cC1vMjAib29LMV5KWG84ZmlXOzFcPVBH
QUJucWIrTlQwJD5ucUJKczBzUWhrPSo6J0QoXjBtPkoyRTZtUSdIWiovSEdqJSI4dF46LyFJNyNi
LDxqLnEkYlUiMUpvVGltI1drR3JlbyJfJ2lLQExZJmIjSCEhISJcVlhaLC5DUDhpQClaVGsvZDtL
X1kkb1YyRGpjQE1ycGdBdTlaX2soU1BxT0VBbiJTcVonKEUwL0V0ImZEISEmK1huTGNOYVRyb21i
ISEjUjtDRDg0YS5pRTYvMkRhbmRCcWVJREtCOjpcNyUoUVwnTlw0N2s6aGhyISEjOVFgW2YpZzpk
I1VRISEkdXRhVytNYFU+NzQxazJlRFNAKk47YnAoVUJQWm80JyxnNGg7QV1WQz4/O0tUT0I4M2tN
Ry1xb1QpIUVBUjU7NyZadFJeSG0yWCYoWC5JcWcoTEYhRlY3ZFpwaUk7OCUiPEsiPXU8bkJQKDFJ
KzkuQ0MwI2hkR2NxKShQNjhXIzJvNE5tbEY8dHQhLlprJEIlcEslbTclXURiXWxDYTo8KzV0RnBV
KC86I3I+Ul8pViNTOHNpW05OWmtZZ2NFWHJYR140U2hFJiVSLThfRyJlZFpLbGImQ1lsPDlCMSs2
YlRwS3RqZU1LTFhISjxRWmE4JVhKIVpAcj5VI04ub1hlSWtTJFY9Zjc8OWpLQ2cjJVo4YG1EMGRl
LzZWZ0kiPWxFby5oUj0/ajxJRlskYz9tMTBUZTljcXJnQD1HPzNIPnU2aVJzZDsvZiREKV9yYUFe
XmYmYkAyU2ZIPE9qSkRlMU9cX2o7I1FVTk1eYGYlZT5oOHJVXl9zZ1RFUCRia3A4WiZPcSlrO0pU
JjZVck9sTSZqMFRRJyUnQ3VTJFhmNXNoREgzSVFkV3JwPFRnT1RxSHFpJUtQLXJcVmxhQzRoXlc8
S3FLMyJlJ1lZUjJtSCVlRiUzRS40SjUsVyxPcGouVVpoN21bbCNqQzcpS3A/MmlKRE9SOWY8KC01
cmIpXTVcKll0ZlIuWjMoOFZVQ25YQXAvblRHZm5AOEFXVEhEPkIuWWlwSEc/UEpQLW9lcGg2KUMs
QVlGcDElcEJIZSlkTidOX1FvbSdYSGQ/YkNDVW1kMXIwOltENEdvQCInN0tpPFM8TzBbO1ZHWCFN
QS4vO2EsVSFUPVJDcS5LNUQ3XjJ1VWJIYC9eSWdeNlJsMj5jLWxqIj0xTFw4cl9lNjArZ15MYD5w
O2tPb2BqYSdqLjooV1AxWTp0VUcyYDsiXT0xLVtTX1VqVkxbSjAwaDE6JE9MRzFvYytiUk4pbnRZ
PilNUFpZOHBtMTgqSGdsUTc/Wl5PajdTc2hPYmxJN1VpbmE0NU5wQFNgISckYiYuJVk4YG49W1Vk
LiViNHJwIilsUCZUJ0ExYUhtT3NoOERXODFZL1trWUZoN1wnT0giWnFVTVh1RFJZaGIpJjQpLEVt
OzJfbEZ1TmokMSUja0c0IlNmQ0hMYEA8Y3JsJ0k4cTY8REpkS2ZkWDZLNFZNPiU6Y0AjKF9pW2F1
LTQ0ZSIhXWxzNUxuSyNlYyYqbUssSkRBNT1STVctW1djV1pGSmpBSmRGaiVBQmJxbjIuOTY1TmNu
WksiJGQnWCY1RFRBWVteVFIpMGd0cWlFOWlHWkdJSSQzJyNQdGRMJGQ7c25qREpVX043ZnFbREpo
cFY/J2E/QFtXP0hLRkVQI0RFNCgvLEFfbFVyXiwhb0RjMyEuIiVDLD5BajZCVGUvZj9pNUIkOT5m
MDVuKWhkN0BbPTJnVlRKU3NLMzFUPEA5MldAYyInT0xPcVYvXkMrLydEQEsoPC5KdC9kUFxjUiw2
KjQhXFRJUFxxQl0nZF1pUkNZPmBXSXI6cTh1XGNfJygrRzRDZmcvXiE2N1ondURXPS1RSmstMHIo
RiE8QFdgM2ZQPipRbV1lSTVKPXRVW1w2OCVVNWImTikzKldES2goMEwkIU87USdUZj1sUGUkVEAu
M1Rqc3MnNSxGW19lYyc3LWg7ImAuPkpPJCFUbkktPGVrXWM5WWROXCFLbjsjXy8rXyxZWCVjZEJJ
c2lvX05DdDtEVD5bMD8vO2hjZi9IL19CNEgmPWphXlNxX1hAJ0klbWpzclQ8R2IncS9POG1VVi5v
U3FGU3NQL24+OEs/ZUFsYElFT1IxdERXV0JVWWdwQW05KyclcWkvaUhbWEo1I0kyUkNDNUU2XTIx
cVRLXF0zQG85Mig0SVUrZWEvcSomIj9xMmhXI1Z0aT4rUEkmNUhiMEtBPWE/OTVARHFlajhrTTol
azgqcFwyaXIkXGNJTTA2a1BPJ2RgP0NRJzFAPnAsXmEkLidpVmo7X0xKajU5LEliZ1U3NzdXKmdd
PWhqIy5pQkBxL0g6dV5wKy8sdUVFTUdsaChyNidxIS8uQmVZTVNtIlJYZXUhISR0LVZicF1EZSEm
RHIyLSlOPSpRL2RCQHRadC4nQktWdGdWZlpwaHA2QzxAOGYpbGc+Z1JkQyhzPFNsMyRfNCQhV1ZY
KjBIc20qN1RGNlttWyEhOVVCckhFSikxWGNEcD0zR2dFYjpEVz1lOk1zbFxMXm9VRCw4XHVPcDdQ
S2ZHU1tcckZiY2JvOj8hJV1mQVtsWTtNT2hXTTg7OiImQyxLP15UJkhNa21xJWJZMFMvWTJtcDBO
V1xgVnQ6SEdEP0VzI1QwJkVoUDRvWTlXWSNCT1I3YFNmMSU6ai1kc0xdKFRTa3BKUk4wUGUiY2cx
VThDa2c3bjpkQS4uXChxUz86OnJTPU5VUnVVNkI6Nl1kNWZpUEEmQSNUTTA0UTJrMm9Mb2YhISEi
QmcpVD8kRDxjWjtDT0hKcCJWKlhIL25aMFI7N20/cyxIJWdNKTQvRGZwV3U9RnNVTGBWZlkqK1JI
VjxpYWpMOV9JTiVDLDsuXE9jMl8pZjx1TzpgJkJGazk1JSxtMmw0cUErPzFNTFVFcFs+S2NcUWxc
YlglZ1JCcDVQXXJxLWE0JWMuR08mOlc5JkMxUVxGKTcxQy1kYT5xSHJWX2UlQS1jMjgxazleOjRb
ajssalhgT11ALVBVVnVtc1lqMCNEb2d0aiQ/WGpzQmVvL0oxTUI+TihwMSI3IiRsPSpfbWsmLTtS
ZGIqc1I1TlhVZWhFcjRvWiNYUS1nKmxGXEhFZihCaXVfS2wiSU9SJGtxLCg5ZSMvVj1USUFba08l
QDpSTEs2Tk4nPSJtPy9TazxvYz5AOGtnIWNzTFFvRnBucUE/OUdqcyJbZCFoIypOVCg0JCRIWVla
TEpiLiJTWEhfSEZrW0Nsb0NVVkErWTJRLSRsPmo+JHRiSmVGIWdgYmE2ZTNYOWgjYCJnaVpBMz51
QzkoLVNUPF0pRlliIWgwP01sbSVhTk88LSNcLHJERUc/aSUnNGgpVVRzJl05WnVTOiovcCNbV3FM
K2ckdUpvVEhLImUqLGBUb0IiXnBVKmQ6dCRGbnQtKytkU1ZBW2VTZGFNLENBR2JVQmNGXjc/OG9w
WjE3a2JfMDlRWkw6JDtHUEJBRVNqSm9Ebi8kaUBGNlJVPjJbXVFMTixmdTEib3F0UFdcJF1lQ11K
dW9TZDlzM1psNm9PWHJdSycyXTEjQGEtdEJxO1VURG1nXVsmZkM+dTFKWjFnLEpAaDhHYjY6V15D
XShBaVZoUSRDPXByaU8xLiVeRkBbdVosOnI3UFlpWE9wJE9pQV1xM2VPWyovLDBPZyI/MG5vQ1I5
XFRSYVM6KSdFNCRjXlVYVmZtPkFwXVMtNzp1cl5ZTyZNIltBRFQ5RChLK2RbMD9Bb1Q2V0VPdVtx
KTYqMWhPSCptZmMtKUgtLDQiV1NcS05rb21DQEE7PilOQj41Z1ZOIUxXa2crWXFoKS04JyonKE1B
cmNULik/OWNJJj5kUHVRNUIobV8oKiRQRUM5OS5NMnJHVF4wcTBENFN0X2VsOHM8K1tTLTNQcDxZ
NV9KIWopaD8mWU4yJWFFJjRMWDprYilOPnFRS2wzW0REbjgoKVt1WWpwbXVDbC04Q10sLyprImsu
OFkjNjFjSy4iUG90TjU7VkdUKytcZCtJJCN1M1w7X1FCImZATUppQkFsVmRbLXUoX2Y+OTVfOUtu
KG51LXNIIjhtK0ZybTsrRWZVYFZtcVhFIl9XSEczYEddQykhISxOTF5fdDBhZG5iKzRwJmAhOD5P
WiE/cGsyIS9BbTYnTjcsMVlWTFwiOUtxTHMrLjpJcTtMR0w6UDpuMXRWS21sN1xKQXNFYS49M2db
PnE+QS9rNDY5NU48I1tTZzZPbjZlKyU0N0VXQio+Qz1nSFNqYyxabyRscHE0Xj51dWk+YjxxZmRT
XiQ3UjVLUDhxZj9lbCVKQS1xbkZ1PDdIIi8hUlJZK0E5JERBQ1Q3I2hPbVl1IV9ZMjZEU3BlP1RX
cikpOU0uM3FCJkxZOTs4QWVbUCUqKEBmKUIuXlcoTC9FMXFyNTVlUDlCO0FVZ1hpVzhxPHU+WkIt
JyVIMVVASjQscU03L0VKVHAtQkQtL0lTdCxJOE5hQSdCUzVvNWVYIVxmUzhyVyhbLVNkL0AzWEkt
Uk1YdSxEQS8rcjI5VmhhKTMqP0oyYCNTaW4wWTMyZVdpKWFIPG9KI25TRSRKbGhBWSw8ZmUtV2Zq
V0pXKVdyWVwqNTAnNjU3SWs/SUJSOlBqQllwXlgqN3NrQ0hBX1tFWGNMPTNaPzwnJDQqRFopLVFT
IT5BPS9QczMvaUkoZHU0bWo3KlItLSliVE5bUE1VSi5wRDw1aV5bVmItVUw0ZW4zaTM0Wj5bUHBn
SCdSQG0kPE0mbmoyW0BIQSFsVi8nLllkRXJic3BvPixXPy5NLTc4IzlRJywvW110LF9icVAjW1A5
JDhmaCJKalxsXXMyL1ROSUtBIicuQkJxQkJNJiMzYkc2JC1CW1UqNzF1cE0xVUgpMnUlND8kLUFS
UFQzVzhbJ29hRipVdF4qK2Y/ay8vTnBcRlwyIiFyKTsyIlleXDBoN2JQRytvTjNkcSYvXmQrNWBs
dFdXUSwsbDBlTlI6PmZbalI9MD5hYFYkUTxUJjsvPlc0Wlhsbj44VVluTFQxKUFWZzBvRF1yYGZH
OlBwciczWWtJb2M1RS4yR0k6S2VNa01VNlhEN3VfKzpESExccF1jJmJjVXUxJ0VrIk82OS9gLHFT
SWVkaS1Wb1cjPVs3O040blNDWD9xNSQ6Kk4kP2pyZ1k4dSdEQCwzcTpMKTJnXTsqQSoqVlA8WkEz
Rik9SzZdZ2lsSksyWDl1QWxIOkU6c1xTc2UhYmMvUkUvXUslU2U5OUloMTpIPCUlU1xFTHJgPlRe
Y0BIJFspX0poZHVVU3FnMEA0RjsoWERmNCouYGgnaEwvRmFeQHQsbUVcIyspTU1ZVCgoRi5AR15w
NiloMVhHQFNKZmkjXk5ANFRDRlwnJmhSZWdbJClHJm1MOihUUjJzUiFqdUQrS2Q9QClUQnJlRG5D
RkE+LjNgUUIyPzI4aDItKjJscG0mcGVsXGo9bllqaEteN0ZsSV8naCQ4Yig0cXBjTkY2TzRUOFdJ
XG08I00hJ2hkP0FuRmo1RSNKbyMiY1tnVlRDakEoZCpSKVFidWlbV1pFNz5pIlFOSGQsJSQtZipa
SVE3NylsX1EoU2dLQ1FwJG9QKSUoODxWazc0dW8va1ZcZDJSQ0gnWlkhImMnIiZYZW5lSkYzIT1h
TTdEXmFILEk2MXRbcDQxMjUxU1U0a3JUTlFpMURjVks7XVssQ1REPUhOWG1JUydRLywtKDM9cGBJ
OSxPayVhT19ycSNvIW8kI20lRHA8OTZTMG9bQzM6MyM0PGRxYi9pMzUmPTZgKTZFaVNwdCRgXCMi
S2VFVStMO11AO2U2WlY/Z006T2MwYz1CIyRkYlY0cDNeWD5KREleNkFwUEZxWmNaZld1am4pNzUp
MGhWMlByUUJLWjQ2UGlQSDJBWCpANT1wbnExaTM9QiRpJFBhQD8iIVdSLDluUiFAJTQzX2Q0NjdV
XDxFMUthMltCP2NrczpRXlAnJHNuIVpGO1BDZG1nQixnTUhCXCdZI2Q3ViE3NlYrNSlMczZbb2dA
JShmMGtvWW5uLCk6W1VJLyRbSzFOXFNSOlRyLU4qP2B1WjFSalVOTzVaQVZTKUgrVWsnPzosblAl
MVY3TmhCUGpsZlUoNDEvW1o3VCpYLTltTSkrRCE+NEtfIV5Pblx0aEREM2E4clkkK0kiJ2J1Qy4/
Vj9PbVZQOltBT0BlSUo9aUdHP3E4YkVEOyxRUClpWGNYMXFhW1E7T0ciNy0pdDotaU1YUl5baUZU
XlsrXF47YDdOWUInMl5FSnEqUU1IbWFXKjswV1RgaFZNNDE9PDNiTi02IlBeJ1Zqazw6OC8jYDtV
SGYnOCVSPCRNUG5mIk50dWtEZHBVNmtIPy9lP1huIklfMj1mIWlIX0ZSQVw+QEttNyYuNz9KJkhv
a2I+KmtkQVZOMz44MS1saFpIKGthRjdmLDUlKmhrY2EoO04+QF4zcmE0VEtfTEd1KUs/KldRMnU5
W3JnRkchcU5rPTw+J2E+O25mOmBcV187bT5RVFpMNyQyYF8mXywlJkwwLEElLGMwREEjJXVYMEJB
SUhFXFJvRjFBamUpSnBETi5VTDtsYWFydWRrQFA3SkdbR09FIWdySDJrXlNPRTlUOWQ2aTwmOUNh
X1Y9NjBJaigxbm0rNiFtOHJfZ0lIUyR0PDszWDo5N2xKPiZraWYvUUphXWNpVDooQnRqckJ1P2FY
SHFgXFJaKEowb0E8aEtyazx1WVkyTGJoXVZlYWhbSDlZW1oyREFmX2Q1ZW1rdU5ZME8rPU5EZDtF
UGpQKkJaVDxlMilSQ09NOWY4M2NtR01bQT9Ua0cuLGxgbEpLbENXMWg5J2dZNmZROmpCXUIuWG8v
aG04PzhTI0BcMUkpPEpUVCxmZmpLO2tqITIsJUVtcWhCSS1ETys8PENYKVJkX1A9MXFzXipHW3BJ
KTxjPD01W1I+RE0pV1o5UyxVIktSRGZIXC5fVmxFVSlnLUJRQy04Tkl0O2tsPFc6QWAyRlUvP2ta
bVpGP0xHaTchTS07SSVIR0YpJSdATUlLYiRaRFsiUlt0L2s6Zzg7dWknVXFeakFRZV1dLmYwZjtg
QV5rYy8uVCdhYUMtb1VbTEVRaWQ/UFtVVGNrWy45aWEuOylCJj9UPyM0Tj82IVBSLE8uWWw2aGZA
YVZVSVgsYDRxNVJeIm5cUSUoQkphcmNQKyxxTERXOWBXcE8qVSY/SHVaUmZRZTMvLCtKMltaXS8l
Rl5cZDcsJEheN202NkxiWS0mODlnJUopMGYnIjZXKS51T3ApcCUvIThyZUdVSWIyQ1pXX15PSlpm
czdkdFA4P1hoJkckXCg8RyQwTGdNbU4/UmplZEZlNV8/a2kvJXBZVkYhQE0zR1c7VUhuUVBXLiY+
XENWNmZnRFZILVxgLkU+WTRFLzAuUm05cE4rXm5fUHA/YiFybCNdYS01K3NeSGlnM2cpTUp1Lzc+
czBHaWVvQG5rbFNKUThvXmAmZS1oZkQuLzxlSTU4azkza1R1MDpcailLIjhfIU1TZnRCTCskRWtY
WGE/Xy1wQ0ZsTz9may9UbScrKXRNXnVkIy5ZOl1bW14sYjwnRVctdFNkLylYQFJOU0hDLiJWWGYr
dDk6YF1kPjN1XykzIidvRjVGMygnIj1hZUdfZnEhWTU4MllnSGtuOldvNlRBNiEwcWxwJSZZXV1t
c0JtXWheM0NqWFhENjM/JmxmX0NuQydgOmBxalV1O2UkS2BEKDs0LSctXy5FIjBmKzs0bWYhM1dV
LWxybl45O2w7Nm09WkcvQjdGdGcpaG41I1s4VDdnaipfVzZkX2VgcWJvQDhmLEZzPykzRiJUbGMs
RCsxUE8yWFIwb0dFJisxb21qQ0liSTtbZXFrKWdkZmJfOGw3IVAhKmBBV1xyIW0pUVFDXVJBJEwy
QVlrbClIYSw1Oy1dcWYhdSU3XDFhJ08oay1LUUspSGFQKiwsLksuOEYuTDYjTlUmKVZTKldRMiFV
InErcGNDJElAQnNyRV9hVlcwK3BvdUVHJmh0SnE9QGFVVCwuMjwkYzMnZ1FMWWdoYzhoT1BAMiUk
SzNdZUY7PmtoLCQ2J2BART9lKVhNZkBeJlwiTFhTOERYPlRXQEFPPS4/VUY/IXE0aiMpOzQ0TV1K
YU4lZiQvPHNXW1VUakJWOTwpZUJePDsxUnBHTSwrU0pNNFllM05eLTQ+cidLWyRQVm1iTj9LYWRU
UldQRnIxcGM6RmlvWzJDImRjIj42QUUqMSldX2RVRW1raWZYT1I4aWhhV04uUyoqSXVIblRBYGpJ
JTpvKHMlYGFYbCwhMiwzbVVQTjZAXzM/allCN3RbMyQxXT1kTkRdWTs5VUtLNE46QS1JOEFAL2te
KDspQzBGQ0lpQHA1I1BLNFBbbTxNVCdDciIjIVxlWURMUD5EWjRRS1tcbCMoSSIqVVdGP1EwN2td
QTpFRHNwXWhJWGliQz1qcHVWL3NodGhZMz9JUzcvMi1wZjRJQ2ZncSlIM0oqOmc+I25ISFY2V3Nf
LVI1Y3BRL1ZqOmJlYj1pVGQ7aVkkRWtYMV0mPk1MPysnKDllW1JuZ00zWkBeQlEwNVFJL0tDITVl
NUk/RGcuQ11lNyctST5CS0RvbldHXStATUUtUm1OI2lnV15rbitwQWIybDtMSWdfVitWWyshJThD
KVhGNyhlLXVPNWMtUVstQmMmO15NUlEoQVtuNF5oQUxQNzJbbitAN2VWNyhXdFNmI0cxU2ItQGpN
NywvR2UjSDhhPmU2P2FMQFQ/cWEjN0JAbltoUUVlVTRnSFVmMDEvciUhR0UlbFdPWkRDIy84U203
Lm9tMHQjUjRFPzhKUyFDXlBBVWdFcm4tRFUwJFQzZz5nRS4nKVwzMzUsVjZXc0dFQ2tEIVktaSNa
UC5VJjVaSzZGSCdaIi1SLFBqRCpGLl49dVc2dD0mL0VvUG1LVmVVYz85c00wOGhRZjBvcG1BLlww
ZHVMRWZRcmM/ZVZiWls+dU50OEddRyxUVENyMDVgLENAKSJTXkohJ2g6ZEkyKGlPQzs4cTIsND80
OCFVRUUhIT9LW0k7OTghX2JxJGBFYCRKLkBmVFQwLk9eRHVRbGJDSTwuP2NJUSlGWm5NbnVWL1tV
ZjMnZDdFaVdfMWJTK2VcKG8vKzJNdV1NVFNtc2czOjlNSG1jaWdEUi5sdWJAMkxoWXI7Vm1IXVtv
VkU9TTI4b1ZzK0dkM105bTJcM0ZAYnAhJmFXQDI1JmVpYEJRPzdePVV0aSRhYzE5JWoyMCV1aGRa
LUx0OCc/RDZFKVk2ay4/cyZJPVhYbC9xYTt0QmhibSJDbVkkW1FqZThdRG9mMTVcdEZhXEY/MyU+
KFRXViMsWztrVmI2JCUwM1JJM0k3Mm5eNmVwJCEjK2BoWiwqTTJXc2JcUWFTM3EvXytMdTFucUZU
bixQLWxNUmEvL2M3TS9ZI1wiRztncmY1NDBLPSNELklTSW5pWTQxRDFEOFtpb2M3SlNxM0E2SFZB
OSg+QENfWW5zS20vJFByZ0FCSUotcXBMKHJzUm47MSo+USo5JzBEWmghciEpSF1gKWVZUGBUWlhN
WWwsYGQkPmdiVmVhJD1DKTZkWiUmKEolJFRhcU9tMi4iVjZUZSoxXjVdPUVcc3A4bV41NEVUJi8+
Vk51PTBWOyhSIUAjOEYqOU1Xa0g4U2lORDdUIkMyRUtTTS9FS0kxaWlFTWtVKGQ2JzRZI0dDLTVy
Kms5NWpgUnIhISFFYU8qXEF0ZT51LT9FQEBSZnE4KSgxYUtbQmFeNiQra2pzKF5TKDFVKnExRVEz
ZCdbSyZJSjNPcTVyaUEzSylNUlk3QTBPQCksZDkwSW9zP2Q3MmltM0lXZT1TO0FZVUMsUV9GVVVr
cFFDRzM/bDRBJyNnZUg5SSctQisrQzhUM1FMNSQ2cEtcKU5cdDpGOzF1QVJbdS5nN28tYF1aJ2dw
KGtIcUtVNSRlbFMmP1BOQywqMV5ubkVtS11dW2ZucWlFRCJVZlpgUFAyVFZtNSlSdGQsPFM9W3In
U2xjXmVOOm4vQEUsPSE2J191QydobFxkQU1sS1ghJ3IsJiQ1O0dVMCEhJjVpQzouKDM9cD1zLENj
ISpNRFlDQGczW3FcMjs4ZXRrbEE7cDNASmpYMjY0VEZxcHRKUkAnQ3BpOmomJG87bGVHPSI5QD5R
aHFzUUBYJ1hdUyI0JEFfLTkxay1lRUhkRV1pYClAUURTWzZVTjVAKyI9bEUoMUVpZ28qZSwsIjc3
Wjg4KSM0ZCQ7T09EVSlnQ18ralFgcDduUCduOSxNUWtzbTshT09aYklKKFE7RE8sT20+MCczW2Zy
I2dTZ2pULlw2YShGUSJOUktDRVdTJS5lWDxgbGxYNDxkQzJvUUVENFZgOENIPS8oOC4mMGNZSVch
aSZccEk+KkRoRVJtTihuSkUzVy5DKHNvSjNmIVhyZ2tuVCohKz1nQEJUOmEtJGlnOEU3KmAkRSw4
dU8jR0xIYTAiRiI7aFosYWUtW3NnMiVqOXEqImcxdWNPLyUobVc6UTQ6SUNUXEUmUUdpT1JASzw5
NlVOaF5JOCExPGorPytoQlF1Yzg0ZGpaL2c/W102ImNsMWxyRmUpN0RNb1paK09WJiRANzUuUlRJ
W1NwXW1laUVuLGlaXyVdNWhYIyZSdGttWTlwZUIqVEsnTD1paSh0OispN3FeQ2UkV3FOQmZhPShF
WGZHXEBkK1FCRGQ7bDVOP0JxLFksTmE2XTtNW1tdTUM3ZSh0Ils4JjFaS3A9ZjNhMjxxcFtCO11O
XW9tLTApYXUqSllsI1wkPS5vaVZRLDlUcTFBKSJuISEoKjdlTDcjTDBYJyNRbT9bW3VZKiNSalhL
biInVVxuayY4YUIpJUtIJGc4YUlQZ2pkR0ArPjwxOy41MTlSQmJkXVFJQjIoKlZKbWRoaD5wQ3Vi
WWQsZGJyM2s9KkUuaUNkZUpJZERtQipwRmVNRzRtbmAobERUZy5YMjQnUmp1SixvITctQTFcQSpK
PzFGPWlKOU48KVRDPjtoREAhQWpmSTQqODRsQDZFdD5nVC1CITVhOk9NYEwpYCUiUjQ+VmwoYVRW
Rjg8VVA5QjtSMVxaR107dC1GI3NsPTM+bE5Pcy1JSSw1PT5qKmhLI3REUloqdV42M0hnLVw3IV00
ak1JRGUhNDVSPloyK1Y1ISEkUGQnUTBBaE5ULT5caWhaayRbWVlVOkBCayloRTg3bzVqOXJNcTRK
LFJwbTglTFdgdVoqZV0qcXM5LGFzZUtCOTc6ciwrdXRuQDQxZldTZT8yXWspLlI6SyhzVmY/Ligv
PjdJWT9nXVVtb2xWc2J0RjhESU5Ga3FFTWA3Pj9BKGdlaTtcS3JiRlpnWCZNWDtzXiFQOzFzdT1r
I3RaJmluTSQjI1YtY11FQnQ2aEdLRENmV2hfIWNVN11bLSs0I28qST9JXFUtb2cyWWRgc1ZzUWRr
PF8wWk8pJVx0J04uTi0/Z09WVEM1WXMkcTY5WSVPamEwJiUrXVhyIU4/TF9HOz9PVUNdQzFnSkgv
ISdnYWo3ZSsrRnBfO2IhU0JSQVxZZDkoMEtsQStnUUdJcHA8YltxWzo5KztlaT5kMlQnUSNYRmBU
WSpbSV8nPSFbJ1hUXzVtdGZdU11maDBnRGldIWVZVm0iKyo7TnBWZT9kcktfTTQ/PU9lWCE3JFVo
NSR0RGJoS2UyLSgrKVJkN1s9RUkwM2RROjxJOGxCSi11dD9AKzVCSz9Lb20rL19SR0JrQU90S1ZK
UmddNWZKQEVBOVshZGdOLlFlXUliI1s7bnBWSF03UTVgayQ5Y3NEWz1nSjBIcDdPazRkTGRLVVNy
UjIkbWhDQC1RV0dYVC11NlRob21HUCE1KUwiUlw/UzQqPDYoTWNvVUgrZVhQXFk+KytNO09ZPmU4
NWs+P0FeMUlNK0dlMXU3PkU2Mm1kcjo9MTE1W3QtXEEzPVE7UmpkJFxLamtcN1psZDwpMEMlKEVs
XGxnYU0qV3QkJDBCKjhCRTomUC9uV2BsMj5cNiY5P2gsWTU9ZjZOIz4oWHJCdG0yZVJHQmduWU5L
SmVzJGZWTGRqKkNSLGRJLkZVbWEmUCJgXD9uZHBMRykrV2lsRjxpTkMoTmhDZCxHVz02Tlo7OUkp
YG0kJ1g8YUcpKEE5MGxhbmNmJmliQWUpI1lkZTlSLU5nSWFlWDhgVVtUXiY9LSZvTydJM2JcVExA
MDY7PVw0WyE8PkBvWGFMbi1eK3VuPmInMCZzQWdPUTtZN1UsLzdhdThSTmVwW24jS0xMO2EuPTFR
UWdaSy1iPDIsRUMiRmIqZFNTaiRlVEdcbChlJTg6RVxHWS9FOVgvcDBUKyhbYWY7MlBQVTNNay8w
ZkExJyw/Zj0xTS4/MzZISSJBVEtMK1dpI2N1OV0sUVNHVWRlNUIwNyVcJWY0QEIjImYmJC1PVzxw
Ulp0bD1gViFyLmtRQzB1KU9ccUA+OypjOGdyJk9RISJtYzM5WVkrNDRaPjJ1ZW5MZTEsOy5UVG5y
YmFvYCUubUZUTUxeImBVYClJYFswSFtzTklvJWhfQyxCYWBtQUg3ciFfJy5YUm1TdUBoaiU0Wydl
dENYLkVyPVAsLyo8PVklJUxDLHM8VSliJU9SaVZxV0wrKTojMDBUQCEpKERsdVltPVNMYEgqZjFZ
JDgxZCVvKT50TGM6SmIwVT1eW0w8QlkiOztqSylZRklaVkRwWEAtQFUoZSg4MkZLUmBLInVKSyxD
QGpWN1QsdWVJI2xQaTNvQG46USVEamktTSleLk1PYmUncFEyUEZUJ2RcbzduLUBGL0Q2OC4+JG1W
ZT0wPUBPUExaby81Z2kuOXFMcG9xOFctR0Y/VW9UKWRQJjU0Oy5UVGBZMTlRYSEjdSEzOVYxKiI7
cSpJNyEhIi1vQXRySTZeb1RHcG0taS5iRFNFNGkhRWZYRmBcPCVrPWFGWz1XPVo2IjBlTVNAQSMm
Tkc2PD5zazRQKVQlKURxa15YKWBhYVdYUDVRNiczJmgyaUVEVDQnJ15CckAudUdHbDw1NVdDbWlE
aHReNHBwVCUuNVpdRSJjOz5BWTcjTig2J2E/YWAiK28lTik3VE83PD5lOCxONDBbM3BRJURrXC9B
LjBrNWxBUC1IcVRLM2BHOUEnSD1SYDdHNyYnRWYiMi8+PTJNRXJYalVfaDQqTXJrUjMlPiJlUChs
dW9WLGpuLDBOTThXWiI8ZGZkLDdHRE9SUishMEFCJFZycTNScVokVmhOK1NoRW9vV0JvPGcrcUQr
Y2UhY0dVZmVPOUlKSWc+I3I4bVJpLGIxUTllPDwpWzVFOko/NloxbidDQkNzKSJLLVBXLiY+WjQz
TVJrK2F0MFtRNTlwV0lxazFdLGovZC5BX1ZuMWFBY0YvZW8wXUE+Y0wqLipUQ1tBLys6X09EQVU8
ZEw2U0lbV0hYbnFkTj5yN2NEZ1dYcCZ0I3E1MGQkJ1VfUGBhQkBNTWwlIiEhMmBcNy1sYFFmczc3
VkNWOzg5JidiXVkvJm9oP1VjaiQ9VCxEUiw3ZFlzPlozJTdYM1VgIzdNSTJHO1hGOmJgOzEwJGNR
S1RjSWpAWzNia1I9Iy4wRFBjM108Im9uWEBCSnRhSHEnSXQlNS8jWCcsals9JmwsU1wqT109TW5Z
REdpKVVkKFs+Ki4pUTs+XVZxLHBxXD1RXCJNayRgPCJTJVVfRkIiSmlSOidAdSZtSWxDMitIQ2ol
UUBEQ3VzNEhlLDAsW1NjZ0oraFNKdGgjOCZZaGEiaGMvaXVcMitmIS00S0E8IVJXNlwvdWk5YnMw
XjlSQnNPLkQ2SFg0VWBWYkhNalpwVkxhQVcoW0VEaD5QRDk7NmglMGhYMDAwaWZSKWM2JSYlSEFA
Xj88Q2tETj0sOkJDRUw3UjQoNXUsXVRFRmI/NzswV25JOTA5PWQjPjBiXVdWMDFHVUEkc2dcTHNv
ZCE3NEY5QW01cEpZQG1uOStHWFIoaS9hODRMLl1FMiRBSEVhOzlxSzhmbT4wTVdpXWhoTVsnKHQ+
dWA7a0pJK2ZeZDpvc1pMUmsiYlJxRUdJRkVBImwpVERTOGAyXDs1XWRuMV9NS1U2XTUzY1dsUS5T
USdDbzZcc2pJamBWUUBTTDliLydxWmJYNDZ1J1kvdTFVR3UsP1JFLltKWGVaalNgIW9JMl8vVGlz
RHA5I3BlUi4hIWRIMV9mXXEjJlgzVGtEUW0yMixBRl5MMmdLKGJla2xgWTRdalVAP3AqV0tpLVoi
QTElcltkRjVDb0AoJCc5MXVxYjolQypUbzZfVyZgb2tfVE9ubGFrMG1qLjlIMkNjXm9LdCVoOjJp
Q2lyQidFSl1NUTZBamhQU2dqRSRJKU9DSWMvKUgjKUZoO0tHNyJ0IyMkV2JKJENlPmslNTs/M1RG
aG5LXXEiLVZoLyVTbFYsYl1LUUVXNSFCPkovLlZYPkM1QE1GPywvQjoyQEtrZC1TOGRHalVWWFo+
YGEnWS5pKVphMnNPOFxtOmwzWkAtWDRoS0REXi4zcU1MXCxjR2Y4XyNMLW9kVjNgTklnXE0mWzUq
bE5cTEM1OFAtMkdaWCtMWkxHK15kbipIQk5GRGwqJzZxVUdFdEo3KnEzcTdiZVRHNVtOKyszJ0JR
VVJKSkdRdG0xPHE2aG1mKXI8bHMvYTlAR2RramliY0RDJ14nIi1ZMl1BIz04bTEkM0JDPXVETTsk
SE0yRy41cFM7ZHBHaCE/TCEhIkFGRF8sSjxUKjUycCdzbm9LZkkyMGMsP1cvZC5POFMuPW5OYWtj
ci4rdUxIZEpoT1BLVDtTUlhJN1U9OTctPTdTW2xMaFFDPSwnKTtIW0hncm1cKytOUiZvJiplJz1p
MztVc0UyQDs5clVlYEpWXGZjUlZgUUNfVSxFRT10bExhWmFPOWtdMD1ALVI+VTxNZyQ+dWMvSDc0
WG9oJFw7L0BrcVgnTVc3ISk7JEVqOzpYTTFMKzFEX04zSk9vMTtIMTg1Y15QSnA6PjUkSEpJKjAx
XiN1V0srLllIPVJfIjg5Qm5DJUoyNiwmQTQ1WUtYRmgnZChwXSQiPjVOUVJWM0JPUl5kY2lKZFlS
czQrPDdoN3J0UTBkdTVIPWQ5XXRObkRdbXVvPnQyWGIsR15KNVRARVBrSlxvVWI1X05tTkhWJ2Zm
Vk5Lbi1cSTxCUG1YZExDKUxgWzkhMG4rPENuMEo3Tm0/T0JUK1FZTC9EcEdCT0NDQWwuV1cvKStA
RyY3IUppdVYhaypOVyk5QVcpYClic0taVywjcFoiSiJOYUI1NllQPVksOixnQkw3VVtDOzE5SWNq
KzE+I1QsczFSWiVfYTBdKXUrUiJPWTJCSVU9OWZiJ1spYDhFSmpyTy1jXjI3LiVUKVtATUUmcGcq
W11rODktWjUxbEQyXUtmPG1AXjdpOEA4SDcyR09maThCQS8oNktgLk51dW9RPDwvPiIoaHU/IVJu
JCNMZkApR0puRz9VLz9VRDEiUFRpMU0tRVEsb2NRS11dJilIPk8oInQmPk1lTC0hTyZ0JihdMiVU
aS09aSwuZSdbNVJaR0ZWU09ZXCE2M0InJ1JaOHMoW0hQJVB0VUBMN05pNUwtbDtINFFbMF5RJ19r
R2AxNCxsODcyPCgiIiF0RVtqciZqW01raXFDOz1LXyJETTFRakVWIU00O2tmJ2lTVnFNQyREMT91
UDBVRlRtKShaO18iZmEyZGA2KEJoM1VGJShjJHVTYkRCKEllaFg1Rk1oV0s7PS1hMkdYJjUrVF1o
QTlGOEwtS3M7NyVPci1rOGRgJ01QRmQwNjJKK211XklALE5Bak9RWGBkNlE2bCxsbnI2Z1U7bz9u
M0s/MDA+JnUxVkc3WmhyYVJhWT1jak5dIjVZbmkrI1FCbjo4WXBbV0k/VjNTcDlYdEwzcnFQcXFa
Pl5aXFsiQmZnNFRLXywuNktYcGI3dCRYIThQcTAnXzBFTWVRTzEsWEFwXVxYO1MnJW9pRSI8XSIr
NzlLdEpKJDB0PS8yN001K2pjMGI6UU5oJ0xEOzlZMU0mV0l0XGFkTTQjazdyP3FcalUlTzBhYik9
QDYvZ2NKdHEwclVTcFBXOy1gPDFRLDJsNk4rKHBwPHBeOzU3PjY0XzRtJilBLUJkajNXUGFFXiUm
O2BhZCpxTWVaRT5ZKi4pJSFrYydMTkoocD46T10mISQraEJTZWdVVHIrMGRVczdzRnE+Ml45P1Us
UFZdUj81OG91bDotbk5LQ2hqa0laKzRHbDEvaWg8VjpXSCdDL2dkRSpQdCVCPmcpKERUSWRzVCdk
OF8lYUoyO0hUTEBZQkY/aiVLPk9uLTJHJ2gwJ2MoSGVmdGIvViI2KFckQCI7XnBjN0hTMkxGNTFG
YjE5ZW0nWWo6dV5dUHMhJys6XTguaEBcdHU9QkdBVi1EZiJmPVBjSVlsbEJhbVsvYW1rQWFfKU1c
KyM4KFM6Tj5YPVdhbzpUaWQrWW0kbE1MUSVISV85RnRtU1EkJC9YWzAzNHVraSptQyw+UkB0WydM
MTlVZ184LWJrV0VkXTsuZVUuMTZLSEA+Ty5ES2QsUjtvPl5JUyspZDJsdGA/Z2pPZF1nJlowMmI/
IihdZClfJDVNdSYuKVwsaSw4LWQwbidAS3BLOVVZPlE+XGMucDVFL0wtX3BBISZIS1Y3bHNKWF9y
W24zTzVSQUgjQENdQFRqNXFpTFBNN1JgS189dUkmP2IuQlBzWEpbcFVsVWNQSS1saFpdJCsqKicu
LEpRIiwoPSRUIVwvVitKJDI3N3UhOj0uc1JoJEVhQiJnKWZGdVNuU2xIYWVTQ0BTTWdcNlBKZ2cn
YTJxaTQtbjknR041Ry1rOy5fIVlGSlhPXTI8OWFLaiJjKlZrTSZPbjdxKj8pSDZWLVFoYCxKJE8u
Pl47TWssKGNiVUJFNFQuUXFkLidhbTpvLlFEL2QnRUR0b0UyNl8/WV9BJ01yaSdhSCFONHBUYDE0
X0VcdFBGYW9ERjNhamZeVFZWYDlsITRXWGpLSWtcYidZTUVWLSdBPzA7azsyMl4jdD0nTmRuIS5h
SXVpW2NfUGdjWEpWMyRScTM5dDxUc0RVS0AwQ2A/QzRVNk9YQUliJ1huampQSnNwWDJrcFpWU3Vj
PkJEXzMsTUBNc2tBXEhTJTpOai1iOyxRME9waElKMD5BQjYvS0ReLl8rOiIuJCgzWm08WTlwU1hx
LS1xYz1PKDxUQkQzZSZvZUwlVl0lXl45MVM6ZHNsW0VnLUVOKDZBLSIzRkpbKyU5M0s7WVFNdT41
ImdfJk1GV1ZkVUVwNEhPIVNrNCFrRCtASCRZYDExUGJJITNcJ280J1lCVHMwMlMpSjMvKDlKZmki
RjBAYFokZVUpXm5TWWZVKy0yXmQqQVF1XnFndUVYLVVVP1hLaENQR1tcMj8rMWwjdXMkKE00QEc4
V3RQQEwlWUghbyg7cGRtcSJoUVxKXiomU1EjMUBrVVVPWyhrbTBqJz5qR04/VDtdT1I0S2ZhXDo2
MVtNYXA1a1s0akQhIlAjW0NjQDg6dDNBXUZWNmFkaCQmXylsIzMsbjZiVFY0SE1RPzlqaXA7ZVhx
U25DXl0xXlo7PmpWTFk3NFNMK1RgLzEwRVBgPFFWaCs8UjhcWnA/RU5jUzImL1VcPlpbLlRtZyEx
OVIzbXRAUiNNI1tQNmIlIVMoWis/NilGLzIuYkRYJVY0U3AtYGlXPkZJR2s+VmhHUl1kcipabilC
MGVUVDVfbzhLRW8pM1duLU5vRl9sZHU2VjFOcW9tLCxgNSdSUzclMy81US4tSDE6LWMzTi5VKmhW
NVs0SDIuQERWRFsvJVdAWTlUO2VEMjZgTnIrU2RUQVEjNUN0NyEpVGVfXEdNSDtNRk0zIS9dWGdq
M3InWiM5XE9fbD1KNkdFcVQ5UW9tayo4ZkhwVUVDYCRxL14tPjlnJydiLWwtTS9KJDdfKU87Uk5b
LmlVb0RFcTUzPl44ZDhpVk8oMj07L0JYXDonVWM0LCxpPWEiTy4sTih1aGY+UEc/TVJES2tXVFs0
OEZeXWdGW05CK0dDP1MiZFchN0VWIzxsNTsmIW5WIj5sYGdeVFRmZ3IxRzUmUVhxJnMuQmUnRzZo
I3JPJVUrPi5Gb19Icj00XjVbOF0yVVUia2VeRGt0LVZKUD03KTVIdXRNR089O1xpR2MqYlYwQz1t
aURlaWtJW2hXO2c6PmBfXWJsO0NNLkhxcC1yTCoxSCFGUCZEKTYuYlphPlNiK0o7RV1pUFZwYSJX
QjUoV2MnP1glTz1JTnNWO05JV0ctaU8sVygmO1VrTEwzZlJVYE5kMj5RYmRGI1RrXVxFUlI6SFdk
cXU7XUFlUF5pV11YZ3MmZltzJ3A+NmIvVDotZCY1MHJkR3IhISYqSFFWbTZeNGAlN2NXaVlKOFlp
IUBrPXUpYCRZYztKalZtM2NLQzREPVRRO01VclclKDU7VWEmbWAxUSZOQC8mIyZgLChpTFFTN11w
JDdNMHQ5TG09YColTmRpVi9LdUArN0tpTGExb2kjQlVGPEAmQS8yazJYdSs8VU1ZK08lSUkoQC4v
SCVjLWtJQTZST2lDRl8+c2lNPGs4JVxXRW8/VTAzPDNZUiQ2KjhibW8hZzxnMyg6ZU1UVEk3PkEt
cyU2N09YYmVdQCFeZmQhNy86T1w0SixNWmtgOFxYc21bMC4yUWEuajInNXI9Sm9NWyw6YSZcXkNV
Y0BzN2JkSDpwPkg4MUlMYEArWFphQXFvWD1QT2dGPHVcbkhiRyg1TkNdRkdYTyQ5PUBQI0pKRztD
JjNRUTltMydvZ2dPRVglJGJOLGU2UHA6Qz9YN1tSOSgoaiVWQGZNWjslVXMsTU88anIpLzs2OiQv
Z0NuKWg5O2tsbl9bPGF1ZV0oUD5JbFRGOC9ILlxYLUZcSFtCOykxVldvY2lGQXBiNyNIYXRTXT5B
O1JQNmMhQnBnbyosZXArbkM9Kk1mPy5XZ3Uwa3JGRjYlW1w7WEM7KSlMIzplaiU4TyNvaD9VKSQ5
QHVPbFpzayVWTj9VbyYpTShfaGlKQVpJTDFwKGVOXmM/YEQ1OWVCVDMuN1VkUmI/ZTtOJzdQU01g
PTxaJz9EWUpMS0khPWwrRHBZTjFkW09lJj8wcUVSWElON0tpbSwrWVlDI25vInAhPEYvYz89YTs/
LVwqVSFHLlwxVSRTQkdcc15PNkxHOWtuPikuXiF0bUYpUC1kZC9POzhUcVhmY0QkQVw8amhfPV0r
YGNSRHJbM2tqX29gR1cvTVJGaz8yOC9ydTBrNUYiYUQnVWAhYjFTdFRqVz9BJykrQDc8SjpbL1Yn
TExZKSFoNUA1cG9WZmhqaWVra0IySiFPalIuTVdyJC04TTdUIW5UYW4kI3A7WydKVEZkUHFkVV1b
KEhOLlVAYS9OOHRqOzNqLnVpZXJVaUhzJkZFJV09Jl4qVSpnZGFfOnNqN24sNHAvPFh0SVtEIkwq
MTlEZkRgTDhoK0cwV2hiZHAzYF03IzQ8UF46SWpZQ2I5N2ssQCssQ3Mibl8kMjQtXmkrc2Ysbzxf
PyYtakouJlwwQz5AZ1dOYE8vISEkUiIuNURuRS4wJ0AmY3Q9Jz9aZGRcUjc2WFJVbCV1bipFakRE
SUJWTkBoL1c4TGhESj1DOWIvQWRocUBuITRqciRWRG01MyE+YVRHXTtOOGRaSm0wZGlpN1BSQkRk
NkMiaz9nLVlock9yLUhJNiIobHFMbUdgJnQpY05EXFRgMFBBOUcpaDtvImxcZFs6YTUmSWNbNjNL
WUY7MDRfPEYwMWFaNFUlZXQqPiEvNUFXPEVAU1NhS09Qc2dJbjJpP211OFxzOyxzMy5JLmg6a1lg
LUhSJ2pPUkRTIjs9bC1XY0pTUnVoZEUvOS0pPkhoQ0Q2QWhcVW5BZ0dMRm4qRkciNkAoWihKRWpX
MFNuYjY9VCcrc2ZGS0ZjXWl0VS89PCMzSScybU9pLic/WEJkVGhjYXRMMEJDTDtuQmBKLnJTU3VG
ZTlwW147ISx0NXI7PUwmOz1gaTI0V2pZN15RaDcoQkNvTGhZS29QZXQnVSZLXmVoYj04QmJdNSlj
biUtLSdPSThBJ0xzV2Q/VVUrczc/WWlxKVhmImdsLVdmJi8pMCktQiwiVjQubD5YPWlOIjhDJ1pH
OVhCQG8wO0RWaGclX1I8MU5ZMGk9LTtxWE1xQS8raltPZmo6QT4sOEplPyltWmFFSig+aUdeaUoo
OFQxSGVOTTdsUGVBSWNiM2pKKGVfck1pXSJtTkBBY10kbDRvMFYvZCxQQ2taYHBfIy9bMCg6SSR0
VWhTNy1gR2BuYHFQQGBDNitOXUNIRUc3U2hCN3EoUzdIQjFNXGw1Qkg+aWs/VTBXQmlfUFNBbjIh
TyZtZFNFPyEiUzAhPEBYJDNmVy0wR241TVQ8YTI/JE9TSDcqL0ZBbVFLWjojY2JcdC5VXmFASDRj
UFVTdDsvaGY+PEwlazwwMjQ5XEVyKGMpU0JIKVpcJkFCWEhlbWdHZlQ3dEo0UUdaP3BEKFJEXT1f
IT8jdWZCbWRCWD81JGxNS29oU15nO0NVbTxHWlVgWSxgcjZrISk/ajQqIV40aSNfUidKTFVbW1FL
cmBzUjApPVldcWcpTGFSN2EwPFRAblNiPkY+VFRWWEM6O0RRXW1YKVtxTS8nOy1cOFI9LUBAKT1A
O211MzVkNENHM1YraCEuXEIyRlshImMlS1FRWzQkJkFcOjJeWSguPkhYLzxfMVk3S28/aHJFM0k5
XW0qUlMpSzBkNUQnQGRKcEEibGldPlg2cDRzJEtuTDFNbiE1UV9lVV9NLzNlKDdmZiQiWjo8ZVlO
SjdMcShoQHRCRFxWWj9UQidTNjMjTixCNz5DTlMuKUhsT1MtNHJiTlhQYUBULVM8OTJpO0dNbCND
U1VtXE9LU1U2KCpuXVdcLEBQV1VeWWBvSV0qcyd1NjtBLlsrPUZPLFs3ZiEnNTU5dT1WQW8+RmVc
OVZeTlxYZW10Z2RtR2A4QykiOiUqQGgrVDBCcUBZV25uM2QhLlsubFZxO24iYnNpO1c+KDJqRi08
PWs0LGlySk1qK1stUlx1S09mMEI3YWMlRkhxNF9kNEdWTiQ9b1lTTWJXZS8pLzYoQWVcSyZvJWAh
OjVQU0wnNEQhXFFFO29tYVlzLzNBREVERWgsJjlGOVA6WmFYZ2xQRC5ldHArNTpBSSFYb0hfaU1Z
MVRMdWI4VVVkcT5uXG9ETTdEQlhBUVhEP0cyZGw4PmlEMkEvKlM4LCN1czRXMykzQ1JuZ09tSydz
WGhSK2E+Si5uUjJ0NiFNMnFNLWpgIzskOyN0VT5NTiRFZmkhPFcySTxNWHQxIl46YVZqV0ROK2FS
ITxCb2xhLTFBIkxoPEY/RHNNYkUuRGAoUyFSN0d0MXUnJlQ6IipAZ1wqQ04vV21YTFwrWjwiTiQ4
KytEYmVQbTxdaDMnMGlVYlMvPjNBTzZsTzp1MTsvZV0uQnByZ2MzLzE6MHBkTiknVCNBYFlhPStR
XVlwQE1BKUVRcStQOmkuNyssXydUN1poTy8qQFNEUCg3UlZALXAhJ1xmNWVXSjRJSl0vOzI+R1Je
OGEoIStvQ1RSI1U8WTlCZ2hmQylUcTg+aVkkdWgnPk4xOVVZcSUtNlxFcS1jXVE+KylUPWxXIlRa
amBeVUgsY2wlJyc+ISJsbjYmUWRUSllVP1dYMV8raTtkYmpQIWJEK2EyNy9VPVc0WmRwXWNJSDBV
JTVXdXFsUjxbJEt0aCI3WyRCNCRKaC1RKEtjRDA2OWgpVE5qYytqIi06Ozs8S1hMJV03ZStiUSU7
NUs0XGJRNkZOJDhkVFNGODpuXjA9QSNLNlEkZk9WcFhJPkU+cVtFbnInO1o6NlE4X2tZJHFJM2Yx
XjEoKyUpLGZeMXVBWCkpQjIhXj9bJ2xvKyNsOWNuWW5COVdQP29NXFo+c2ZOZE5KPCRecHBMcVNY
WlMmPWBZT0w3Si88ZjVvaTg3OGcwNE9XRSgtcy1gKSJeW2VmbGdTZzdlSmVhL1lSdFMmNix0VmJF
YFpgK1U7OWw8QFRAOVZfKyJbJCwjPVwmcFc9KT9oTGsnNE05TWxMbDo6LihGOGosZ0ZTS15ARmJA
NlZCKjFEUmZgUmBmKSw9PGhdcCNDNUJEY2oramhEYTRGbz8iaXAjKiNKLFxTMmk+Z0RDXF1hMVEp
c1FCT1xwJz5kaz1UXlEiTDRfWTQyMEVOLWhhcVxEKEA5aFRKc21UbyRVOE9XbEU2ZEpvR2lLJmFl
Yyg2OTlBJiQ6TF4hOlc+RS5lYW02QWNpJGxUW3RUVGNdcU9IT2xaJGJWcktadF1TalZHMFovRCpS
Pl0jXkJXTWMqKWwxLlkpbEU9K0UwS088OGxuWjRWYTcoK1w0RV5vXyFKNW1aJkdGJDdabnM9SVFC
KlJOKTldYWxNdCgrMmo5SGQrUnRjblgqbkxnYS1dXzdSUjtdIlNhRUB0KUpqWlteSTQrXEI3Jl1S
VkdadVs0V2JpbEk6Uz5zWGZfNj5hanVYI2FRTlJUbFVeISY7NyVKK1sxXidNRjltblJCV11PdTZo
OzhHZjk4ZDVfRmFGXlFgSklPbUJvYS46YyslPj0zKWMyP2BOQiw+bG1Jcl5eSXVabi4xdUk3S0VM
PiRbUmVha05hKCZWX1dESCZKTDFrXTMzWzdwWTJUZydYR2JlLGVcZTVMQG4xbmYtaFFiLiFPKFAx
MzFXK0NrJjktVVluPS1WUj46O18iQjpGOy9pO3Bfcyc2b1xcK1wvW0E/PmlKTlczbV1YKWIwQXA2
Lj0sb20/P01lLnBnUXIrITc2Pmo2LExUalBVYytiUGJJP0lfUTlWWCIuKEpmTGMuJSUmMlUwJ0Ft
NztqcyU0OFFIXCxyXWJyKik5OFdFSmBlJUFlXUFZVmIsa1ZcVFBHLi8xMDIlMm5sKWtdOkthRExK
Q2YjaUtIKDdTb0lFaj44MyZAaiJnSl04Sy1pKlVHKiNUPzNqbEpWQkVldCE1Sm06Tk08PylnK2Ao
M2dRZVMrXCIyRTljI043SytbU1tCazhQOUhbLzkpaipKTnVwKVsvMFxrJ0ExOHBQb2daMykoOFpx
OEhnTkxWJCU3QWY9K08lNCJBL1lNZTMzRyJ0TnMrWHVtKmtbTz5xXFBZJjElci40c0EzTl50N2NA
WDtgYGxCNElAUFJITScuNjgvLExaajsvaTtwUWgrTjxZLyokVDAuM09pTTByOC1oQ19kU11wXSoz
clVYITU0KD5jR0trRWtQTmRPYUg0M0spQTdpLCxhZzRtPWpLLGN0Zjs3MigmVW9XXDQydGVoXDdg
ImMxOSMhRHFZSVZATlVCJzUraTBBRzwoaUJyZCE7JGdHNEMkRUgnWWdxbGNCUDkoLVJLZ19lNiMt
KWJmQkBXSGhWS0JUNmNlWWJnajlpL11DXGFuRF1uL1UldS5VKUBJKD5kWmRUM0ZWKW1FanU2VCZA
TiVcdEA1USpvRVdLXT1SP0xMLCQ1OWs9UUIub2Unaj0qP2heSVNtIl8xJDxxOWxuPU5GZUwhI15P
YVgvdCdDKW0kbFdzOzI6MiJpV2ZWO0c0MjNxVGJHcUIwbz9UVlc7UHU2akkmbSspQ1FsPktJTmVs
LlJcMi5lczMuOzFBc2QmPlVaY0dRMTpSNVovO2cuUyRHblVxKlkpJUkkcmpRL0puV2swKkpLOklM
J291ISYwIlJVVV0rNTgySFAhJzQkQS4zRitkQEdDNkRRZFNpXWI/NmRAWl1RLmk7PD5GIVsuLllo
XiRAWl5KW3RTTCpDISVqNjtZMjwqSilcJSUwQE0+Wi07Uzw/aFclL15CSUJRVzZKZ0o9JEFKJHFH
c0FbInFbTmdpSm0xaUo0MVksJCxFWU1zPjFcSWdrUFQuayZFaHJIPlVgbTZOLkAnLkttL1loakst
WDsnaC1fVjNoNFtVcFolWj1wa2olbjU+cDJjaDhhVURWWVRwW0Y5U1FJXWosTFFTYWU9XU9tS1Ur
WideMEw7L2ZtIjVGTTJQPmkoJC8hOlc+RWI0cnFxZXRpY1QhIzNkdSdZTjMwPUIvWzdVW1Bdbilf
ISZROVJYU1pHTFtKU1BibEQwb3BoUixmZE9AU1VJZTZUNyx1bVBMaVI0US1vMUUvNUQ5J0I0LStf
dCliIzQlUEtKcy5kWmReOEBNRHUwX3R1WiNhInM1XFVmY1cqJXJdckdCXF4yOyghTDFpSCxlOm1t
Y09pV1ZkTDN1YEU+QTYkQm43ZUBNRjluYWNOLTE/U2ZoMz1ATFlFSCxsTXIxU2BrWGRyKiYsOGor
bnNydWxFSjRPVXNDLypYSDRnbStJUCpTQkxyXl83ZlJyJENrWjwvZFI6PidiZGxcdUhhLyFlOyhT
XHJNLSYvblkuYV5xYkl0YlY5X11VOHRGXzpIWC02VXNkS3BLNiNUOUtYMGI5UiRJcTsuSyVmO2xg
NXAtN1QhVXNYbF4wLUFOPVRGIl1tckdYcGFcW15WTWY4WUY5UkhfTXAvKC1lM0FXTCJCUGlpVmIi
YDldMXVSXUdCOD8mbSgjMTc5KURJckNVNTNZQDAiRGF0Q3Nva1hpbEUkO1I9LlZMT1NETCZbSlY3
RE1rWFtWSk5HW3EkMGsiUWVUUV09aUgmJ0YhYVFtWGU+UW5EW3VBM2UsXGJyKiEpXWxtWjZuXEAk
clVrSzI9NF1Vcl0nTUdbcFo8O2F1bDAnTjNDTXVuTUc2WFwqXk1Vc1dhITBHNk87PSZiYDVVLy1t
a0FmPkNBKVE0O09ab0pzVERhaklJaipLZjpLb1gwLWojamJIPl07dTlIY3I6N00zImxOYVtoRmZE
LGxhOy9nZmkmNUEnZzReNUVkUVByPC0mRTBgKVNRWCMpayI4TlhiU3RIL3MkaSEiVVFIN15iWj41
KGQkYTYzZmNaLW5WSTEqQy9fWVdaRHNDNlpzLnIyKUo6JVM7MUFmPm1QNmQ6QiNMInJcQ20xZ1sl
cVkyQ2QlIVJmPWxnS1VqUycsOlBXVyh0MkdMYW5AZCg7TjBvXE5FLihGJCRrdVpXSVdzMiNvXmwt
JURpUC1qRDFdUk47X2drVTspZChoJWp1VCdSJ3UpQHRHOVFlJWtVXCJUSG1SVSYiTUxdcHIvXU4j
Xy4+aSNMQD0iXS5TUzhjQG4rO0JcM01Rbl03U0tAVFJwI0RIcSRXSTQ/K0xTJEFoWFQvMGcmbVhm
XWwwU206OU1zM0okXWpfTj9vTDY3c0JiOCdiOkkxQF9bVlpsZ1tYRU1gRSQ4NCUvXlo6JC0zXktL
ajk4b1NOU1pYWjBcYyxdaD8xXGdHJz1XNCInRU5AQF0oO3QpMGtTKS5fQCgjbFYkamxDVW9uXDEq
Sk45QU0nbHFWMCNwRj1VVz4vWyUibkFWWlRHck4hLWc2bmVRU2hfSkovImBUR1Q/aUlcbSQ1Qz1r
XF8jUEs6PG1RcWczZDk/bjY2OVNCZG5ncjwpPSRzY0ZVQmhjNURhLGc/YkZkQEVKdGpSaXE8MmZu
RTxSJjhKa0xTYjRCXGdWT2NgPU9pOS5ASC9MSWc3cTtmTEA/L0lBUSdfVShBNDsxNkdBdTtyVWQ3
QkNBOygyLTgiPyhaUnJTU3FqT2ZnIyMtR0QiOlskITZTOSRAUCJOK2BgXUsoR209VnNmW1RtYT4p
LGtFXzlqPFUlXkNJVGRuPGszXipqcytjYnNDLkAvXDhSMjhqNVhoUlwtUSEhZTAqXCZLTWFhZlMh
ISIjVjBvR3FLRmpHKCY8Vk0mLUQ4b2M1TElrUTEmTUZEN29CN2QlZ2cvYV5EYk4oc1lNcjpoMSIp
UmhvWFpAaj06c2UwLSk5Q3FNOUJ1SV9kNDxQaVYzME5xR0ZMLlc2JCZgZ2AqRWIoY0k3bl9zLSxi
SENvSHJnTjVbNS0jJkZpM2c+U1RiQl9WJVMpSCZZPlt0aipXLGtcJCNPNSJvLjpLNTlmWjchZGkt
cUI2WWJNUDhMU0FuXUwxUyxBTyJCOlo5WGY9JVpbUGlbTmNpY0tZQFxKUm48TzM/bSpSWWZtNFxr
ST80Oi5Pay9PdT5gO2ZtJyUzbj5eXFZqZGguJXUuXExtVyslV1RXUzhrJVZDN2lSYldbOU1pWEFY
bzpYXDJbWVRCOWUmcVFjNnQvdV8ybkVTZGBtWT07LzwqJVBXPVtIcGUqQGAuXC1KLFN1XUFpU25Q
U041KSwmS0NKJ0Bqbk5YP0xgYXUjP2JqbzMiODNcPWZVWXIjKThaVikwTUEjck9hK0IzYUFpa0s5
VWEnVDdcMktRLC4sSlBgO1NvSVQ/JFFBLVw/LDdKRkppRDdRO0xDVS1IX0hrL2M6KjAocTk5Kzts
UCFoSTNyN0A2LklCcnFxZSgxay5LL0UoLko+PyRfbS1UI1JsJV0hOWhJWjsrKihmZ0kuIy1lVTpp
SS1dQDpBVW4uS046T0dRI1NWPWBNVnVCI1NLMkwuVSxLXGdXVUY6JlQ7L2chXzNyWTMyUC0nVTJf
OUo5UGAjTTcvSE83NiRoa1k1Q1M0Pi02VnNFQ19qJGxtWjNtQkpbSGNHXlZhYGx0akI6SzFpLjJ0
XkxLPW4iTyVcb3VwT0RPQEwyQU8wSGdbbWpvJk9aTUJDKHNxTC9iRDwyR09VZiMkK0JQUm5PVDN0
SiRPSm1CMlpcSDxCcmIyK2xcKVxwU0hhSUZlZGtNTTtSW2gwJStaJU11bk1HNyc3LHEwRkBmMUlO
ZyxrUkxqbTpfNFAxIWQ6QUFXQjxxTF1NbFdWWipXL3Q0IjomN1FSMl06NGw/QiNkQDIpIzYtMkYk
PSdTZ2UzZXVOWyYlMWdpUl0tZVVlWUE9bmk6LlZERzBUJSZlYWBsb1BxLEBGcGMwNUUkOChZZmhg
ZjdqPTBxI0lkaUBqcWY7aThmZlQ7MEZGMSJHTHRBWVwwcSx0UCcjMFQpYEw5K3VKI1xKIWZLU19E
TCRVL0Eia1hjUS87ZD5waj5xOi8xQGd0c15SNGU5MFRdXGlQXmonMVtSNFpWSWdNbiNcRjE6OTUy
aGJUVys7PlEkWTsvZT1qWDxhczZOXyJoIyE6WVRdZGRLNVUhV1xsODZVcFY4OXVTdEk/MUJPbT0k
OT8nNTBLbXJbPWw9cWw8MV5pJ0I5clxNZD9WMUdSZDNaSTwhO2leRFRNR15TJHVhT2Y9Q2RDX0os
ZFdLaUdlZ0xTRFRFdTc+NzNram9ZNUQ6PTM4XU1ubnMxbV8qaiRwbEhyQztmLkVrVCpeSUI3b2sw
ZjFsKWVUbXU6J3IsRmttOVIiOjc6dUQwSE1qM3UvVj85X2FpO2NFKWtwMzJlMnFqIjo/PDVNVHJg
P0M4aDRpaFNcaTgkbik/KyVhaWYtUkBfUWpuOlpHZ05dUWVKYlBdSCdkZFUzZFhsazcoYWRhKFYh
Oz4/czEqI29yZy44cjpwU1NlRS0jTy91X1ZmTmwlISEocGQpRl9rMGpwZT0xXyNuZTZbaipILVhJ
Y2hRanNRLSZFaWNzVzY6cm1jOnJgKVxNR2FnJnEzdGgtM1svWEQpWzA7LU4nPztgLGAtUT5DX1Us
OWFhLj88VUJrTyMyQydzWV5ZLVtxOkxOL25RVCUjXCRELk1KTHBfcTRmZi1GQGJPJyNzRGckdSJf
PSVoVklTW3AyMTxqZGZkVTxoKWFuSTkpXChoWEg0KVwnMGcvYVFRKDYpZCcyNU84RXEiQ0lVOV5y
WW1wbyhGRz48WiVXU0VAcCkvXiprY1kuaVRZWVpRW3VAcXJTOz9SWVgwYF5HLjxfQyVAWVZuamQ1
QjhTXjFPYFhLNzJpOGZPMDpYdD5oTilhUy4jXTVNISYrYENGT1wrISFXXiJkOlxdMD0nO0VyKCZl
Pl5VQ1F0Vi9nNz1uLlZgWFg8Nk1cNE8yKWo7XStnS3FqLj43IzVoRVZ0KV9eTiMqKlZsMTUnVzdF
OS5vSz50QE86VHRtZ1YsazdCb2tiUCpATFheRkRdTW1XVjBkbHBhaWMrdXQ/WT1LPCM/QT1IKVtG
Yi5gLFk2UlA1RUJpMiZPK14zKlE4K3BpNWZrcjU5PV1WP20iYkgjbFJwNVBDX1UtZExRNi0nTlQq
KVZLSVYvQl9ITz5lPTdSLFBGO1dcal1HP0s5OCxHRS1PMClxWVEmYFJeaV8wXENIL0U3WzEnVVE6
bmQzSDhEO29GJlhdcl4hJzJCKj1LWUtbVjxwIkw1JiFCXnJFMSxSK2dZYiQjOUprQC8nTzQvVS81
SmlsSjgkcyI9c1E0c0FUJ2xiPmxhcm5wcEFdVlVBdDtYYSxqMGZuW2M6Qi5OKUtMWS00RWBKa2k3
Vy4qITZvbmArRzcwTixpMTBvRiptbS5tLFonW19dRi8kYHNCPDRiUzYwVCpaM0BebC9fTCRdZ1pO
LlBqKTMrWzkuVzNyK1pbQSFmOTBUSmcrLjojOFM5bVBuXDQ+TWVXaVc/Jytpa29WQ1JNO0s/Wmhg
a3NnalJyRmFDZFxVT1Zmc04tbVZyWWJcZSw6Y3I1JSE3MCtnQFAnMmVDLC1PRzEjWD8lV25aYSww
S3RTRCxKOFxaaHBrSUVPYkJkLV82XlZvRSpPN11MXjdPISJtLVkxPC9bRCI9OCxGW0ItcV1hS0dG
YTFlNmdfWV85MEhQVkctaSlUWXV0USxoTiFUTE5UKU5GUyhyJXNZai9AayEtYylFRGhfKmghOydk
Ri4vNDk1LCRKWERDJTBkOy5SKChaYGtUNl0vZGUxNzxhRWFEXEFib0ojLFxJYihTZigsaDEhN1NM
L0ZuVWE1MEleXydsZlVCQmI4YXA2QyZxWjtHamRcUExySkRYQnBAMkgiZGozKCxMWlRsN21dUDQk
OS9jPlJyPCdPOTg9cD1ebWQ/OFVaKihBNnVOR2MxL1tUNThLcUJfPVxea0FhV004Xi9abigsPk1m
N0FLQEM4bVhgYFVqMHFNRllOMiJwaz1aKCc5LD4wOTQnKVlCS1BKJSo/QnNgPkpLTFNbVUhqcToi
cDFgRTVdJFc7SjNQOS9MPCxLY01vZjZsYW1Wa2VvMTkwVEhFa2dJTmAuSzkiPzRxQE1FLzlgLEc/
aWEvPmZqLi1kbEtHImskISY6RyZoXm8lKidyTG9iXiE1UDcpYl1TaD1iYmhpSj9rZTliM1suYmo9
OzdPJVRjQ09za2E5Mz5rRi5NV1NyNkhiIm1zYks/QU1JUyozcCsrZjQjSFktQVszaHA9WEFvZWJV
W0xvbmpHVlpQcyg9aVo2b1U9Xmg4aE9vNko5M2NGYzouKGpvXExcQzNkOFZwOmYtUClpXipoQVBW
R15wVjFNcWUuQzxNTHRLYkM2dTtOTT8+WGpScj9ATiY3biJvaz9oWT5wUl5OIyxBXitbOjUwSXF0
Q18pbG9TRjdQTiFYVDQqJ1wuPUNQMGM2T1gxQWBnWS1IT25AXVs0aDVrJ2QpaT0jZFpfUiVFZ3Be
RWBALzVHQjtlcnNFX01EPURBNHUuJlUkbiRUbFxIXiEhJl80Jmp0XUQhPEI7XyMqJVcsZE4qbEgq
VEdXQFA5ayU0cC1PWGkoZ1FPdGZmQy0qbUhSKGE3NkRaZSNTTFZLXUdSRUpraiwjNS5QSygsJCNN
KGNeZWNmb21vIj07JzkrMWg+cWtyJj4mXVgzU3Jhc3U1IydAXkpoJlY4Xj0sWUVMalM6VnFVbzR1
MzdnLCJXXmAtMFpQOVsiNlNzWlkjREpNbEojXzlYa0lqWD5PXXVaMzdXRy02RWZNLiZvPkxtMidN
Mzw3OigrYTsoNyguW1IiKmFvP0o4dFcpIWMyXVpET25dTGRGZypPX3ElYV9jJEF1P2JdSFNMSlwl
WkxlPiI1WE1iU0tHaCJOXidJZllmRE9naSEpKllRO1tDOl9bJGw8clRGaicySlFFLGE0R1duVVU9
JHJKdUNxNjNSJ0dFWHVVWSdDdC4yUnRRWENBIyxkWShERydbJ041JEJBPUNOa2cudUxEV0o5cyUj
dWxlUSo9TjV1NUxXbHFUTTcqWj4yYG5CWFQzVl4tIUZIZ1hJKU5Jbz4qTDUhJlRgR2NJT2pDVmIr
PFo2Uzk8aVdOYktVM1U5aXEwLmszRWtzQlZBLj8rayNiVmFfVF1kTkIuKCZLNDVcYj9ORzIqVl8z
R10yW3VOOVgya2M5NkovOlo9OF5SZjchPENLKzYpM0FRYyhWT2ZXamdDRl88aVlRU2lyZSonWjVX
WDI6K0JDNDdLIU1sSWo6UERBNVU+OytRSDhmU3RKQyYxMicuXiZQTzJCMTxsYlslODA+Ri0iLl1B
PDVFVyZ0QTVIalZga08sYFlhJzwwb0J0am8qJjw5QVFNU2I+Y0AoX1RYaG9gVGQmaTsxKFphakZn
PClWY1hfVDxNTnREWS5hITRbbURwL1BPKDc+VS8/bDhIZGZVTidfWTdKZTFWOEJYP2VcI2lDcCFQ
UzBEXmpoOkteZ251cS05V09hUShuQFY5PyEvaGVNRGFqMElXXl8hbidCTDNOajtNdWlSNkc+JToi
XzZzMlM5QStBTEVGPmVsXyZyLVE5ck03QUlzJTQnZkVKSVtSXiYoZSlSZyU3XWxzWVVmUHUhJi1z
a2k9UmFOIS5cc0cpVENqTT4kSW5VJihQYDJFKWgmJUwuSWtGTCdyaitjRmlnaytrcSRJTWNRZXE3
RU1sSFNCNUUsUyUjWzJhTyxGV21SJC5gJVRgc0ZwLTwwRjV0N1NCT11lZkEwTTpCR0EoYkYjaF5k
YCxaPiRVUlYkYmxsS0ModCJnYmZYWFI8MjdLayg0SDwsQmEnZGRQUSI+MmE6N0xXTC5aXzhKcSxZ
UENXbVwrOiFDUV1mOS9rWGhsXmItY3MsL2orbTZzLDYvQFpyNmUrZ2w8YTA9X1Y6LWwxOz9qcjI4
bWlqVHA5R2ImbWo3OFAqXk46V2lRaWtoMzgtLzUxQGxlQjVsYktDKjIxNmpkRmVUUDEoN2pqTVYj
cDgxQSEjVz5EL0lWRnE/blpeImQkMTNPZWgvOGRARmIxPEp1ZlNhZ08qLUVlTnJwWjpJLV1YSkdB
RytUTnJFKTJ1ISg1aTVIT2g6ZiEhJ1NiQyhxMF9CUGo8KylGKGBFWDBpX2tjJDFCXFFhSkZRO2FM
RU44XEc2YVVGOEpXSlRSNzYlOUhYX0NsOCVFNGw0NHQzQScvRFpibjM3JlRTKzgyJkMlaGFcYWZg
LzsqJl80ZkVCVD8wLF5iRWlmUChFdDBoOTc1Y3RLQkItKTFTOz1CNTF1WypHNkJzPGgmTTNqalpE
dTZKSiM3b2czMVl0TCstV2dOZmVNRWJEJjttT0IqOVJPY01pT3FdIzVEP2pgZDdeK2NwS1BuOTNt
QjlKVU5hQlhSV15XalkhIm1vSXBPZXVNZyEua2IyaStRPFhcJC0+OmhkZiRcR1xeanQ6OkUrU2pU
OT1VTCk+ZWJkamIxMCttPygmXj9RISdLcD5jQCMsMl5IMUIkMGQvNk0jSVhQOmdLQChXM2hZREE5
SFIyIzBnUmVRaTFVMTFdaiIqUXVKKSEtQWwsOVd1dWInWmlGYCVGRHNOaiI+W3RGTE1KSWYyPjA+
aUw7dFlqT29KVVJMMHFGOmQkSTdlR0NaPi0xV0s2KDs/OEtDZXJfK0d0VWE6cyRXUUFLJ1JSJlJg
cTVnVkV1QG5dUFNJNichbVgub0UzaFhXcGlUbG01KSkkTy0qbkwuK2JLPS5baTBOTXFlT3EmNy1W
JTtXc2woWXM6anQ4IT8sb2w/ZTVbaztQMWVoVXEnO1MuIlkqWWUicjtPS0ZTXEhEakUlZm1PUiIy
W2EzUEErbURIcmNuLl5xXnJ1VF9uRUI8UUMkSmxgdSN1NzgpaztwXixoZi1lXCFMKzs+Py5eJ3A6
cz1cay9cSzliRFBDZzJIamwiU1s4PW8mOS0lMjBBRm1EdUdVJHMqZztNKlZrZik2ZihraiwoWStg
YmgyMkFERCdxYUprb2E7bGI5WHM7J2FkWE8tRWsuQURhZ08yTydgKVVwRy8/XE9rajRHP2UmZ0tl
O0RtIidAXSUhKDE7bGkyaVYwOCxyWG4yRmBbWDpPKUEqIXRRRzg7cFU+XC0hWChkJis6SEIzTDk0
XTlNOFk0ND8hJmc3YiZtby8zLmhNa2c8bjw+PXVwLydIMjVVZls2SEFHO2lALlJCSDheUkE4PlQ4
IVl0InFfRVEubXQ+aE1vM1g0akRuRSk4R3VPbWQlYVZFI1FxT3BMWnUqdVBQbFdhbipSOWJScEJI
ZTBLLj1LbyonSldHXmxOYVQnIidvNDk2InVKSGY5TEVYTE1ZZEZvOjBCamNYSDBybT5tYzgnVyl1
M2FtSnNDaE46amlCUHJxbnF0YVJEYllLQV5YKFNZKFtVXFRqZWtvNyZlXkNrUDdlUGdATnIjUmg6
IjcwSnQ1VC1TWzdGZVhmSzwyWWRxZy5sPzJhQ3FWbnJkIzJea1ZDYGgqaTVNb0o+Ky9SO2QnMTBo
Tj1mYTopXCh1NCJxLiVtPFZhMGJuSiI7KWUyIiRkPk5ePiVhN1U+clYiImRBXyRATUYxXEw3Kjcn
LUhpLHFPN0UtSDE0Ki8lcEclb2ZbNTMkSTc9OVYvMyMhc3MyZ0hdWCJWZlFeJ0tMRDtQLUhWQD5h
SEIqJ1otPGZlIUYvOnI5XWg2KStmRSFXWlA4JGxhbnQtZWxMKkBvJz4pVGdCMTY8RHRjNEpDN0d0
PixkZl5ucCE9JUo/WiJOKDU5bEEpMl9HJ204VG81bz8iKzFuXUo6J1dvbXNNTTwxbTpYZjwvOidY
dXUhSF4+TTI8KXRhVilxaDlVVXBcQVdUPzBvJGFKYm9fUzs7IkI5TjkuYCoscldMVWs0OyM5IVQo
NzY5KG9ZZWFsRCpOZEc9TFtUNGlwcDlMPihbUEZqXzpvS0BsbVpQZyFyTnVSRlYtRVwzPnJvOT9p
UXFkP28uWyo2cXJTTF1YLWQsTWsxQClobGJeXD8raWxQdWFLJ25oYkEoVVVlKXFiNFgoODgtUHJF
JFk8UUhPWDc/bkNlPXJDckhQbWRUJTlAYDhjSGZeaFQ9Nz1xVklIZWhhKysjcHBVI0M2dEZpZGRc
P0dDZE8lVUhfbW4oLVQxUmhsTlA8W0pwW0NqVGZvK3JrU19RKm40WlBUViZxb3NcdCdlIVFLNy91
XW5QMTQ8JGptND1xaG9gYkM9Y15TLSRIVW5BQUdVM1k0UTJpZE8nTDQwYDdObHVCVWE7LDNOYVVi
QWpQZFBOZiMxbm9jP2xuSFxcK1wjcG4vaypPKmksXjpSNShlLUQoXGA0KkJdOFlsZDEsV2Qrbito
NStmQl8scDZNZjNXamBcZkgpK1QubyklYVkmU0RDSlZ0Y0M9J05rUXU/VjQqQyZib2slMmUjLzNp
ZjYkIStjUHImdCsqImZdL19pMSooNV5vSW0maXFdQSc3ZmglJTUoM05gNjBaZ28kT1I8aEheIj9U
aThgdUIoYU4tWzdrIjE3aW9DKy9iIyE3UTZ1JCdkITw9YnAwVCwkKE11aXRaXmU3IyFmalAuVyE8
Q0o+cF9bMzshaSgiM15hSzBfITUnUWtRdWpFPiE8Q0tpVUc5MV0iQGhvREpQY0NJIS1oKVYxRW1O
JiE8Q0lTTjhqWDhVQXQ4b248L20+aGVhMjYhJ2kxa01XWU0vIVdXNTk5MSQnP1ksQSloQUo1KDVk
Sy0rZnJrS29eISEnWVdBSChlRUxJJUwzITNbTSFNV1lNLyFXVzU5OTEiQiEtUEJBVFozXk1VbCR1
Vm5JcGByaiEhJD08SydNYE1RSi5bIiE1TTdKVVg/TFMiQGhvREpQY0NJIS1oKilZSTZHTFs0ZSFM
Sjx1OWRVTUxBRk44ZiphVUF0OG9uPDJeOEMxVkwlP1Qlb2IwLSlhKGs3PExRISEnZ1g2TjRyYjta
IWErIS1tYVk7Kjk+OSdFQSs1PzVCaWtcc3FFPzlgVnQlI0U3WzwiLz5ociE6WzpVSWYsMlReMipp
Tj85MkkuY1E8dS0hISVQOUtuLiIrJjJZPStUVF9rakQ9JVJlaWN0VSMhISEjZ1o0UENbJHByX00h
LUFoWFVObDRCLWlhNUldSVgyNUchJTRdWUY+TkJRXTgzXVtlOWVtbk47QSIhISEiRD1uKG0pJjQq
VychJzVbLjRGXmBRISEhIiooQiElRE00aU4lITFlY1BcJFs7M01XWTspIVdXNTliQ1haLTlhSTBz
ITc0PGkwTytEVFVOaUJHLWlhNUldSWBpbFxiXiNUP1QudWMwLGtGMSdbSWQ6IlRTT1FRTmEiPUlt
ZzEtRlY9Y0VaMnBfRnJrS29eISEnWV9HU2FRcVFKMHFiITVRYl5OOGpZc3IsWlVbKnJsOUAhLFp1
QlNmWD9TZjFjN1xiNkVwYiJnQjg7MCtTJF8hLltQT0sjY1k/bUU2Z1ZpKzMhW25IL0o1W0JDKUAh
ISVPPXIhLVAmbUU2Z1ZpKzpzLTpnPE1sVU5pcG06W1E9LSEhISJsUTBxLysmbjU8WlhpL2tLTlks
WE5bYDhdbWdOWzxUXytKMEdQKktQcy45N3VsZlxUQEgjZU1INzVrREFNLWhENTVdZyskMEpnQUVM
bEMtOnFQWzswWE1WISY+NEdQSGc4OU4jPVlyK25iRjV0Km0pNiYlLHpbKmlQZGFOYT4+L21QdTBp
VlxCO2tIMTc5R09EUipjTzcwXyhHOSItRlFyPzIucCZxMVlTKSFKazA3LD5EcjgpRUhMTGszIzdo
bj8kayVDcipaazs/MStHJTcxPEtnc15JU1RqKyVMdWdzME0rZGtZW15pcyRtVDo0S3AuQSRbWUVg
ciREOFhoPGUnLWAkOEtMRSpMMGIpbixjbi9IIzEuQS9sb2RqQFBUMmQpUWBaRDBwdEA5PSw8MThC
PG1aJkxING0vSz0icTVEYWpbakBPSWM7XD9XQWBBMkcjZjJEbC5QKVEhZGxxQnI+bSoqR3JYSEky
byhbby9KU1wtJGxtYG0qJy40NjxlI21sNFM9ZTFWOGAubV1CQC08ckJHXD80cGBLPVdOcyFCXXQm
b3BvIWBPOHRQSzEnPmw4WSQ6PVAvOVcvOys2XEVILmAmR2ZtbSNCczZwZEEwNHM8X2dNRTUpJ1ty
bVVtU0x0WlZCJWxJMHNlM3EhbWNsIz4/K0djV3JpPiUhMixTcTZQaD5CMnQrZVpJZW4nYE8kQ287
YlpqUyNOPE1OdT5kU2InVTthbkhxV2kmbXM3bDJoNVE9b3FDdFxAb3MvXUo5cVZRZVNZNTwvOSJ0
UTAkRHFWRj1nVTp0UkdEUFZAXFJXXFJENzRwcFtWanAsSC9rY10pYEZkKV5dKHVqbGRpNEVbcjBI
WjIvQ2hBXTRTMjxuJFFyNFlIQGksaG0hKUVQMjQsUFJsPjlCWyFDdFxDTUs8cVkyJy8rcD9eSkVh
N19hcFhSKkZxQjE7VGYhc2VQZ1tCYUg+bVRpazo+KVY5VTl0Y2dyQV1zNDE8aWNPP3JRRT9MWF1y
ODtocWMicGEzSXUhTixANk5GI1w6Km42dChkLEtCcUkrJFhjKVVtNGsrJCtCanUtK2wzV2lsKEFe
UFR0c2NNJTFUMkVxJUdsSypNcTZJdG5MVVoiQS4+YTpbL2phL2g6WFJAUUJlazNQKmBZWyttZXB0
RmgmKFRtXT8vbWMyKG89Pj1tY15oSWFrLVBUJmUuWDJ1a1sycC06N2pea2BrKCVmMHJxQSxZJCZh
NHFAMkc0PHEzTF9UNksudXJbMCNhaFZDOSZuKGJJJWxkZFlXLmMuW2FoPjZVKmVaMl9yXVI5T1xt
PTBmTFlvVnNxZ01wTilySFpNZlFlL0JHXWxzQGM8QTpRPk0uKS1CYklWb2ReLD42UiVqImpRWmk4
O0xIYV0qPmprUlJ1YkkyJVNMYyVLPjolSCZCQ2NVOG9ncUEndDorM0FJQ1sxZC0iVzdfcTZrL1hq
OWRNIy43QSNPR0JybEkzQGsqT2tZN2cyT2dJOl0nQSVQL24oMW0scFNTME5MWG9CQFtYVCpzJSI/
ai4vbjsuJlU6J0h0ckE0b1crMTZzdGZjMEhALEFFdFRmKl5dZUYuUSw8WGdObD5LYy90Tl8lcTUp
RGQ/VWlBTiJWL2hxWDk5S09RYFNzZUVhMXMtUSZFKWRxZz5fMWJAI3RNNypsQTR1dTJCOFlTUjlG
I0gmNGolMCU2Wmt1NyxhT0crPD8zUnU+cVokVHIhISV1bVc4RzxWbE9WXldEcjdeN102OCZHWnUr
UktxRkNEbW01b0ZSZlYtMlFTXCciM2d1WyJmPytZOldyLzoiIV03NFBWWC5JIk5wWl5HQXMjMSNh
JTNAV0ZkI2FxZ0xDVWRLRWc0QVxPZVlDLCpdN3VWbjwpOk8yTU1ZXTEyLCVNITxeKDNrKnU/dXF0
QkYvW3I3bnFJSldUQEFeUkRvVDBAXSNwJDopMXMrI1kmWFQsQyElM0A5SFFvMy1tT15na0EpRWk5
MWZRI0xCLTs5cGhFUGRCY1A6Jy5yMWlfTk5hVD5Db0ohMjRBXkYpYVsxMmNIZzBpaXRVN3AkLUA3
WitbQERlOCxkLyhQcGMyTEwwc1VuXkdAKSltI1cvX1FyQTtsNHEoRm8lJTcxVGdcKnBcaDJIWlku
T080X04nMVxOZyFHcFA0JWNJW0RZYEBKZUNFRHBHSGFbO1ZwLDxGMHFqVCl1PFM9MUdQbis8WUcj
ZnQ/W1dQWjhFWmBOVF9OUUlbNlQ+Ty5HUVIzbiwkJjFaNDZLa15jb1sqJVssZVszZlYuJzklImwj
XDg5LT9iWCFdVTlULURaNTphSVhnTmUvbEg4TjhMP0w/cTtjaEhIMSN0J3E0P0psOVEnRkMsS0dr
W08tcj0xR0JgZi86KzttO1gwV0kqU2FVX0I3OUU/MCYrOlYrbUhxO2xJSkRkI2RzWSciWlFGZ0Ai
K3U0LktAJSFhK2VJa1BHcWgtdElMc0NOXDpLXmVUKSM+Il5ScCt1IWAjPUxKV3U/NmVDQ05zVmJZ
LDFsJGQ6KEkjJlVcTCUvRmUpblMzcjNCOHJTJTpkImJwLCRzRWpQaiwya3BrYjNIPjdKQEVkVlxO
bSQhPkQwM2Y+N2BBb11qOGdvZDsjI1deXiE6LUZYRWInQ3RaUyNMcSNkKGFlSCMua1VAV0lvYDhA
UEJONjNoR2FKLmIzKWtcaURfZGl1IUA+YV8xUFJbVFYyUy9gSyNOKSEmQT9sX0VDZ21HZkI0LlZl
VTZranE+ZzMhVUk3TVlrQWYoVG9tOkpDPTttSTssVGo7aipzJ1RoLlBSLGxMRl5UXjxVL0pgZS5h
OFBCQT9lbzguYyd1MVNCNV81QG1CPTg6XkFWKF1UQHMpL01GPmw7Im5naktHQipBJG9ZbiJIRHBg
NmQsN1JBMyxJXztTLUxdX1VlNlE1VGgmZGJiUGY9Zy8/cD4iJlsvNzU8XE4ncDFjXyMxTFwlZzU1
Xzh1Jl5pOW9GXVJtQUlgVD4kKCtkUVo0LDRSVmN0VitDTi5odT05YHFJZE40cidAL1BvRTJmaFM8
TVR0K0dTWVpZNGsyaScnOjdqLVt1YChqNFxrPktlLFBJJ1t0PEE3Z10sVU5SN1VDOm9XLDQvP11j
OG8lbFRcSS1rWUpFYlI/S05DS1tnRyZULV1IK0o/SUhNYWY7cDBSLlJLYStWJV46byYzIiRnNmo6
c2NlSGk2XnR0bkUzQTJBN1NaaHFXUi5xXEc1am9cRy1MUEUsNzNTLFVPa3IxbW51LEJnXVBUYCkv
QV1FSC82PDEiIzpmUUQnLjc2cSsoNS5NPy9FZDhAdUM3M3BHLCw7RDItM0AtTnQ3ciRhSU9JIUk0
NFslJ2ZAOk5JWmNhOzNfalEpUGlVbmplU09DMXQ/VFZSc0JSLyM9JGZKbkpiIURBRTFBJE1tNjte
LDdNK2YhSzdka2BhOFphKm9ZYWlWZk5jLT1HWGNTKm9SJDQ+RSNDYXB1SC5nT0R1XVxNbD9YTlpW
M1hOWDQ6MjVJK1IkSignVydVRlUiTjZKQD5PSURgMlBEZEEyOXErKFtmaHRkSz5bMTAxPGBXNy0/
PSdtUj42WClpJmU1L1QuQDcqajxhSmc1N15lVkknR2tXPlpDKlQyJlhKY01RXzExRUkkUnBWZzZj
JkM7TXItMGIsWGE8cVJYOSolPzMnV1ZDI2wpMD5JLmJuNTpjJFs9WF4xUUtGYCI/ZWomNV10VXFg
N15hcycwLllraVs6Q2QrWm9DXypXckkzPWInSG85LyQ1aFNZLFxKJ1gvZy49TkI6SiVnImIqLGdr
bFAvMUk5ZGBoPGpVc240aVVuaSJiVjNkYk0zTjdxM2ReJ0thbGFrSzY3RiJ0WydaXFtgUyhkOFhK
aEsoZSM7PVQ3VCRZZ3BGNmhxNURWcnJLXFJOMFNGMGtWLCJCayI5SlJnaTwqQGZdKWxocDphOWxg
RUtRb2Nebz1IXlBDRDpiPyYlQGNGc0RYcERuV1tOOlA0XEZOS09RLSoiZ0Q4ImNdTG4zSipjS2VF
LURHU2U2bmNFQXRvPHVsNHE3MVVHIUUiRSdbbFU+K0dwKWVzWksjOFVJXlRGbTthOlVnXl5OXSRI
bipwb2BTOkhabExAdDY0U2M3aXMpNW5mZDtEZy9ORi0mbD4jQFtQZ2A6PFNLaHM5TlhNZnJOKUM5
clRARmhwcSJDTm4pWiE4V0AhNjhTTjhxakBdYCojcCI7KUJKcFNVVmZHRCxOZ01VRk1ULGw2UC4r
I01rQl5aNTVYVDpCLlU5UUYlUj9iWzNDTnEvcSFlKF1LRktLT0I2K1JQZUVLUUNZKGUpbmJrcTo6
XzlQPlM+cHRqXktfXDo3XGVARVNpbWsnP1twP2pZZExmQTdkTS9ebUhrbzZTWGM0OTA0LT5rWmgn
JWguaCFxWjFyUnFwZUhOJFpXPUNmMiE8XixSQipKLm4kTStFXlZWcjtnKTdbVyhgUlZJamlUQFNr
Yy8lMl1GWV5hSjFJYidWWTIjJiZAKGdCcTcpS0A0ODYhblolJSlXJSZUMEV0UC5TPTJuLHM6TzBl
KSRKUkldbDZOdFlwPmEqXDk/amxQSUNFZjxtNkVmQC5qSVcmOnVZMlRacCFzRXNzMT4wam8+OVxL
MEI+Z0VzKClSVW0vaGg1Yko/I2BYcDQzNlZyJVNqWGVvNSw7MDdrSiMtazRHSVMkZkJsbldkTV41
Ym5QZUtuUDI3TDUhUEFXK2YsVkBUKFdOa2I8QCo9Jz9DWCk9YClWPUBkQ00mQlk3ZW9fOCllbE5e
TjY+QC4udFhnbUU7SDxGV1BFKEVOPTg4J0VaMS1AWmNabmFDb1xac2NlQixoKFImPGwuUXBnWlxw
ayhlX0dpRiRxP1YlRjpKOmRVIjFkOFdeJFRMbUBsXGQrbUFDJS9IJiNbQ0QyKDpCNCUva2A/JjFM
UVpuJjUhVTpgbGpbakVgRiUnIkJdUD44bERCb18+Y0UqXyJOa1giY15hT0FsPyhqLFhwMClJbUNV
QyFmWj0pQTdwYGE7QjhtUjw+PkckNyNPYzM4UTVKUThUYmEtYjplTjAoO25DcUwjbURHPUNZP0JG
VWI6T0tvT1dnWCYyc0swWFN0MGRDQTIxYyVZZGlXKy5hLWFhbz0hTXAwP1xcVjY0a1JGLmpvPmJR
ZmJNSD0iXCNPOlhAR3U3akk8RTc8KSlEaj1tYTZwMV5NTWdzM25ROG9yMjNcdVtXLiRnQmZbOD91
OEJITUIyKydCbj4/XTkkXGtARWo9J0wlK1kkRGFqUUJwK1FBdV02YzlDMS4oVjonJDYpTkA1WEom
NjgiQGUyIWFENGJvaEJsIXI3NCQtWFNHNE5JKT9sZjgjX1BOdVxcVzs3TlY+QTUrPUJITmovQVpN
XGJbbSohImQuIXBzISY6Ki81YEgqZllMRigxN09hJzJqJD5mYEJYaFBYWjROLEhQQ21VPChYVFAp
Myw2ZDckTTleKiUvY1NfKz8sIltUSy4tVi1rIy9VSSlPRmAoX0NJbCJZMzBYMFgibT1vbEFkTEZB
R20+LEZVXS0qTD8hIUhrKXViKVRHMEFaM3NEKEUjLzZjLik6bS9dZThVTGJqc14pSGVGTSckOkcq
b3NNSGxLOj4wWXF1YWtQV0tAM1w4ckIoaWdEVi9QOlYlbmYnZydqXCVJLEFqMz5RJTkqTlRHbGJW
KFEvX28nQWQwJi8jOzklY1VxUU5uVW8jNk1sLjRrVD9pPkgqVCddI04+NFY+NzYpKTQmLUlaVyxa
Ok9QaDZJR3FPNHErQWE1SV1ATiYjRClKMEBhNHBEPXMkZ11aKU5ANF1kOmlPIi8xbFBkclBkcytu
RTZGKVthaT4oXEhqLkRhKnNwVGwqQTRRYSshUUdrQEYxJidCYl1HQUFYUW5YKzJXPWs5Wicma0hJ
NTBUVCsrJl5XO1FLQiZVKSRcaHBWNyYnNmtLQ0ZObzFUMyNdYUpWa0FrbF8zTz1SJTlGTVoiUWIz
OG9jTDBnWStkYzVIW0pOZDpiP1ROQ0tcakJKXldlN1xlQEUxYEQ/Q1VYPGEzKU5ANF1kNiYqPyRc
dXJbLTN+PmVuZHN0cmVhbQplbmRvYmoKNyAwIG9iago8PAovQmFzZUZvbnQgL0hlbHZldGljYS1C
b2xkIC9FbmNvZGluZyAvV2luQW5zaUVuY29kaW5nIC9OYW1lIC9GMiAvU3VidHlwZSAvVHlwZTEg
L1R5cGUgL0ZvbnQKPj4KZW5kb2JqCjggMCBvYmoKPDwKL0EgPDwKL1MgL1VSSSAvVHlwZSAvQWN0
aW9uIC9VUkkgKG1haWx0bzpncmVnLnZpbGxlZ2FzQGdtYWlsLmNvbSkKPj4gL0JvcmRlciBbIDAg
MCAwIF0gL1JlY3QgWyA0MiA1OTIuMjY2MiAxNDIuNjU2IDYwMy4yNjYyIF0gL1N1YnR5cGUgL0xp
bmsgL1R5cGUgL0Fubm90Cj4+CmVuZG9iago5IDAgb2JqCjw8Ci9Bbm5vdHMgWyA4IDAgUiBdIC9D
b250ZW50cyAxNCAwIFIgL01lZGlhQm94IFsgMCAwIDYxMiA3OTIgXSAvUGFyZW50IDEzIDAgUiAv
UmVzb3VyY2VzIDw8Ci9Gb250IDEgMCBSIC9Qcm9jU2V0IFsgL1BERiAvVGV4dCAvSW1hZ2VCIC9J
bWFnZUMgL0ltYWdlSSBdIC9YT2JqZWN0IDw8Ci9Gb3JtWG9iLjI4MzJiMDcxMzFlZjU2YTVkNjY3
Y2YzZWQ5OWM4OGQ1IDUgMCBSIC9Gb3JtWG9iLmJhOGQzMWY5MTNiOWNkZjJkMTE4N2YwZjg5NDRm
MTM4IDMgMCBSCj4+Cj4+IC9Sb3RhdGUgMCAKICAvVHJhbnMgPDwKCj4+IC9UeXBlIC9QYWdlCj4+
CmVuZG9iagoxMCAwIG9iago8PAovQ29udGVudHMgMTUgMCBSIC9NZWRpYUJveCBbIDAgMCA2MTIg
NzkyIF0gL1BhcmVudCAxMyAwIFIgL1Jlc291cmNlcyA8PAovRm9udCAxIDAgUiAvUHJvY1NldCBb
IC9QREYgL1RleHQgL0ltYWdlQiAvSW1hZ2VDIC9JbWFnZUkgXSAvWE9iamVjdCA8PAovRm9ybVhv
Yi5iYThkMzFmOTEzYjljZGYyZDExODdmMGY4OTQ0ZjEzOCAzIDAgUgo+Pgo+PiAvUm90YXRlIDAg
L1RyYW5zIDw8Cgo+PiAKICAvVHlwZSAvUGFnZQo+PgplbmRvYmoKMTEgMCBvYmoKPDwKL1BhZ2VN
b2RlIC9Vc2VOb25lIC9QYWdlcyAxMyAwIFIgL1R5cGUgL0NhdGFsb2cKPj4KZW5kb2JqCjEyIDAg
b2JqCjw8Ci9BdXRob3IgKFwoYW5vbnltb3VzXCkpIC9DcmVhdGlvbkRhdGUgKEQ6MjAyNjAzMDQx
MzQ2MDcrMDgnMDAnKSAvQ3JlYXRvciAoXCh1bnNwZWNpZmllZFwpKSAvS2V5d29yZHMgKCkgL01v
ZERhdGUgKEQ6MjAyNjAzMDQxMzQ2MDcrMDgnMDAnKSAvUHJvZHVjZXIgKFJlcG9ydExhYiBQREYg
TGlicmFyeSAtIFwob3BlbnNvdXJjZVwpKSAKICAvU3ViamVjdCAoXCh1bnNwZWNpZmllZFwpKSAv
VGl0bGUgKFwoYW5vbnltb3VzXCkpIC9UcmFwcGVkIC9GYWxzZQo+PgplbmRvYmoKMTMgMCBvYmoK
PDwKL0NvdW50IDIgL0tpZHMgWyA5IDAgUiAxMCAwIFIgXSAvVHlwZSAvUGFnZXMKPj4KZW5kb2Jq
CjE0IDAgb2JqCjw8Ci9GaWx0ZXIgWyAvQVNDSUk4NURlY29kZSAvRmxhdGVEZWNvZGUgXSAvTGVu
Z3RoIDE5NzAKPj4Kc3RyZWFtCkdhdTBEZ04pOjUmOk1sK29aTSwsO28rVERwSDEjPS1HcmRhS0so
ZCI8VilzOzFAYDohLCtIZ0dwWTMhaVIjQVkvV1hZNF08X0lrcDduNkg5J0Y5LyRuXmlbInFDWiQk
VkVlLiMiLyo2Iks2bXRucFlsb1BMLypWRygvXTFSKVxiK0JXMTgkTm9mM2NXaHMkP3FgLCZlVUpP
P2dtYTdCRGBWcHItViclaTVJIz84JWcza2AmRGNnKGE/Ii8/Q1VGcWkxZThHJzhYMG85P1BnRzc/
UkQpIyFvO2tKazcyOUgkPUE7NSNrUTU9NWlHOSJyO0lIKGwrPTI/YCYpI0dZdFkvLUlfQFhgbCVk
IyZnPSw7K2RsJD05WkFWKS4tNE43MVNcJU5qSy9DKGVTZCE6RVglNT4mZCYsTEVSYT9yV2toPyh1
SXVoV2VFJylJSD1rY1U1RmlQY0htPl5sQDhucF9IPTJUPGtVViNjYlFTOF9sXHRaXmA/KiouJVBh
JHJYP0Q3M1VyQW1tQSgwKTQkOC4sQW1EaExTIVtZTl1cYi9DUyhOb2EiMy9gMDknMkBYQD9KNmsq
YGZuayJOUVguJ0UhKmNYTUBWTUpvTVNwYz5ENW4lX2dxaWcrTnVxQmVQWTokQEVKN1BVQlIoYVYw
WSQtVTRDQDhYOzpXQDQ+akpMLypdMD1WOjVpYy0lXkkxVWUyYmg1cEpvMz5DUmU2ZE5JIyhKdFpg
RVZRcjlfUS9SNHI5UlQvJ09Wb18qamw2T1plSS1AI0lHbC1AKmghXUZucCsmODtQazlTRFhjSy51
aF49WTxiMkxiaDdoanFZYFpLXWo+JDFRM1BTK143LkxAMUZHaV5GbiFKTF9rWUJeYWBVcyk0S0tl
Yj5AWzA5NTNLaFs/J206YS5AMiFxLEwsLy1DUCNEZWA5TyErJzFTQCkyOWBwIjFsdU1DXjw1NU80
Uz8ra2ItcipYUXRDLGRzO0xxbGhEbmQ8MU5OVDpsU1lMblhKX3IzMjZuXzUzOWosW0wzPS4zajk7
c1wnYUA3ZCRhVD4vclVuQHFTViFAUzhRVCM1YTNNMjRXUC9yNE5mSz1SJ1hwLWoxcEI3aVBUJV1S
XyM5OVxBR0JaNDkvSGIxWFUhcnBbMTdNWVNKZExmT25YT2VZL3NYWE4qJSZFJm5wSUwsRWohby0n
byhjQCE7V1VjV1JDW3NPS0ckYDdnMzdrJWFkLk9xazBtPSI7W0RMOz8wbUFOS2xJRGQmNDNaNzhb
ZWImZVw9KGs5TWhLPjo8NkwpJ0NiQC1ZLGskdSU8Y2wnISNVV1pPX0I9T0lcUjAoJklLSUVZbE5b
bEZHSXNFW2BKJFQsNFZgTHVPXUlHVlsvRWJRImUxdSNBSzJLJkw0XyNlO0lFSm9UYWpGVWU7aXV1
MUYiU08tZDhrJ18wZkQrQFBlPFwkakZMWytEOGlyLVY3OT0rSUhoImonXU4ncz4hWSZIbFhZM1Qi
ODpoYEJBMiU6PXBGTDNJdCtXQWNZaTcyZkItaClNb3U4QyZOZ2JVR1wqK2ZmXCNHaE5FVmVeazJO
TEVwMGpgX1pkJiYhTVRdJFg8XSlCcGZyUWFUIlciOzI+RG89WlFELk1iRk03NkcyVjQ3bFJoQDEm
IU5QOzY2UWhZRio7ITxSbGhLT3NWXW5sNjdEKFA2KyhibmxFQklIZVZLOXE5blxjR3NDLmhGcj4z
L1JxUSMqYDksNGNWXUQ5RGU4XihGTiY6JFJYcVVAW20scyNNLiRtal0wJWwmQlY5bjlzQUhSNjI3
VVA4UmJJWzYqSmBGSzNvVjVbaGRiNWZuTCQybU8hM1RvaioxOGVkVk0zMFFwS1EhNGFIYCItRW9S
LWpLTDVNMm5FZTAnKkJaJjFyRy1lQ3NoSlhMSSVBSGdyJl1eRXInKWlJJClROlcsZTBZWmc8UlJG
ND1iWjVNWXFXWC1LPFcpblwqckVTSW1gKUNBbkNhaFAxLFpuVjooREhfWVVZTCgsNTYjOChtRFhX
TGhTZy0kMlREQDtMJE1pRWtrKE43MD5iOGUmZFhdWjRbSk1DcTIwU11KS3BdJlRdJGVQWylxSCxF
aTlCZzguKWRIRWVkKy88bUE0YitKMklTM0woW0dIZSk1MFMra1BjJjhnaWIoNStGSFY0VygjOFg0
OCJCWlomJHFlU19POVdbZz5bRUNEU1I9O2kvVTxnQk47IlM1cXQ1STAhblRRVE1SZSFNLS8iYDBV
YDxELXAyWTczUXFedDFmPkhXXTFqNFlcRURLVT9SKmNCalpZQjReIlwwRGBRWFVmQSs9VkVrSk9O
XC1iKVY6by9CbyUoImNkaWE6Ok5rP1Qtbj1EP0QmRDlGLz4+c089UDkjXkJSZW5gQV0vYkZtZGxp
bmRMLik/ZjtiSCJLJ04/XG50LUBqQ0JTbGZeT2xZJ3IhTGNBXSklVlctQixxWScuUWlpPm5YcCYt
YiItVE9ebkszUltEbDZPPnNUOSNaXzxPNSxtcGVER2spNEMkckY4WDVsVVl1XFVNV0tfbE8lR0pv
VEh0Tk1JLlVUVCFsL1lwRFlgZG5HRkNFPFtTaj1VRE9mTWQ8bFc2L1FyIVAocm0rMn4+ZW5kc3Ry
ZWFtCmVuZG9iagoxNSAwIG9iago8PAovRmlsdGVyIFsgL0FTQ0lJODVEZWNvZGUgL0ZsYXRlRGVj
b2RlIF0gL0xlbmd0aCA2NTYKPj4Kc3RyZWFtCkdhdCVfP1oyRGYnWkp1KidfZF9gRDFbPy5CNV8i
YDUjIzRtVFBZNCUtM2wwPiltUDVTbC1gQUJDUFQ8c2ctYzhhK1c5JXRyLGYqZCtKPDMzPkFhRiko
LDNAM15kOUdhQC4/KC5pWDosZF1JaFlyJWMiV1BSKVVcSzFQY1pPRysxRyY8STQ3OFhlbVY/PD11
OVEoOVIvNVdsJ18hLz9PT2NiTiQqRTskTllXRz5HWD5mT3U3W09ASGJxZm0zbUteJVI4NjRiNDNm
YF4vXkhNLTImJiNEMT5qRG5uM2JeZzdLPiNJMSVka2I2Sio7YSMnWDYncWpLLSM2QU8xa04zUm0i
Kj1lKlk5Nz9pVWMyOGNzUFMlaE5OT3JLOTJhSkttR2UyaVxxUz9DXXByUF9zQ2sjXSwjW1E7Ik1H
QDJzQFFQSzxOaj9gXU4yOm5USk1xLjhDIlQ+UF5vKi9naXBbPyYvJTs0PypraWRZaVlsTj5nTm5M
IV08MFI3YEA4V2U6c1Y7TTUwT1U2XG0tTlNvVUVlL0JidEFMQHA/JTFOMlxYPD4lamxUO01rRy4/
QDQxdTJOMDFJdERWRTtaJl9qdWRvNiU8bzthQiwkQHJxWm5PIjRMJGA8ZEV0V0ljYy8hRkInZGtA
LEdaK29CbSpcP2U2RSZQak9BW01JLDs8PFU2ZlxFTmVmNHNxN1BucUYnPT5PND5sNU1KZSRRaFlc
XipgbCNcSiRNdUNjQzM0K1NxcjIibmwkRypGRiY4VEQ0VEZobW85WS9lQSlRWjNwJTUnJFJlX3Im
VW4kISRsbXMmVjZlQmxaVj4uaVMsTFZZZj5NYW5cNl9iT107Zz4lSyleJmwmbiJsO0o8Lm8vUH4+
ZW5kc3RyZWFtCmVuZG9iagp4cmVmCjAgMTYKMDAwMDAwMDAwMCA2NTUzNSBmIAowMDAwMDAwMDYx
IDAwMDAwIG4gCjAwMDAwMDAxMDIgMDAwMDAgbiAKMDAwMDAwMDIwOSAwMDAwMCBuIAowMDAwMTQw
MDUxIDAwMDAwIG4gCjAwMDAxNDE3NTcgMDAwMDAgbiAKMDAwMDI3NzY4MCAwMDAwMCBuIAowMDAw
MzQzNjIwIDAwMDAwIG4gCjAwMDAzNDM3MzIgMDAwMDAgbiAKMDAwMDM0MzkwNyAwMDAwMCBuIAow
MDAwMzQ0MjMxIDAwMDAwIG4gCjAwMDAzNDQ0OTAgMDAwMDAgbiAKMDAwMDM0NDU2MCAwMDAwMCBu
IAowMDAwMzQ0ODQxIDAwMDAwIG4gCjAwMDAzNDQ5MDggMDAwMDAgbiAKMDAwMDM0Njk3MCAwMDAw
MCBuIAp0cmFpbGVyCjw8Ci9JRCAKWzwyYTc4ZmU2MzVkYzJiZWM1MTQxZjcwMzM4NjQ3ZmMwND48
MmE3OGZlNjM1ZGMyYmVjNTE0MWY3MDMzODY0N2ZjMDQ+XQolIFJlcG9ydExhYiBnZW5lcmF0ZWQg
UERGIGRvY3VtZW50IC0tIGRpZ2VzdCAob3BlbnNvdXJjZSkKCi9JbmZvIDEyIDAgUgovUm9vdCAx
MSAwIFIKL1NpemUgMTYKPj4Kc3RhcnR4cmVmCjM0NzcxNwolJUVPRgo=

--===============2493484525366630322==--

-------------------------------------------------------------------------------
